"Material","Valuation Area","Standard price","Price unit",
"61","1010","0","1",
"62","1010","0","1",
"63","1010","0","1",
"64","1010","0","1",
"65","1010","0","1",
"66","1010","0","1",
"67","1010","0","1",
"68","1010","0","1",
"69","1010","0","1",
"70","1010","0","1",
"71","1010","0","1",
"72","1010","0","1",
"73","1010","0","1",
"74","1010","0","1",
"75","1010","0","1",
"76","1010","0","1",
"77","1010","0","1",
"78","1010","0","1",
"79","1010","0","1",
"80","1010","0","1",
"81","1010","0","1",
"82","1010","0","1",
"83","1010","0","1",
"84","1010","0","1",
"85","1010","0","1",
"86","1010","0","1",
"87","1010","0","1",
"88","1010","0","1",
"89","1010","0","1",
"90","1010","0","1",
"91","1010","0","1",
"92","1010","0","1",
"93","1010","0","1",
"94","1010","0","1",
"95","1010","0","1",
"96","1010","0","1",
"97","1010","0","1",
"98","1010","0","1",
"99","1010","0","1",
"100","1010","0","1",
"101","1010","0","1",
"102","1010","0","1",
"103","1010","0","1",
"104","1010","0","1",
"105","1010","0","1",
"106","1010","0","1",
"107","1010","0","1",
"108","1010","0","1",
"109","1010","0","1",
"110","1010","0","1",
"111","1010","0","1",
"112","1010","0","1",
"113","1010","0","1",
"114","1010","0","1",
"115","1010","0","1",
"116","1010","0","1",
"117","1010","0","1",
"118","1010","0","1",
"119","1010","0","1",
"120","1010","0","1",
"121","1010","0","1",
"122","1010","0","1",
"123","1010","0","1",
"124","1010","0","1",
"125","1010","0","1",
"126","1010","0","1",
"127","1010","0","1",
"128","1010","0","1",
"129","1010","0","1",
"130","1010","0","1",
"131","1010","0","1",
"132","1010","0","1",
"133","1010","0","1",
"134","1010","0","1",
"135","1010","0","1",
"136","1010","0","1",
"181","1010","13.50","1",
"360","1010","0","1",
"A500-00","1010","0","1",
"A500-01","1010","0","1",
"A500-02","1010","0","1",
"A500-03","1010","0","1",
"A500-04","1010","0","1",
"A500-05","1010","0","1",
"A500-06","1010","0","1",
"A500-07","1010","0","1",
"A500-08","1010","0","1",
"A500-09","1010","0","1",
"A500-10","1010","0","1",
"A500-11","1010","0","1",
"A500-12","1010","0","1",
"A500-13","1010","0","1",
"A500-14","1010","0","1",
"A500-15","1010","0","1",
"A500-16","1010","0","1",
"A500-17","1010","0","1",
"A500-18","1010","0","1",
"A500-19","1010","0","1",
"A500-20","1010","0","1",
"A500-21","1010","0","1",
"A500-22","1010","0","1",
"A500-23","1010","0","1",
"A500-24","1010","0","1",
"A500-25","1010","0","1",
"A500-26","1010","0","1",
"A500-27","1010","0","1",
"A500-28","1010","0","1",
"A500-29","1010","0","1",
"A500-30","1010","0","1",
"A500-31","1010","0","1",
"A500-32","1010","0","1",
"A500-33","1010","0","1",
"A500-34","1010","0","1",
"A500-35","1010","0","1",
"A500-36","1010","0","1",
"A500-37","1010","0","1",
"A500-38","1010","0","1",
"A500-39","1010","0","1",
"A500-40","1010","0","1",
"A500-41","1010","0","1",
"A500-42","1010","0","1",
"A500-43","1010","0","1",
"A500-44","1010","0","1",
"A500-45","1010","0","1",
"A500-46","1010","0","1",
"A500-47","1010","0","1",
"A500-48","1010","0","1",
"A500-49","1010","0","1",
"A500-50","1010","0","1",
"A500-51","1010","0","1",
"A500-52","1010","0","1",
"A500-53","1010","0","1",
"A500-54","1010","0","1",
"A500-55","1010","0","1",
"A500-56","1010","0","1",
"A500-57","1010","0","1",
"A500-58","1010","0","1",
"A500-59","1010","0","1",
"A500-60","1010","0","1",
"A500-61","1010","0","1",
"A500-62","1010","0","1",
"A500-63","1010","0","1",
"A500-64","1010","0","1",
"A500-65","1010","0","1",
"A500-66","1010","0","1",
"A500-67","1010","0","1",
"A500-68","1010","0","1",
"A500-69","1010","0","1",
"A500-70","1010","0","1",
"A500-71","1010","0","1",
"A500-72","1010","0","1",
"A500-73","1010","0","1",
"A500-74","1010","0","1",
"A500-75","1010","0","1",
"A500-76","1010","0","1",
"A500-77","1010","0","1",
"A500-78","1010","0","1",
"A500-79","1010","0","1",
"A500-80","1010","0","1",
"A500-81","1010","0","1",
"A500-82","1010","0","1",
"A500-83","1010","0","1",
"A500-84","1010","0","1",
"A500-85","1010","0","1",
"A500-86","1010","0","1",
"A500-87","1010","0","1",
"A500-88","1010","0","1",
"A500-89","1010","0","1",
"A500-90","1010","0","1",
"A500-91","1010","0","1",
"A500-92","1010","0","1",
"A500-93","1010","0","1",
"A500-94","1010","0","1",
"A500-95","1010","0","1",
"A500-96","1010","0","1",
"A500-97","1010","0","1",
"A500-98","1010","0","1",
"A500-99","1010","0","1",
"A510-00","1010","0","1",
"A510-01","1010","0","1",
"A510-02","1010","0","1",
"A510-03","1010","0","1",
"A510-04","1010","0","1",
"A510-05","1010","0","1",
"A510-06","1010","0","1",
"A510-07","1010","0","1",
"A510-08","1010","0","1",
"A510-09","1010","0","1",
"A510-10","1010","0","1",
"A510-11","1010","0","1",
"A510-12","1010","0","1",
"A510-13","1010","0","1",
"A510-14","1010","0","1",
"A510-15","1010","0","1",
"A510-16","1010","0","1",
"A510-17","1010","0","1",
"A510-18","1010","0","1",
"A510-19","1010","0","1",
"A510-20","1010","0","1",
"A510-21","1010","0","1",
"A510-22","1010","0","1",
"A510-23","1010","0","1",
"A510-24","1010","0","1",
"A510-25","1010","0","1",
"A510-26","1010","0","1",
"A510-27","1010","0","1",
"A510-28","1010","0","1",
"A510-29","1010","0","1",
"A510-30","1010","0","1",
"A510-31","1010","0","1",
"A510-32","1010","0","1",
"A510-33","1010","0","1",
"A510-34","1010","0","1",
"A510-35","1010","0","1",
"A510-36","1010","0","1",
"A510-37","1010","0","1",
"A510-38","1010","0","1",
"A510-39","1010","0","1",
"A510-40","1010","0","1",
"A510-41","1010","0","1",
"A510-42","1010","0","1",
"A510-43","1010","0","1",
"A510-44","1010","0","1",
"A510-45","1010","0","1",
"A510-46","1010","0","1",
"A510-47","1010","0","1",
"A510-48","1010","0","1",
"A510-49","1010","0","1",
"A510-50","1010","0","1",
"A510-51","1010","0","1",
"A510-52","1010","0","1",
"A510-53","1010","0","1",
"A510-54","1010","0","1",
"A510-55","1010","0","1",
"A510-56","1010","0","1",
"A510-57","1010","0","1",
"A510-58","1010","0","1",
"A510-59","1010","0","1",
"A510-60","1010","0","1",
"A510-61","1010","0","1",
"A510-62","1010","0","1",
"A510-63","1010","0","1",
"A510-64","1010","0","1",
"A510-65","1010","0","1",
"A510-66","1010","0","1",
"A510-67","1010","0","1",
"A510-68","1010","0","1",
"A510-69","1010","0","1",
"A510-70","1010","0","1",
"A510-71","1010","0","1",
"A510-72","1010","0","1",
"A510-73","1010","0","1",
"A510-74","1010","0","1",
"A510-75","1010","0","1",
"A510-76","1010","0","1",
"A510-77","1010","0","1",
"A510-78","1010","0","1",
"A510-79","1010","0","1",
"A510-80","1010","0","1",
"A510-81","1010","0","1",
"A510-82","1010","0","1",
"A510-83","1010","0","1",
"A510-84","1010","0","1",
"A510-85","1010","0","1",
"A510-86","1010","0","1",
"A510-87","1010","0","1",
"A510-88","1010","0","1",
"A510-89","1010","0","1",
"A510-90","1010","0","1",
"A510-91","1010","0","1",
"A510-92","1010","0","1",
"A510-93","1010","0","1",
"A510-94","1010","0","1",
"A510-95","1010","0","1",
"A510-96","1010","0","1",
"A510-97","1010","0","1",
"A510-98","1010","0","1",
"A510-99","1010","0","1",
"A515-00","1010","0","1",
"A515-01","1010","0","1",
"A515-02","1010","0","1",
"A515-03","1010","0","1",
"A515-04","1010","0","1",
"A515-05","1010","0","1",
"A515-06","1010","0","1",
"A515-07","1010","0","1",
"A515-08","1010","0","1",
"A515-09","1010","0","1",
"A515-10","1010","0","1",
"A515-11","1010","0","1",
"A515-12","1010","0","1",
"A515-13","1010","0","1",
"A515-14","1010","0","1",
"A515-15","1010","0","1",
"A515-16","1010","0","1",
"A515-17","1010","0","1",
"A515-18","1010","0","1",
"A515-19","1010","0","1",
"A515-20","1010","0","1",
"A515-21","1010","0","1",
"A515-22","1010","0","1",
"A515-23","1010","0","1",
"A515-24","1010","0","1",
"A515-25","1010","0","1",
"A515-26","1010","0","1",
"A515-27","1010","0","1",
"A515-28","1010","0","1",
"A515-29","1010","0","1",
"A515-30","1010","0","1",
"A515-31","1010","0","1",
"A515-32","1010","0","1",
"A515-33","1010","0","1",
"A515-34","1010","0","1",
"A515-35","1010","0","1",
"A515-36","1010","0","1",
"A515-37","1010","0","1",
"A515-38","1010","0","1",
"A515-39","1010","0","1",
"A515-40","1010","0","1",
"A515-41","1010","0","1",
"A515-42","1010","0","1",
"A515-43","1010","0","1",
"A515-44","1010","0","1",
"A515-45","1010","0","1",
"A515-46","1010","0","1",
"A515-47","1010","0","1",
"A515-48","1010","0","1",
"A515-49","1010","0","1",
"A515-50","1010","0","1",
"A515-51","1010","0","1",
"A515-52","1010","0","1",
"A515-53","1010","0","1",
"A515-54","1010","0","1",
"A515-55","1010","0","1",
"A515-56","1010","0","1",
"A515-57","1010","0","1",
"A515-58","1010","0","1",
"A515-59","1010","0","1",
"A515-60","1010","0","1",
"A515-61","1010","0","1",
"A515-62","1010","0","1",
"A515-63","1010","0","1",
"A515-64","1010","0","1",
"A515-65","1010","0","1",
"A515-66","1010","0","1",
"A515-67","1010","0","1",
"A515-68","1010","0","1",
"A515-69","1010","0","1",
"A515-70","1010","0","1",
"A515-71","1010","0","1",
"A515-72","1010","0","1",
"A515-73","1010","0","1",
"A515-74","1010","0","1",
"A515-75","1010","0","1",
"A515-76","1010","0","1",
"A515-77","1010","0","1",
"A515-78","1010","0","1",
"A515-79","1010","0","1",
"A515-80","1010","0","1",
"A515-81","1010","0","1",
"A515-82","1010","0","1",
"A515-83","1010","0","1",
"A515-84","1010","0","1",
"A515-85","1010","0","1",
"A515-86","1010","0","1",
"A515-87","1010","0","1",
"A515-88","1010","0","1",
"A515-89","1010","0","1",
"A515-90","1010","0","1",
"A515-91","1010","0","1",
"A515-92","1010","0","1",
"A515-93","1010","0","1",
"A515-94","1010","0","1",
"A515-95","1010","0","1",
"A515-96","1010","0","1",
"A515-97","1010","0","1",
"A515-98","1010","0","1",
"A515-99","1010","0","1",
"A525-58","1010","0","1",
"A5250-00","1010","0","1",
"ACT-B00","1010","500.00","1",
"ACT-B01","1010","500.00","1",
"ACT-B02","1010","500.00","1",
"ACT-B03","1010","500.00","1",
"ACT-B04","1010","500.00","1",
"ACT-B05","1010","500.00","1",
"ACT-B06","1010","500.00","1",
"ACT-B07","1010","500.00","1",
"ACT-B08","1010","500.00","1",
"ACT-B09","1010","500.00","1",
"ACT-B10","1010","500.00","1",
"ACT-B11","1010","500.00","1",
"ACT-B12","1010","500.00","1",
"ACT-B13","1010","500.00","1",
"ACT-B14","1010","500.00","1",
"ACT-B15","1010","500.00","1",
"ACT-B16","1010","500.00","1",
"ACT-B17","1010","500.00","1",
"ACT-B18","1010","500.00","1",
"ACT-B19","1010","500.00","1",
"ACT-B20","1010","500.00","1",
"ACT-B21","1010","500.00","1",
"ACT-B22","1010","500.00","1",
"ACT-B23","1010","500.00","1",
"ACT-B24","1010","500.00","1",
"ACT-B25","1010","500.00","1",
"ACT-B26","1010","500.00","1",
"ACT-B27","1010","500.00","1",
"ACT-B28","1010","500.00","1",
"ACT-B29","1010","500.00","1",
"ACT-B30","1010","500.00","1",
"ACT-B99","1010","500.00","1",
"ACT-C00","1010","20.00","1",
"ACT-C01","1010","20.00","1",
"ACT-C02","1010","20.00","1",
"ACT-C03","1010","20.00","1",
"ACT-C04","1010","20.00","1",
"ACT-C05","1010","20.00","1",
"ACT-C06","1010","20.00","1",
"ACT-C07","1010","20.00","1",
"ACT-C08","1010","20.00","1",
"ACT-C09","1010","20.00","1",
"ACT-C10","1010","20.00","1",
"ACT-C11","1010","20.00","1",
"ACT-C12","1010","20.00","1",
"ACT-C13","1010","20.00","1",
"ACT-C14","1010","20.00","1",
"ACT-C15","1010","20.00","1",
"ACT-C16","1010","20.00","1",
"ACT-C17","1010","20.00","1",
"ACT-C18","1010","20.00","1",
"ACT-C19","1010","20.00","1",
"ACT-C20","1010","20.00","1",
"ACT-C21","1010","20.00","1",
"ACT-C22","1010","20.00","1",
"ACT-C23","1010","20.00","1",
"ACT-C24","1010","20.00","1",
"ACT-C25","1010","20.00","1",
"ACT-C26","1010","20.00","1",
"ACT-C27","1010","20.00","1",
"ACT-C28","1010","20.00","1",
"ACT-C29","1010","20.00","1",
"ACT-C30","1010","20.00","1",
"ACT-C99","1010","20.00","1",
"ACT-F00","1010","200.00","1",
"ACT-F01","1010","200.00","1",
"ACT-F02","1010","200.00","1",
"ACT-F03","1010","200.00","1",
"ACT-F04","1010","200.00","1",
"ACT-F05","1010","200.00","1",
"ACT-F06","1010","200.00","1",
"ACT-F07","1010","200.00","1",
"ACT-F08","1010","200.00","1",
"ACT-F09","1010","200.00","1",
"ACT-F10","1010","200.00","1",
"ACT-F11","1010","200.00","1",
"ACT-F12","1010","200.00","1",
"ACT-F13","1010","200.00","1",
"ACT-F14","1010","200.00","1",
"ACT-F15","1010","200.00","1",
"ACT-F16","1010","200.00","1",
"ACT-F17","1010","200.00","1",
"ACT-F18","1010","200.00","1",
"ACT-F19","1010","200.00","1",
"ACT-F20","1010","200.00","1",
"ACT-F21","1010","200.00","1",
"ACT-F22","1010","200.00","1",
"ACT-F23","1010","200.00","1",
"ACT-F24","1010","200.00","1",
"ACT-F25","1010","200.00","1",
"ACT-F26","1010","200.00","1",
"ACT-F27","1010","200.00","1",
"ACT-F28","1010","200.00","1",
"ACT-F29","1010","200.00","1",
"ACT-F30","1010","200.00","1",
"ACT-F99","1010","200.00","1",
"ACT-LE00","1010","30.00","1",
"ACT-LEC00","1010","70.00","1",
"ACT-LK00","1010","10.00","1",
"ACT-LS00","1010","60.00","1",
"ACT-W00","1010","40.00","1",
"ACT-W01","1010","40.00","1",
"ACT-W02","1010","40.00","1",
"ACT-W03","1010","40.00","1",
"ACT-W04","1010","40.00","1",
"ACT-W05","1010","40.00","1",
"ACT-W06","1010","40.00","1",
"ACT-W07","1010","40.00","1",
"ACT-W08","1010","40.00","1",
"ACT-W09","1010","40.00","1",
"ACT-W10","1010","40.00","1",
"ACT-W11","1010","40.00","1",
"ACT-W12","1010","40.00","1",
"ACT-W13","1010","40.00","1",
"ACT-W14","1010","40.00","1",
"ACT-W15","1010","40.00","1",
"ACT-W16","1010","40.00","1",
"ACT-W17","1010","40.00","1",
"ACT-W18","1010","40.00","1",
"ACT-W19","1010","40.00","1",
"ACT-W20","1010","40.00","1",
"ACT-W21","1010","40.00","1",
"ACT-W22","1010","40.00","1",
"ACT-W23","1010","40.00","1",
"ACT-W24","1010","40.00","1",
"ACT-W25","1010","40.00","1",
"ACT-W26","1010","40.00","1",
"ACT-W27","1010","40.00","1",
"ACT-W28","1010","40.00","1",
"ACT-W29","1010","40.00","1",
"ACT-W30","1010","40.00","1",
"ACT-W99","1010","40.00","1",
"B-1000","1010","0","1",
"B500-00","1010","0","1",
"B500-01","1010","0","1",
"B500-02","1010","0","1",
"B500-03","1010","0","1",
"B500-04","1010","0","1",
"B500-05","1010","0","1",
"B500-06","1010","0","1",
"B500-07","1010","0","1",
"B500-08","1010","0","1",
"B500-09","1010","0","1",
"B500-10","1010","0","1",
"B500-11","1010","0","1",
"B500-12","1010","0","1",
"B500-13","1010","0","1",
"B500-14","1010","0","1",
"B500-15","1010","0","1",
"B500-16","1010","0","1",
"B500-17","1010","0","1",
"B500-18","1010","0","1",
"B500-19","1010","0","1",
"B500-20","1010","0","1",
"B500-21","1010","0","1",
"B500-22","1010","0","1",
"B500-23","1010","0","1",
"B500-24","1010","0","1",
"B500-25","1010","0","1",
"B500-26","1010","0","1",
"B500-27","1010","0","1",
"B500-28","1010","0","1",
"B500-29","1010","0","1",
"B500-30","1010","0","1",
"B500-31","1010","0","1",
"B500-32","1010","0","1",
"B500-33","1010","0","1",
"B500-34","1010","0","1",
"B500-35","1010","0","1",
"B500-36","1010","0","1",
"B500-37","1010","0","1",
"B500-38","1010","0","1",
"B500-39","1010","0","1",
"B500-40","1010","0","1",
"B500-41","1010","0","1",
"B500-42","1010","0","1",
"B500-43","1010","0","1",
"B500-44","1010","0","1",
"B500-45","1010","0","1",
"B500-46","1010","0","1",
"B500-47","1010","0","1",
"B500-48","1010","0","1",
"B500-49","1010","0","1",
"B500-50","1010","0","1",
"B500-51","1010","0","1",
"B500-52","1010","0","1",
"B500-53","1010","0","1",
"B500-54","1010","0","1",
"B500-55","1010","0","1",
"B500-56","1010","0","1",
"B500-57","1010","0","1",
"B500-58","1010","0","1",
"B500-59","1010","0","1",
"B500-60","1010","0","1",
"B500-61","1010","0","1",
"B500-62","1010","0","1",
"B500-63","1010","0","1",
"B500-64","1010","0","1",
"B500-65","1010","0","1",
"B500-66","1010","0","1",
"B500-67","1010","0","1",
"B500-68","1010","0","1",
"B500-69","1010","0","1",
"B500-70","1010","0","1",
"B500-71","1010","0","1",
"B500-72","1010","0","1",
"B500-73","1010","0","1",
"B500-74","1010","0","1",
"B500-75","1010","0","1",
"B500-76","1010","0","1",
"B500-77","1010","0","1",
"B500-78","1010","0","1",
"B500-79","1010","0","1",
"B500-80","1010","0","1",
"B500-81","1010","0","1",
"B500-82","1010","0","1",
"B500-83","1010","0","1",
"B500-84","1010","0","1",
"B500-85","1010","0","1",
"B500-86","1010","0","1",
"B500-87","1010","0","1",
"B500-88","1010","0","1",
"B500-89","1010","0","1",
"B500-90","1010","0","1",
"B500-91","1010","0","1",
"B500-92","1010","0","1",
"B500-93","1010","0","1",
"B500-94","1010","0","1",
"B500-95","1010","0","1",
"B500-96","1010","0","1",
"B500-97","1010","0","1",
"B500-98","1010","0","1",
"B500-99","1010","0","1",
"B510-00","1010","10.00","1",
"B510-01","1010","10.00","1",
"B510-02","1010","10.00","1",
"B510-03","1010","10.00","1",
"B510-04","1010","10.00","1",
"B510-05","1010","10.00","1",
"B510-06","1010","10.00","1",
"B510-07","1010","10.00","1",
"B510-08","1010","10.00","1",
"B510-09","1010","10.00","1",
"B510-10","1010","10.00","1",
"B510-11","1010","10.00","1",
"B510-12","1010","10.00","1",
"B510-13","1010","10.00","1",
"B510-14","1010","10.00","1",
"B510-15","1010","10.00","1",
"B510-16","1010","10.00","1",
"B510-17","1010","10.00","1",
"B510-18","1010","10.00","1",
"B510-19","1010","10.00","1",
"B510-20","1010","10.00","1",
"B510-21","1010","10.00","1",
"B510-22","1010","10.00","1",
"B510-23","1010","10.00","1",
"B510-24","1010","10.00","1",
"B510-25","1010","10.00","1",
"B510-26","1010","10.00","1",
"B510-27","1010","10.00","1",
"B510-28","1010","10.00","1",
"B510-29","1010","10.00","1",
"B510-30","1010","10.00","1",
"B510-31","1010","10.00","1",
"B510-32","1010","10.00","1",
"B510-33","1010","10.00","1",
"B510-34","1010","10.00","1",
"B510-35","1010","10.00","1",
"B510-36","1010","10.00","1",
"B510-37","1010","10.00","1",
"B510-38","1010","10.00","1",
"B510-39","1010","10.00","1",
"B510-40","1010","10.00","1",
"B510-41","1010","10.00","1",
"B510-42","1010","10.00","1",
"B510-43","1010","10.00","1",
"B510-44","1010","10.00","1",
"B510-45","1010","10.00","1",
"B510-46","1010","10.00","1",
"B510-47","1010","10.00","1",
"B510-48","1010","10.00","1",
"B510-49","1010","10.00","1",
"B510-50","1010","10.00","1",
"B510-51","1010","10.00","1",
"B510-52","1010","10.00","1",
"B510-53","1010","10.00","1",
"B510-54","1010","10.00","1",
"B510-55","1010","10.00","1",
"B510-56","1010","10.00","1",
"B510-57","1010","10.00","1",
"B510-58","1010","10.00","1",
"B510-59","1010","10.00","1",
"B510-60","1010","10.00","1",
"B510-61","1010","10.00","1",
"B510-62","1010","10.00","1",
"B510-63","1010","10.00","1",
"B510-64","1010","10.00","1",
"B510-65","1010","10.00","1",
"B510-66","1010","10.00","1",
"B510-67","1010","10.00","1",
"B510-68","1010","10.00","1",
"B510-69","1010","10.00","1",
"B510-70","1010","10.00","1",
"B510-71","1010","10.00","1",
"B510-72","1010","10.00","1",
"B510-73","1010","10.00","1",
"B510-74","1010","10.00","1",
"B510-75","1010","10.00","1",
"B510-76","1010","10.00","1",
"B510-77","1010","10.00","1",
"B510-78","1010","10.00","1",
"B510-79","1010","10.00","1",
"B510-80","1010","10.00","1",
"B510-81","1010","10.00","1",
"B510-82","1010","10.00","1",
"B510-83","1010","10.00","1",
"B510-84","1010","10.00","1",
"B510-85","1010","10.00","1",
"B510-86","1010","10.00","1",
"B510-87","1010","10.00","1",
"B510-88","1010","10.00","1",
"B510-89","1010","10.00","1",
"B510-90","1010","10.00","1",
"B510-91","1010","10.00","1",
"B510-92","1010","10.00","1",
"B510-93","1010","10.00","1",
"B510-94","1010","10.00","1",
"B510-95","1010","10.00","1",
"B510-96","1010","10.00","1",
"B510-97","1010","10.00","1",
"B510-98","1010","10.00","1",
"B510-99","1010","10.00","1",
"B515-00","1010","0","1",
"B515-01","1010","0","1",
"B515-02","1010","0","1",
"B515-03","1010","0","1",
"B515-04","1010","0","1",
"B515-05","1010","0","1",
"B515-06","1010","0","1",
"B515-07","1010","0","1",
"B515-08","1010","0","1",
"B515-09","1010","0","1",
"B515-10","1010","0","1",
"B515-11","1010","0","1",
"B515-12","1010","0","1",
"B515-13","1010","0","1",
"B515-14","1010","0","1",
"B515-15","1010","0","1",
"B515-16","1010","0","1",
"B515-17","1010","0","1",
"B515-18","1010","0","1",
"B515-19","1010","0","1",
"B515-20","1010","0","1",
"B515-21","1010","0","1",
"B515-22","1010","0","1",
"B515-23","1010","0","1",
"B515-24","1010","0","1",
"B515-25","1010","0","1",
"B515-26","1010","0","1",
"B515-27","1010","0","1",
"B515-28","1010","0","1",
"B515-29","1010","0","1",
"B515-30","1010","0","1",
"B515-31","1010","0","1",
"B515-32","1010","0","1",
"B515-33","1010","0","1",
"B515-34","1010","0","1",
"B515-35","1010","0","1",
"B515-36","1010","0","1",
"B515-37","1010","0","1",
"B515-38","1010","0","1",
"B515-39","1010","0","1",
"B515-40","1010","0","1",
"B515-41","1010","0","1",
"B515-42","1010","0","1",
"B515-43","1010","0","1",
"B515-44","1010","0","1",
"B515-45","1010","0","1",
"B515-46","1010","0","1",
"B515-47","1010","0","1",
"B515-48","1010","0","1",
"B515-49","1010","0","1",
"B515-50","1010","0","1",
"B515-51","1010","0","1",
"B515-52","1010","0","1",
"B515-53","1010","0","1",
"B515-54","1010","0","1",
"B515-55","1010","0","1",
"B515-56","1010","0","1",
"B515-57","1010","0","1",
"B515-58","1010","0","1",
"B515-59","1010","0","1",
"B515-60","1010","0","1",
"B515-61","1010","0","1",
"B515-62","1010","0","1",
"B515-63","1010","0","1",
"B515-64","1010","0","1",
"B515-65","1010","0","1",
"B515-66","1010","0","1",
"B515-67","1010","0","1",
"B515-68","1010","0","1",
"B515-69","1010","0","1",
"B515-70","1010","0","1",
"B515-71","1010","0","1",
"B515-72","1010","0","1",
"B515-73","1010","0","1",
"B515-74","1010","0","1",
"B515-75","1010","0","1",
"B515-76","1010","0","1",
"B515-77","1010","0","1",
"B515-78","1010","0","1",
"B515-79","1010","0","1",
"B515-80","1010","0","1",
"B515-81","1010","0","1",
"B515-82","1010","0","1",
"B515-83","1010","0","1",
"B515-84","1010","0","1",
"B515-85","1010","0","1",
"B515-86","1010","0","1",
"B515-87","1010","0","1",
"B515-88","1010","0","1",
"B515-89","1010","0","1",
"B515-90","1010","0","1",
"B515-91","1010","0","1",
"B515-92","1010","0","1",
"B515-93","1010","0","1",
"B515-94","1010","0","1",
"B515-95","1010","0","1",
"B515-96","1010","0","1",
"B515-97","1010","0","1",
"B515-98","1010","0","1",
"B515-99","1010","0","1",
"B520-000","1010","0","1",
"B520-001","1010","0","1",
"B520-002","1010","0","1",
"B520-003","1010","0","1",
"B520-004","1010","0","1",
"B520-005","1010","0","1",
"B520-006","1010","0","1",
"B520-007","1010","0","1",
"B520-008","1010","0","1",
"B520-009","1010","0","1",
"B520-010","1010","0","1",
"B520-011","1010","0","1",
"B520-012","1010","0","1",
"B520-013","1010","0","1",
"B520-014","1010","0","1",
"B520-015","1010","0","1",
"B520-016","1010","0","1",
"B520-017","1010","0","1",
"B520-018","1010","0","1",
"B520-019","1010","0","1",
"B520-020","1010","0","1",
"B520-021","1010","0","1",
"B520-022","1010","0","1",
"B520-023","1010","0","1",
"B520-024","1010","0","1",
"B520-025","1010","0","1",
"B520-026","1010","0","1",
"B520-027","1010","0","1",
"B520-028","1010","0","1",
"B520-029","1010","0","1",
"B520-030","1010","0","1",
"B520-031","1010","0","1",
"B520-032","1010","0","1",
"B520-033","1010","0","1",
"B520-034","1010","0","1",
"B520-035","1010","0","1",
"B520-036","1010","0","1",
"B520-037","1010","0","1",
"B520-038","1010","0","1",
"B520-039","1010","0","1",
"B520-040","1010","0","1",
"B520-041","1010","0","1",
"B520-042","1010","0","1",
"B520-043","1010","0","1",
"B520-044","1010","0","1",
"B520-045","1010","0","1",
"B520-046","1010","0","1",
"B520-047","1010","0","1",
"B520-048","1010","0","1",
"B520-049","1010","0","1",
"B520-050","1010","0","1",
"B520-051","1010","0","1",
"B520-052","1010","0","1",
"B520-053","1010","0","1",
"B520-054","1010","0","1",
"B520-055","1010","0","1",
"B520-056","1010","0","1",
"B520-057","1010","0","1",
"B520-058","1010","0","1",
"B520-059","1010","0","1",
"B520-060","1010","0","1",
"B520-061","1010","0","1",
"B520-062","1010","0","1",
"B520-063","1010","0","1",
"B520-064","1010","0","1",
"B520-065","1010","0","1",
"B520-066","1010","0","1",
"B520-067","1010","0","1",
"B520-068","1010","0","1",
"B520-069","1010","0","1",
"B520-070","1010","0","1",
"B520-071","1010","0","1",
"B520-072","1010","0","1",
"B520-073","1010","0","1",
"B520-074","1010","0","1",
"B520-075","1010","0","1",
"B520-076","1010","0","1",
"B520-077","1010","0","1",
"B520-078","1010","0","1",
"B520-079","1010","0","1",
"B520-080","1010","0","1",
"B520-081","1010","0","1",
"B520-082","1010","0","1",
"B520-083","1010","0","1",
"B520-084","1010","0","1",
"B520-085","1010","0","1",
"B520-086","1010","0","1",
"B520-087","1010","0","1",
"B520-088","1010","0","1",
"B520-089","1010","0","1",
"B520-090","1010","0","1",
"B520-091","1010","0","1",
"B520-092","1010","0","1",
"B520-093","1010","0","1",
"B520-094","1010","0","1",
"B520-095","1010","0","1",
"B520-096","1010","0","1",
"B520-097","1010","0","1",
"B520-098","1010","0","1",
"B520-099","1010","0","1",
"B520-100","1010","0","1",
"B520-101","1010","0","1",
"B520-102","1010","0","1",
"B520-103","1010","0","1",
"B520-104","1010","0","1",
"B520-105","1010","0","1",
"B520-106","1010","0","1",
"B520-107","1010","0","1",
"B520-108","1010","0","1",
"B520-109","1010","0","1",
"B520-110","1010","0","1",
"B520-111","1010","0","1",
"B520-112","1010","0","1",
"B520-113","1010","0","1",
"B520-114","1010","0","1",
"B520-115","1010","0","1",
"B520-116","1010","0","1",
"B520-117","1010","0","1",
"B520-118","1010","0","1",
"B520-119","1010","0","1",
"B520-120","1010","0","1",
"B520-121","1010","0","1",
"B520-122","1010","0","1",
"B520-123","1010","0","1",
"B520-124","1010","0","1",
"B520-125","1010","0","1",
"B520-126","1010","0","1",
"B520-127","1010","0","1",
"B520-128","1010","0","1",
"B520-129","1010","0","1",
"B520-130","1010","0","1",
"B520-131","1010","0","1",
"B520-132","1010","0","1",
"B520-133","1010","0","1",
"B520-134","1010","0","1",
"B520-135","1010","0","1",
"B520-136","1010","0","1",
"B520-137","1010","0","1",
"B520-138","1010","0","1",
"B520-139","1010","0","1",
"B520-140","1010","0","1",
"B520-141","1010","0","1",
"B520-142","1010","0","1",
"B520-143","1010","0","1",
"B520-144","1010","0","1",
"B520-145","1010","0","1",
"B520-146","1010","0","1",
"B520-147","1010","0","1",
"B520-148","1010","0","1",
"B520-149","1010","0","1",
"B520-150","1010","0","1",
"B520-151","1010","0","1",
"B520-152","1010","0","1",
"B520-153","1010","0","1",
"B520-154","1010","0","1",
"B520-155","1010","0","1",
"B520-156","1010","0","1",
"B520-157","1010","0","1",
"B520-158","1010","0","1",
"B520-159","1010","0","1",
"B520-160","1010","0","1",
"B520-161","1010","0","1",
"B520-162","1010","0","1",
"B520-163","1010","0","1",
"B520-164","1010","0","1",
"B520-165","1010","0","1",
"B520-166","1010","0","1",
"B520-167","1010","0","1",
"B520-168","1010","0","1",
"B520-169","1010","0","1",
"B520-170","1010","0","1",
"B520-171","1010","0","1",
"B520-172","1010","0","1",
"B520-173","1010","0","1",
"B520-174","1010","0","1",
"B520-175","1010","0","1",
"B520-176","1010","0","1",
"B520-177","1010","0","1",
"B520-178","1010","0","1",
"B520-179","1010","0","1",
"B520-180","1010","0","1",
"B520-181","1010","0","1",
"B520-182","1010","0","1",
"B520-183","1010","0","1",
"B520-184","1010","0","1",
"B520-185","1010","0","1",
"B520-186","1010","0","1",
"B520-187","1010","0","1",
"B520-188","1010","0","1",
"B520-189","1010","0","1",
"B520-190","1010","0","1",
"B520-191","1010","0","1",
"B520-192","1010","0","1",
"B520-193","1010","0","1",
"B520-194","1010","0","1",
"B520-195","1010","0","1",
"B520-196","1010","0","1",
"B520-197","1010","0","1",
"B520-198","1010","0","1",
"B520-199","1010","0","1",
"B520-300","1010","0","1",
"B520-301","1010","0","1",
"B520-302","1010","0","1",
"B520-303","1010","0","1",
"B520-304","1010","0","1",
"B520-305","1010","0","1",
"B520-306","1010","0","1",
"B520-307","1010","0","1",
"B520-308","1010","0","1",
"B520-309","1010","0","1",
"B520-310","1010","0","1",
"B520-311","1010","0","1",
"B520-312","1010","0","1",
"B520-313","1010","0","1",
"B520-314","1010","0","1",
"B520-315","1010","0","1",
"B520-316","1010","0","1",
"B520-317","1010","0","1",
"B520-318","1010","0","1",
"B520-319","1010","0","1",
"B520-320","1010","0","1",
"B520-321","1010","0","1",
"B520-322","1010","0","1",
"B520-323","1010","0","1",
"B520-324","1010","0","1",
"B520-325","1010","0","1",
"B520-326","1010","0","1",
"B520-327","1010","0","1",
"B520-328","1010","0","1",
"B520-329","1010","0","1",
"B520-330","1010","0","1",
"B520-331","1010","0","1",
"B520-332","1010","0","1",
"B520-333","1010","0","1",
"B520-334","1010","0","1",
"B520-335","1010","0","1",
"B520-336","1010","0","1",
"B520-337","1010","0","1",
"B520-338","1010","0","1",
"B520-339","1010","0","1",
"B520-340","1010","0","1",
"B520-341","1010","0","1",
"B520-342","1010","0","1",
"B520-343","1010","0","1",
"B520-344","1010","0","1",
"B520-345","1010","0","1",
"B520-346","1010","0","1",
"B520-347","1010","0","1",
"B520-348","1010","0","1",
"B520-349","1010","0","1",
"B520-350","1010","0","1",
"B520-351","1010","0","1",
"B520-352","1010","0","1",
"B520-353","1010","0","1",
"B520-354","1010","0","1",
"B520-355","1010","0","1",
"B520-356","1010","0","1",
"B520-357","1010","0","1",
"B520-358","1010","0","1",
"B520-359","1010","0","1",
"B520-360","1010","0","1",
"B520-361","1010","0","1",
"B520-362","1010","0","1",
"B520-363","1010","0","1",
"B520-364","1010","0","1",
"B520-365","1010","0","1",
"B520-366","1010","0","1",
"B520-367","1010","0","1",
"B520-368","1010","0","1",
"B520-369","1010","0","1",
"B520-370","1010","0","1",
"B520-371","1010","0","1",
"B520-372","1010","0","1",
"B520-373","1010","0","1",
"B520-374","1010","0","1",
"B520-375","1010","0","1",
"B520-376","1010","0","1",
"B520-377","1010","0","1",
"B520-378","1010","0","1",
"B520-379","1010","0","1",
"B520-380","1010","0","1",
"B520-381","1010","0","1",
"B520-382","1010","0","1",
"B520-383","1010","0","1",
"B520-384","1010","0","1",
"B520-385","1010","0","1",
"B520-386","1010","0","1",
"B520-387","1010","0","1",
"B520-388","1010","0","1",
"B520-389","1010","0","1",
"B520-390","1010","0","1",
"B520-391","1010","0","1",
"B520-392","1010","0","1",
"B520-393","1010","0","1",
"B520-394","1010","0","1",
"B520-395","1010","0","1",
"B520-396","1010","0","1",
"B520-397","1010","0","1",
"B520-398","1010","0","1",
"B520-399","1010","0","1",
"B520-400","1010","0","1",
"B520-500","1010","0","1",
"B520-501","1010","0","1",
"B520-502","1010","0","1",
"B520-503","1010","0","1",
"B520-504","1010","0","1",
"B520-505","1010","0","1",
"B520-506","1010","0","1",
"B520-507","1010","0","1",
"B520-508","1010","0","1",
"B520-509","1010","0","1",
"B520-510","1010","0","1",
"B520-511","1010","0","1",
"B520-512","1010","0","1",
"B520-513","1010","0","1",
"B520-514","1010","0","1",
"B520-515","1010","0","1",
"B520-516","1010","0","1",
"B520-517","1010","0","1",
"B520-518","1010","0","1",
"B520-519","1010","0","1",
"B520-520","1010","0","1",
"B520-521","1010","0","1",
"B520-522","1010","0","1",
"B520-523","1010","0","1",
"B520-524","1010","0","1",
"B520-525","1010","0","1",
"B520-526","1010","0","1",
"B520-527","1010","0","1",
"B520-528","1010","0","1",
"B520-529","1010","0","1",
"B520-530","1010","0","1",
"B520-531","1010","0","1",
"B520-532","1010","0","1",
"B520-533","1010","0","1",
"B520-534","1010","0","1",
"B520-535","1010","0","1",
"B520-536","1010","0","1",
"B520-537","1010","0","1",
"B520-538","1010","0","1",
"B520-539","1010","0","1",
"B520-540","1010","0","1",
"B520-541","1010","0","1",
"B520-542","1010","0","1",
"B520-543","1010","0","1",
"B520-544","1010","0","1",
"B520-545","1010","0","1",
"B520-546","1010","0","1",
"B520-547","1010","0","1",
"B520-548","1010","0","1",
"B520-549","1010","0","1",
"B520-550","1010","0","1",
"B520-551","1010","0","1",
"B520-552","1010","0","1",
"B520-553","1010","0","1",
"B520-554","1010","0","1",
"B520-555","1010","0","1",
"B520-556","1010","0","1",
"B520-557","1010","0","1",
"B520-558","1010","0","1",
"B520-559","1010","0","1",
"B520-560","1010","0","1",
"B520-561","1010","0","1",
"B520-562","1010","0","1",
"B520-563","1010","0","1",
"B520-564","1010","0","1",
"B520-565","1010","0","1",
"B520-566","1010","0","1",
"B520-567","1010","0","1",
"B520-568","1010","0","1",
"B520-569","1010","0","1",
"B520-570","1010","0","1",
"B520-571","1010","0","1",
"B520-572","1010","0","1",
"B520-573","1010","0","1",
"B520-574","1010","0","1",
"B520-575","1010","0","1",
"B520-576","1010","0","1",
"B520-577","1010","0","1",
"B520-578","1010","0","1",
"B520-579","1010","0","1",
"B520-580","1010","0","1",
"B520-581","1010","0","1",
"B520-582","1010","0","1",
"B520-583","1010","0","1",
"B520-584","1010","0","1",
"B520-585","1010","0","1",
"B520-586","1010","0","1",
"B520-587","1010","0","1",
"B520-588","1010","0","1",
"B520-589","1010","0","1",
"B520-590","1010","0","1",
"B520-591","1010","0","1",
"B520-592","1010","0","1",
"B520-593","1010","0","1",
"B520-594","1010","0","1",
"B520-595","1010","0","1",
"B520-596","1010","0","1",
"B520-597","1010","0","1",
"B520-598","1010","0","1",
"B520-599","1010","0","1",
"B5250-00","1010","0","1",
"C500-00","1010","0","1",
"C500-01","1010","0","1",
"C500-02","1010","0","1",
"C500-03","1010","0","1",
"C500-04","1010","0","1",
"C500-05","1010","0","1",
"C500-06","1010","0","1",
"C500-07","1010","0","1",
"C500-08","1010","0","1",
"C500-09","1010","0","1",
"C500-10","1010","0","1",
"C500-11","1010","0","1",
"C500-12","1010","0","1",
"C500-13","1010","0","1",
"C500-14","1010","0","1",
"C500-15","1010","0","1",
"C500-16","1010","0","1",
"C500-17","1010","0","1",
"C500-18","1010","0","1",
"C500-19","1010","0","1",
"C500-20","1010","0","1",
"C500-21","1010","0","1",
"C500-22","1010","0","1",
"C500-23","1010","0","1",
"C500-24","1010","0","1",
"C500-25","1010","0","1",
"C500-26","1010","0","1",
"C500-27","1010","0","1",
"C500-28","1010","0","1",
"C500-29","1010","0","1",
"C500-30","1010","0","1",
"C500-31","1010","0","1",
"C500-32","1010","0","1",
"C500-33","1010","0","1",
"C500-34","1010","0","1",
"C500-35","1010","0","1",
"C500-36","1010","0","1",
"C500-37","1010","0","1",
"C500-38","1010","0","1",
"C500-39","1010","0","1",
"C500-40","1010","0","1",
"C500-41","1010","0","1",
"C500-42","1010","0","1",
"C500-43","1010","0","1",
"C500-44","1010","0","1",
"C500-45","1010","0","1",
"C500-46","1010","0","1",
"C500-47","1010","0","1",
"C500-48","1010","0","1",
"C500-49","1010","0","1",
"C500-50","1010","0","1",
"C500-51","1010","0","1",
"C500-52","1010","0","1",
"C500-53","1010","0","1",
"C500-54","1010","0","1",
"C500-55","1010","0","1",
"C500-56","1010","0","1",
"C500-57","1010","0","1",
"C500-58","1010","0","1",
"C500-59","1010","0","1",
"C500-60","1010","0","1",
"C500-61","1010","0","1",
"C500-62","1010","0","1",
"C500-63","1010","0","1",
"C500-64","1010","0","1",
"C500-65","1010","0","1",
"C500-66","1010","0","1",
"C500-67","1010","0","1",
"C500-68","1010","0","1",
"C500-69","1010","0","1",
"C500-70","1010","0","1",
"C500-71","1010","0","1",
"C500-72","1010","0","1",
"C500-73","1010","0","1",
"C500-74","1010","0","1",
"C500-75","1010","0","1",
"C500-76","1010","0","1",
"C500-77","1010","0","1",
"C500-78","1010","0","1",
"C500-79","1010","0","1",
"C500-80","1010","0","1",
"C500-81","1010","0","1",
"C500-82","1010","0","1",
"C500-83","1010","0","1",
"C500-84","1010","0","1",
"C500-85","1010","0","1",
"C500-86","1010","0","1",
"C500-87","1010","0","1",
"C500-88","1010","0","1",
"C500-89","1010","0","1",
"C500-90","1010","0","1",
"C500-91","1010","0","1",
"C500-92","1010","0","1",
"C500-93","1010","0","1",
"C500-94","1010","0","1",
"C500-95","1010","0","1",
"C500-96","1010","0","1",
"C500-97","1010","0","1",
"C500-98","1010","0","1",
"C500-99","1010","0","1",
"C510-00","1010","0","1",
"C510-01","1010","0","1",
"C510-02","1010","0","1",
"C510-03","1010","0","1",
"C510-04","1010","0","1",
"C510-05","1010","0","1",
"C510-06","1010","0","1",
"C510-07","1010","0","1",
"C510-08","1010","0","1",
"C510-09","1010","0","1",
"C510-10","1010","0","1",
"C510-11","1010","0","1",
"C510-12","1010","0","1",
"C510-13","1010","0","1",
"C510-14","1010","0","1",
"C510-15","1010","0","1",
"C510-16","1010","0","1",
"C510-17","1010","0","1",
"C510-18","1010","0","1",
"C510-19","1010","0","1",
"C510-20","1010","0","1",
"C510-21","1010","0","1",
"C510-22","1010","0","1",
"C510-23","1010","0","1",
"C510-24","1010","0","1",
"C510-25","1010","0","1",
"C510-26","1010","0","1",
"C510-27","1010","0","1",
"C510-28","1010","0","1",
"C510-29","1010","0","1",
"C510-30","1010","0","1",
"C510-31","1010","0","1",
"C510-32","1010","0","1",
"C510-33","1010","0","1",
"C510-34","1010","0","1",
"C510-35","1010","0","1",
"C510-36","1010","0","1",
"C510-37","1010","0","1",
"C510-38","1010","0","1",
"C510-39","1010","0","1",
"C510-40","1010","0","1",
"C510-41","1010","0","1",
"C510-42","1010","0","1",
"C510-43","1010","0","1",
"C510-44","1010","0","1",
"C510-45","1010","0","1",
"C510-46","1010","0","1",
"C510-47","1010","0","1",
"C510-48","1010","0","1",
"C510-49","1010","0","1",
"C510-50","1010","0","1",
"C510-51","1010","0","1",
"C510-52","1010","0","1",
"C510-53","1010","0","1",
"C510-54","1010","0","1",
"C510-55","1010","0","1",
"C510-56","1010","0","1",
"C510-57","1010","0","1",
"C510-58","1010","0","1",
"C510-59","1010","0","1",
"C510-60","1010","0","1",
"C510-61","1010","0","1",
"C510-62","1010","0","1",
"C510-63","1010","0","1",
"C510-64","1010","0","1",
"C510-65","1010","0","1",
"C510-66","1010","0","1",
"C510-67","1010","0","1",
"C510-68","1010","0","1",
"C510-69","1010","0","1",
"C510-70","1010","0","1",
"C510-71","1010","0","1",
"C510-72","1010","0","1",
"C510-73","1010","0","1",
"C510-74","1010","0","1",
"C510-75","1010","0","1",
"C510-76","1010","0","1",
"C510-77","1010","0","1",
"C510-78","1010","0","1",
"C510-79","1010","0","1",
"C510-80","1010","0","1",
"C510-81","1010","0","1",
"C510-82","1010","0","1",
"C510-83","1010","0","1",
"C510-84","1010","0","1",
"C510-85","1010","0","1",
"C510-86","1010","0","1",
"C510-87","1010","0","1",
"C510-88","1010","0","1",
"C510-89","1010","0","1",
"C510-90","1010","0","1",
"C510-91","1010","0","1",
"C510-92","1010","0","1",
"C510-93","1010","0","1",
"C510-94","1010","0","1",
"C510-95","1010","0","1",
"C510-96","1010","0","1",
"C510-97","1010","0","1",
"C510-98","1010","0","1",
"C510-99","1010","0","1",
"C515-00","1010","0","1",
"C515-01","1010","0","1",
"C515-02","1010","0","1",
"C515-03","1010","0","1",
"C515-04","1010","0","1",
"C515-05","1010","0","1",
"C515-06","1010","0","1",
"C515-07","1010","0","1",
"C515-08","1010","0","1",
"C515-09","1010","0","1",
"C515-10","1010","0","1",
"C515-11","1010","0","1",
"C515-12","1010","0","1",
"C515-13","1010","0","1",
"C515-14","1010","0","1",
"C515-15","1010","0","1",
"C515-16","1010","0","1",
"C515-17","1010","0","1",
"C515-18","1010","0","1",
"C515-19","1010","0","1",
"C515-20","1010","0","1",
"C515-21","1010","0","1",
"C515-22","1010","0","1",
"C515-23","1010","0","1",
"C515-24","1010","0","1",
"C515-25","1010","0","1",
"C515-26","1010","0","1",
"C515-27","1010","0","1",
"C515-28","1010","0","1",
"C515-29","1010","0","1",
"C515-30","1010","0","1",
"C515-31","1010","0","1",
"C515-32","1010","0","1",
"C515-33","1010","0","1",
"C515-34","1010","0","1",
"C515-35","1010","0","1",
"C515-36","1010","0","1",
"C515-37","1010","0","1",
"C515-38","1010","0","1",
"C515-39","1010","0","1",
"C515-40","1010","0","1",
"C515-41","1010","0","1",
"C515-42","1010","0","1",
"C515-43","1010","0","1",
"C515-44","1010","0","1",
"C515-45","1010","0","1",
"C515-46","1010","0","1",
"C515-47","1010","0","1",
"C515-48","1010","0","1",
"C515-49","1010","0","1",
"C515-50","1010","0","1",
"C515-51","1010","0","1",
"C515-52","1010","0","1",
"C515-53","1010","0","1",
"C515-54","1010","0","1",
"C515-55","1010","0","1",
"C515-56","1010","0","1",
"C515-57","1010","0","1",
"C515-58","1010","0","1",
"C515-59","1010","0","1",
"C515-60","1010","0","1",
"C515-61","1010","0","1",
"C515-62","1010","0","1",
"C515-63","1010","0","1",
"C515-64","1010","0","1",
"C515-65","1010","0","1",
"C515-66","1010","0","1",
"C515-67","1010","0","1",
"C515-68","1010","0","1",
"C515-69","1010","0","1",
"C515-70","1010","0","1",
"C515-71","1010","0","1",
"C515-72","1010","0","1",
"C515-73","1010","0","1",
"C515-74","1010","0","1",
"C515-75","1010","0","1",
"C515-76","1010","0","1",
"C515-77","1010","0","1",
"C515-78","1010","0","1",
"C515-79","1010","0","1",
"C515-80","1010","0","1",
"C515-81","1010","0","1",
"C515-82","1010","0","1",
"C515-83","1010","0","1",
"C515-84","1010","0","1",
"C515-85","1010","0","1",
"C515-86","1010","0","1",
"C515-87","1010","0","1",
"C515-88","1010","0","1",
"C515-89","1010","0","1",
"C515-90","1010","0","1",
"C515-91","1010","0","1",
"C515-92","1010","0","1",
"C515-93","1010","0","1",
"C515-94","1010","0","1",
"C515-95","1010","0","1",
"C515-96","1010","0","1",
"C515-97","1010","0","1",
"C515-98","1010","0","1",
"C515-99","1010","0","1",
"CCM01","1010","13.50","1",
"CCM02","1010","15.00","1",
"CCM03","1010","23.00","1",
"CCM04","1010","16.00","1",
"CCM05","1010","59.00","1",
"CG-100","1010","450.00","1",
"D500-00","1010","0","1",
"D500-01","1010","0","1",
"D500-02","1010","0","1",
"D500-03","1010","0","1",
"D500-04","1010","0","1",
"D500-05","1010","0","1",
"D500-06","1010","0","1",
"D500-07","1010","0","1",
"D500-08","1010","0","1",
"D500-09","1010","0","1",
"D500-10","1010","0","1",
"D500-11","1010","0","1",
"D500-12","1010","0","1",
"D500-13","1010","0","1",
"D500-14","1010","0","1",
"D500-15","1010","0","1",
"D500-16","1010","0","1",
"D500-17","1010","0","1",
"D500-18","1010","0","1",
"D500-19","1010","0","1",
"D500-20","1010","0","1",
"D500-21","1010","0","1",
"D500-22","1010","0","1",
"D500-23","1010","0","1",
"D500-24","1010","0","1",
"D500-25","1010","0","1",
"D500-26","1010","0","1",
"D500-27","1010","0","1",
"D500-28","1010","0","1",
"D500-29","1010","0","1",
"D500-30","1010","0","1",
"D500-31","1010","0","1",
"D500-32","1010","0","1",
"D500-33","1010","0","1",
"D500-34","1010","0","1",
"D500-35","1010","0","1",
"D500-36","1010","0","1",
"D500-37","1010","0","1",
"D500-38","1010","0","1",
"D500-39","1010","0","1",
"D500-40","1010","0","1",
"D500-41","1010","0","1",
"D500-42","1010","0","1",
"D500-43","1010","0","1",
"D500-44","1010","0","1",
"D500-45","1010","0","1",
"D500-46","1010","0","1",
"D500-47","1010","0","1",
"D500-48","1010","0","1",
"D500-49","1010","0","1",
"D500-50","1010","0","1",
"D500-51","1010","0","1",
"D500-52","1010","0","1",
"D500-53","1010","0","1",
"D500-54","1010","0","1",
"D500-55","1010","0","1",
"D500-56","1010","0","1",
"D500-57","1010","0","1",
"D500-58","1010","0","1",
"D500-59","1010","0","1",
"D500-60","1010","0","1",
"D500-61","1010","0","1",
"D500-62","1010","0","1",
"D500-63","1010","0","1",
"D500-64","1010","0","1",
"D500-65","1010","0","1",
"D500-66","1010","0","1",
"D500-67","1010","0","1",
"D500-68","1010","0","1",
"D500-69","1010","0","1",
"D500-70","1010","0","1",
"D500-71","1010","0","1",
"D500-72","1010","0","1",
"D500-73","1010","0","1",
"D500-74","1010","0","1",
"D500-75","1010","0","1",
"D500-76","1010","0","1",
"D500-77","1010","0","1",
"D500-78","1010","0","1",
"D500-79","1010","0","1",
"D500-80","1010","0","1",
"D500-81","1010","0","1",
"D500-82","1010","0","1",
"D500-83","1010","0","1",
"D500-84","1010","0","1",
"D500-85","1010","0","1",
"D500-86","1010","0","1",
"D500-87","1010","0","1",
"D500-88","1010","0","1",
"D500-89","1010","0","1",
"D500-90","1010","0","1",
"D500-91","1010","0","1",
"D500-92","1010","0","1",
"D500-93","1010","0","1",
"D500-94","1010","0","1",
"D500-95","1010","0","1",
"D500-96","1010","0","1",
"D500-97","1010","0","1",
"D500-98","1010","0","1",
"D500-99","1010","0","1",
"D510-00","1010","0","1",
"D510-01","1010","0","1",
"D510-02","1010","0","1",
"D510-03","1010","0","1",
"D510-04","1010","0","1",
"D510-05","1010","0","1",
"D510-06","1010","0","1",
"D510-07","1010","0","1",
"D510-08","1010","0","1",
"D510-09","1010","0","1",
"D510-10","1010","0","1",
"D510-11","1010","0","1",
"D510-12","1010","0","1",
"D510-13","1010","0","1",
"D510-14","1010","0","1",
"D510-15","1010","0","1",
"D510-16","1010","0","1",
"D510-17","1010","0","1",
"D510-18","1010","0","1",
"D510-19","1010","0","1",
"D510-20","1010","0","1",
"D510-21","1010","0","1",
"D510-22","1010","0","1",
"D510-23","1010","0","1",
"D510-24","1010","0","1",
"D510-25","1010","0","1",
"D510-26","1010","0","1",
"D510-27","1010","0","1",
"D510-28","1010","0","1",
"D510-29","1010","0","1",
"D510-30","1010","0","1",
"D510-31","1010","0","1",
"D510-32","1010","0","1",
"D510-33","1010","0","1",
"D510-34","1010","0","1",
"D510-35","1010","0","1",
"D510-36","1010","0","1",
"D510-37","1010","0","1",
"D510-38","1010","0","1",
"D510-39","1010","0","1",
"D510-40","1010","0","1",
"D510-41","1010","0","1",
"D510-42","1010","0","1",
"D510-43","1010","0","1",
"D510-44","1010","0","1",
"D510-45","1010","0","1",
"D510-46","1010","0","1",
"D510-47","1010","0","1",
"D510-48","1010","0","1",
"D510-49","1010","0","1",
"D510-50","1010","0","1",
"D510-51","1010","0","1",
"D510-52","1010","0","1",
"D510-53","1010","0","1",
"D510-54","1010","0","1",
"D510-55","1010","0","1",
"D510-56","1010","0","1",
"D510-57","1010","0","1",
"D510-58","1010","0","1",
"D510-59","1010","0","1",
"D510-60","1010","0","1",
"D510-61","1010","0","1",
"D510-62","1010","0","1",
"D510-63","1010","0","1",
"D510-64","1010","0","1",
"D510-65","1010","0","1",
"D510-66","1010","0","1",
"D510-67","1010","0","1",
"D510-68","1010","0","1",
"D510-69","1010","0","1",
"D510-70","1010","0","1",
"D510-71","1010","0","1",
"D510-72","1010","0","1",
"D510-73","1010","0","1",
"D510-74","1010","0","1",
"D510-75","1010","0","1",
"D510-76","1010","0","1",
"D510-77","1010","0","1",
"D510-78","1010","0","1",
"D510-79","1010","0","1",
"D510-80","1010","0","1",
"D510-81","1010","0","1",
"D510-82","1010","0","1",
"D510-83","1010","0","1",
"D510-84","1010","0","1",
"D510-85","1010","0","1",
"D510-86","1010","0","1",
"D510-87","1010","0","1",
"D510-88","1010","0","1",
"D510-89","1010","0","1",
"D510-90","1010","0","1",
"D510-91","1010","0","1",
"D510-92","1010","0","1",
"D510-93","1010","0","1",
"D510-94","1010","0","1",
"D510-95","1010","0","1",
"D510-96","1010","0","1",
"D510-97","1010","0","1",
"D510-98","1010","0","1",
"D510-99","1010","0","1",
"D515-00","1010","0","1",
"D515-01","1010","0","1",
"D515-02","1010","0","1",
"D515-03","1010","0","1",
"D515-04","1010","0","1",
"D515-05","1010","0","1",
"D515-06","1010","0","1",
"D515-07","1010","0","1",
"D515-08","1010","0","1",
"D515-09","1010","0","1",
"D515-10","1010","0","1",
"D515-11","1010","0","1",
"D515-12","1010","0","1",
"D515-13","1010","0","1",
"D515-14","1010","0","1",
"D515-15","1010","0","1",
"D515-16","1010","0","1",
"D515-17","1010","0","1",
"D515-18","1010","0","1",
"D515-19","1010","0","1",
"D515-20","1010","0","1",
"D515-21","1010","0","1",
"D515-22","1010","0","1",
"D515-23","1010","0","1",
"D515-24","1010","0","1",
"D515-25","1010","0","1",
"D515-26","1010","0","1",
"D515-27","1010","0","1",
"D515-28","1010","0","1",
"D515-29","1010","0","1",
"D515-30","1010","0","1",
"D515-31","1010","0","1",
"D515-32","1010","0","1",
"D515-33","1010","0","1",
"D515-34","1010","0","1",
"D515-35","1010","0","1",
"D515-36","1010","0","1",
"D515-37","1010","0","1",
"D515-38","1010","0","1",
"D515-39","1010","0","1",
"D515-40","1010","0","1",
"D515-41","1010","0","1",
"D515-42","1010","0","1",
"D515-43","1010","0","1",
"D515-44","1010","0","1",
"D515-45","1010","0","1",
"D515-46","1010","0","1",
"D515-47","1010","0","1",
"D515-48","1010","0","1",
"D515-49","1010","0","1",
"D515-50","1010","0","1",
"D515-51","1010","0","1",
"D515-52","1010","0","1",
"D515-53","1010","0","1",
"D515-54","1010","0","1",
"D515-55","1010","0","1",
"D515-56","1010","0","1",
"D515-57","1010","0","1",
"D515-58","1010","0","1",
"D515-59","1010","0","1",
"D515-60","1010","0","1",
"D515-61","1010","0","1",
"D515-62","1010","0","1",
"D515-63","1010","0","1",
"D515-64","1010","0","1",
"D515-65","1010","0","1",
"D515-66","1010","0","1",
"D515-67","1010","0","1",
"D515-68","1010","0","1",
"D515-69","1010","0","1",
"D515-70","1010","0","1",
"D515-71","1010","0","1",
"D515-72","1010","0","1",
"D515-73","1010","0","1",
"D515-74","1010","0","1",
"D515-75","1010","0","1",
"D515-76","1010","0","1",
"D515-77","1010","0","1",
"D515-78","1010","0","1",
"D515-79","1010","0","1",
"D515-80","1010","0","1",
"D515-81","1010","0","1",
"D515-82","1010","0","1",
"D515-83","1010","0","1",
"D515-84","1010","0","1",
"D515-85","1010","0","1",
"D515-86","1010","0","1",
"D515-87","1010","0","1",
"D515-88","1010","0","1",
"D515-89","1010","0","1",
"D515-90","1010","0","1",
"D515-91","1010","0","1",
"D515-92","1010","0","1",
"D515-93","1010","0","1",
"D515-94","1010","0","1",
"D515-95","1010","0","1",
"D515-96","1010","0","1",
"D515-97","1010","0","1",
"D515-98","1010","0","1",
"D515-99","1010","0","1",
"E-1002","1010","13.50","1",
"E510-00","1010","5.00","1",
"E510-01","1010","5.00","1",
"E510-02","1010","5.00","1",
"E510-03","1010","5.00","1",
"E510-04","1010","5.00","1",
"E510-05","1010","5.00","1",
"E510-06","1010","5.00","1",
"E510-07","1010","5.00","1",
"E510-08","1010","5.00","1",
"E510-09","1010","5.00","1",
"E510-10","1010","5.00","1",
"E510-11","1010","5.00","1",
"E510-12","1010","5.00","1",
"E510-13","1010","5.00","1",
"E510-14","1010","5.00","1",
"E510-15","1010","5.00","1",
"E510-16","1010","5.00","1",
"E510-17","1010","5.00","1",
"E510-18","1010","5.00","1",
"E510-19","1010","5.00","1",
"E510-20","1010","5.00","1",
"E510-21","1010","5.00","1",
"E510-22","1010","5.00","1",
"E510-23","1010","5.00","1",
"E510-24","1010","5.00","1",
"E510-25","1010","5.00","1",
"E510-26","1010","5.00","1",
"E510-27","1010","5.00","1",
"E510-28","1010","5.00","1",
"E510-29","1010","5.00","1",
"E510-30","1010","5.00","1",
"E510-31","1010","5.00","1",
"E510-32","1010","5.00","1",
"E510-33","1010","5.00","1",
"E510-34","1010","5.00","1",
"E510-35","1010","5.00","1",
"E510-36","1010","5.00","1",
"E510-37","1010","5.00","1",
"E510-38","1010","5.00","1",
"E510-39","1010","5.00","1",
"E510-40","1010","5.00","1",
"E510-41","1010","5.00","1",
"E510-42","1010","5.00","1",
"E510-43","1010","5.00","1",
"E510-44","1010","5.00","1",
"E510-45","1010","5.00","1",
"E510-46","1010","5.00","1",
"E510-47","1010","5.00","1",
"E510-48","1010","5.00","1",
"E510-49","1010","5.00","1",
"E510-50","1010","5.00","1",
"E510-51","1010","5.00","1",
"E510-52","1010","5.00","1",
"E510-53","1010","5.00","1",
"E510-54","1010","5.00","1",
"E510-55","1010","5.00","1",
"E510-56","1010","5.00","1",
"E510-57","1010","5.00","1",
"E510-58","1010","5.00","1",
"E510-59","1010","5.00","1",
"E510-60","1010","5.00","1",
"E510-61","1010","5.00","1",
"E510-62","1010","5.00","1",
"E510-63","1010","5.00","1",
"E510-64","1010","5.00","1",
"E510-65","1010","5.00","1",
"E510-66","1010","5.00","1",
"E510-67","1010","5.00","1",
"E510-68","1010","5.00","1",
"E510-69","1010","5.00","1",
"E510-70","1010","5.00","1",
"E510-71","1010","5.00","1",
"E510-72","1010","5.00","1",
"E510-73","1010","5.00","1",
"E510-74","1010","5.00","1",
"E510-75","1010","5.00","1",
"E510-76","1010","5.00","1",
"E510-77","1010","5.00","1",
"E510-78","1010","5.00","1",
"E510-79","1010","5.00","1",
"E510-80","1010","5.00","1",
"E510-81","1010","5.00","1",
"E510-82","1010","5.00","1",
"E510-83","1010","5.00","1",
"E510-84","1010","5.00","1",
"E510-85","1010","5.00","1",
"E510-86","1010","5.00","1",
"E510-87","1010","5.00","1",
"E510-88","1010","5.00","1",
"E510-89","1010","5.00","1",
"E510-90","1010","5.00","1",
"E510-91","1010","5.00","1",
"E510-92","1010","5.00","1",
"E510-93","1010","5.00","1",
"E510-94","1010","5.00","1",
"E510-95","1010","5.00","1",
"E510-96","1010","5.00","1",
"E510-97","1010","5.00","1",
"E510-98","1010","5.00","1",
"E510-99","1010","5.00","1",
"E515-00","1010","30.00","1",
"E515-01","1010","30.00","1",
"E515-02","1010","30.00","1",
"E515-03","1010","30.00","1",
"E515-04","1010","30.00","1",
"E515-05","1010","30.00","1",
"E515-06","1010","30.00","1",
"E515-07","1010","30.00","1",
"E515-08","1010","30.00","1",
"E515-09","1010","30.00","1",
"E515-10","1010","30.00","1",
"E515-11","1010","30.00","1",
"E515-12","1010","30.00","1",
"E515-13","1010","30.00","1",
"E515-14","1010","30.00","1",
"E515-15","1010","30.00","1",
"E515-16","1010","30.00","1",
"E515-17","1010","30.00","1",
"E515-18","1010","30.00","1",
"E515-19","1010","30.00","1",
"E515-20","1010","30.00","1",
"E515-21","1010","30.00","1",
"E515-22","1010","30.00","1",
"E515-23","1010","30.00","1",
"E515-24","1010","30.00","1",
"E515-25","1010","30.00","1",
"E515-26","1010","30.00","1",
"E515-27","1010","30.00","1",
"E515-28","1010","30.00","1",
"E515-29","1010","30.00","1",
"E515-30","1010","30.00","1",
"E515-31","1010","30.00","1",
"E515-32","1010","30.00","1",
"E515-33","1010","30.00","1",
"E515-34","1010","30.00","1",
"E515-35","1010","30.00","1",
"E515-36","1010","30.00","1",
"E515-37","1010","30.00","1",
"E515-38","1010","30.00","1",
"E515-39","1010","30.00","1",
"E515-40","1010","30.00","1",
"E515-41","1010","30.00","1",
"E515-42","1010","30.00","1",
"E515-43","1010","30.00","1",
"E515-44","1010","30.00","1",
"E515-45","1010","30.00","1",
"E515-46","1010","30.00","1",
"E515-47","1010","30.00","1",
"E515-48","1010","30.00","1",
"E515-49","1010","30.00","1",
"E515-50","1010","30.00","1",
"E515-51","1010","30.00","1",
"E515-52","1010","30.00","1",
"E515-53","1010","30.00","1",
"E515-54","1010","30.00","1",
"E515-55","1010","30.00","1",
"E515-56","1010","30.00","1",
"E515-57","1010","30.00","1",
"E515-58","1010","30.00","1",
"E515-59","1010","30.00","1",
"E515-60","1010","30.00","1",
"E515-61","1010","30.00","1",
"E515-62","1010","30.00","1",
"E515-63","1010","30.00","1",
"E515-64","1010","30.00","1",
"E515-65","1010","30.00","1",
"E515-66","1010","30.00","1",
"E515-67","1010","30.00","1",
"E515-68","1010","30.00","1",
"E515-69","1010","30.00","1",
"E515-70","1010","30.00","1",
"E515-71","1010","30.00","1",
"E515-72","1010","30.00","1",
"E515-73","1010","30.00","1",
"E515-74","1010","30.00","1",
"E515-75","1010","30.00","1",
"E515-76","1010","30.00","1",
"E515-77","1010","30.00","1",
"E515-78","1010","30.00","1",
"E515-79","1010","30.00","1",
"E515-80","1010","30.00","1",
"E515-81","1010","30.00","1",
"E515-82","1010","30.00","1",
"E515-83","1010","30.00","1",
"E515-84","1010","30.00","1",
"E515-85","1010","30.00","1",
"E515-86","1010","30.00","1",
"E515-87","1010","30.00","1",
"E515-88","1010","30.00","1",
"E515-89","1010","30.00","1",
"E515-90","1010","30.00","1",
"E515-91","1010","30.00","1",
"E515-92","1010","30.00","1",
"E515-93","1010","30.00","1",
"E515-94","1010","30.00","1",
"E515-95","1010","30.00","1",
"E515-96","1010","30.00","1",
"E515-97","1010","30.00","1",
"E515-98","1010","30.00","1",
"E515-99","1010","30.00","1",
"F500-00","1010","0","1",
"F500-01","1010","0","1",
"F500-02","1010","0","1",
"F500-03","1010","0","1",
"F500-04","1010","0","1",
"F500-05","1010","0","1",
"F500-06","1010","0","1",
"F500-07","1010","0","1",
"F500-08","1010","0","1",
"F500-09","1010","0","1",
"F500-10","1010","0","1",
"F500-11","1010","0","1",
"F500-12","1010","0","1",
"F500-13","1010","0","1",
"F500-14","1010","0","1",
"F500-15","1010","0","1",
"F500-16","1010","0","1",
"F500-17","1010","0","1",
"F500-18","1010","0","1",
"F500-19","1010","0","1",
"F500-20","1010","0","1",
"F500-21","1010","0","1",
"F500-22","1010","0","1",
"F500-23","1010","0","1",
"F500-24","1010","0","1",
"F500-25","1010","0","1",
"F500-26","1010","0","1",
"F500-27","1010","0","1",
"F500-28","1010","0","1",
"F500-29","1010","0","1",
"F500-30","1010","0","1",
"F500-31","1010","0","1",
"F500-32","1010","0","1",
"F500-33","1010","0","1",
"F500-34","1010","0","1",
"F500-35","1010","0","1",
"F500-36","1010","0","1",
"F500-37","1010","0","1",
"F500-38","1010","0","1",
"F500-39","1010","0","1",
"F500-40","1010","0","1",
"F500-41","1010","0","1",
"F500-42","1010","0","1",
"F500-43","1010","0","1",
"F500-44","1010","0","1",
"F500-45","1010","0","1",
"F500-46","1010","0","1",
"F500-47","1010","0","1",
"F500-48","1010","0","1",
"F500-49","1010","0","1",
"F500-50","1010","0","1",
"F500-51","1010","0","1",
"F500-52","1010","0","1",
"F500-53","1010","0","1",
"F500-54","1010","0","1",
"F500-55","1010","0","1",
"F500-56","1010","0","1",
"F500-57","1010","0","1",
"F500-58","1010","0","1",
"F500-59","1010","0","1",
"F500-60","1010","0","1",
"F500-61","1010","0","1",
"F500-62","1010","0","1",
"F500-63","1010","0","1",
"F500-64","1010","0","1",
"F500-65","1010","0","1",
"F500-66","1010","0","1",
"F500-67","1010","0","1",
"F500-68","1010","0","1",
"F500-69","1010","0","1",
"F500-70","1010","0","1",
"F500-71","1010","0","1",
"F500-72","1010","0","1",
"F500-73","1010","0","1",
"F500-74","1010","0","1",
"F500-75","1010","0","1",
"F500-76","1010","0","1",
"F500-77","1010","0","1",
"F500-78","1010","0","1",
"F500-79","1010","0","1",
"F500-80","1010","0","1",
"F500-81","1010","0","1",
"F500-82","1010","0","1",
"F500-83","1010","0","1",
"F500-84","1010","0","1",
"F500-85","1010","0","1",
"F500-86","1010","0","1",
"F500-87","1010","0","1",
"F500-88","1010","0","1",
"F500-89","1010","0","1",
"F500-90","1010","0","1",
"F500-91","1010","0","1",
"F500-92","1010","0","1",
"F500-93","1010","0","1",
"F500-94","1010","0","1",
"F500-95","1010","0","1",
"F500-96","1010","0","1",
"F500-97","1010","0","1",
"F500-98","1010","0","1",
"F500-99","1010","0","1",
"F510-00","1010","0","1",
"F510-01","1010","0","1",
"F510-02","1010","0","1",
"F510-03","1010","0","1",
"F510-04","1010","0","1",
"F510-05","1010","0","1",
"F510-06","1010","0","1",
"F510-07","1010","0","1",
"F510-08","1010","0","1",
"F510-09","1010","0","1",
"F510-10","1010","0","1",
"F510-11","1010","0","1",
"F510-12","1010","0","1",
"F510-13","1010","0","1",
"F510-14","1010","0","1",
"F510-15","1010","0","1",
"F510-16","1010","0","1",
"F510-17","1010","0","1",
"F510-18","1010","0","1",
"F510-19","1010","0","1",
"F510-20","1010","0","1",
"F510-21","1010","0","1",
"F510-22","1010","0","1",
"F510-23","1010","0","1",
"F510-24","1010","0","1",
"F510-25","1010","0","1",
"F510-26","1010","0","1",
"F510-27","1010","0","1",
"F510-28","1010","0","1",
"F510-29","1010","0","1",
"F510-30","1010","0","1",
"F510-31","1010","0","1",
"F510-32","1010","0","1",
"F510-33","1010","0","1",
"F510-34","1010","0","1",
"F510-35","1010","0","1",
"F510-36","1010","0","1",
"F510-37","1010","0","1",
"F510-38","1010","0","1",
"F510-39","1010","0","1",
"F510-40","1010","0","1",
"F510-41","1010","0","1",
"F510-42","1010","0","1",
"F510-43","1010","0","1",
"F510-44","1010","0","1",
"F510-45","1010","0","1",
"F510-46","1010","0","1",
"F510-47","1010","0","1",
"F510-48","1010","0","1",
"F510-49","1010","0","1",
"F510-50","1010","0","1",
"F510-51","1010","0","1",
"F510-52","1010","0","1",
"F510-53","1010","0","1",
"F510-54","1010","0","1",
"F510-55","1010","0","1",
"F510-56","1010","0","1",
"F510-57","1010","0","1",
"F510-58","1010","0","1",
"F510-59","1010","0","1",
"F510-60","1010","0","1",
"F510-61","1010","0","1",
"F510-62","1010","0","1",
"F510-63","1010","0","1",
"F510-64","1010","0","1",
"F510-65","1010","0","1",
"F510-66","1010","0","1",
"F510-67","1010","0","1",
"F510-68","1010","0","1",
"F510-69","1010","0","1",
"F510-70","1010","0","1",
"F510-71","1010","0","1",
"F510-72","1010","0","1",
"F510-73","1010","0","1",
"F510-74","1010","0","1",
"F510-75","1010","0","1",
"F510-76","1010","0","1",
"F510-77","1010","0","1",
"F510-78","1010","0","1",
"F510-79","1010","0","1",
"F510-80","1010","0","1",
"F510-81","1010","0","1",
"F510-82","1010","0","1",
"F510-83","1010","0","1",
"F510-84","1010","0","1",
"F510-85","1010","0","1",
"F510-86","1010","0","1",
"F510-87","1010","0","1",
"F510-88","1010","0","1",
"F510-89","1010","0","1",
"F510-90","1010","0","1",
"F510-91","1010","0","1",
"F510-92","1010","0","1",
"F510-93","1010","0","1",
"F510-94","1010","0","1",
"F510-95","1010","0","1",
"F510-96","1010","0","1",
"F510-97","1010","0","1",
"F510-98","1010","0","1",
"F510-99","1010","0","1",
"FG126","1010","18.65","1",
"FG226","1010","27.19","1",
"FG29","1010","0.88","1",
"GTS-B00","1010","795.00","1",
"GTS-B01","1010","795.00","1",
"GTS-B02","1010","795.00","1",
"GTS-B03","1010","795.00","1",
"GTS-B04","1010","795.00","1",
"GTS-B05","1010","795.00","1",
"GTS-B06","1010","795.00","1",
"GTS-B07","1010","795.00","1",
"GTS-B08","1010","795.00","1",
"GTS-B09","1010","795.00","1",
"GTS-B10","1010","795.00","1",
"GTS-B11","1010","795.00","1",
"GTS-B12","1010","795.00","1",
"GTS-B13","1010","795.00","1",
"GTS-B14","1010","795.00","1",
"GTS-B15","1010","795.00","1",
"GTS-B16","1010","795.00","1",
"GTS-B17","1010","795.00","1",
"GTS-B18","1010","795.00","1",
"GTS-B19","1010","795.00","1",
"GTS-B20","1010","795.00","1",
"GTS-B21","1010","795.00","1",
"GTS-B22","1010","795.00","1",
"GTS-B23","1010","795.00","1",
"GTS-B24","1010","795.00","1",
"GTS-B25","1010","795.00","1",
"GTS-B26","1010","795.00","1",
"GTS-B27","1010","795.00","1",
"GTS-B28","1010","795.00","1",
"GTS-B29","1010","795.00","1",
"GTS-B30","1010","795.00","1",
"GTS-B31","1010","795.00","1",
"GTS-B32","1010","795.00","1",
"GTS-B33","1010","795.00","1",
"GTS-B34","1010","795.00","1",
"GTS-B35","1010","795.00","1",
"GTS-B36","1010","795.00","1",
"GTS-B37","1010","795.00","1",
"GTS-B38","1010","795.00","1",
"GTS-B39","1010","795.00","1",
"GTS-B40","1010","795.00","1",
"GTS-B41","1010","795.00","1",
"GTS-B42","1010","795.00","1",
"GTS-B43","1010","795.00","1",
"GTS-B44","1010","795.00","1",
"GTS-B45","1010","795.00","1",
"GTS-B46","1010","795.00","1",
"GTS-B47","1010","795.00","1",
"GTS-B48","1010","795.00","1",
"GTS-B49","1010","795.00","1",
"GTS-B50","1010","795.00","1",
"GTS-B51","1010","795.00","1",
"GTS-B52","1010","795.00","1",
"GTS-B53","1010","795.00","1",
"GTS-B54","1010","795.00","1",
"GTS-B55","1010","795.00","1",
"GTS-B56","1010","795.00","1",
"GTS-B57","1010","795.00","1",
"GTS-B58","1010","795.00","1",
"GTS-B59","1010","795.00","1",
"GTS-B60","1010","795.00","1",
"GTS-B61","1010","795.00","1",
"GTS-B62","1010","795.00","1",
"GTS-B63","1010","795.00","1",
"GTS-B64","1010","795.00","1",
"GTS-B65","1010","795.00","1",
"GTS-B66","1010","795.00","1",
"GTS-B67","1010","795.00","1",
"GTS-B68","1010","795.00","1",
"GTS-B69","1010","795.00","1",
"GTS-B70","1010","795.00","1",
"GTS-B71","1010","795.00","1",
"GTS-B72","1010","795.00","1",
"GTS-B73","1010","795.00","1",
"GTS-B74","1010","795.00","1",
"GTS-B75","1010","795.00","1",
"GTS-B76","1010","795.00","1",
"GTS-B77","1010","795.00","1",
"GTS-B78","1010","795.00","1",
"GTS-B79","1010","795.00","1",
"GTS-B80","1010","795.00","1",
"GTS-B81","1010","795.00","1",
"GTS-B82","1010","795.00","1",
"GTS-B83","1010","795.00","1",
"GTS-B84","1010","795.00","1",
"GTS-B85","1010","795.00","1",
"GTS-B86","1010","795.00","1",
"GTS-B87","1010","795.00","1",
"GTS-B88","1010","795.00","1",
"GTS-B89","1010","795.00","1",
"GTS-B90","1010","795.00","1",
"GTS-B91","1010","795.00","1",
"GTS-B92","1010","795.00","1",
"GTS-B93","1010","795.00","1",
"GTS-B94","1010","795.00","1",
"GTS-B95","1010","795.00","1",
"GTS-B96","1010","795.00","1",
"GTS-B97","1010","795.00","1",
"GTS-B98","1010","795.00","1",
"GTS-B99","1010","795.00","1",
"GTS-CMP1","1010","10.75","1",
"GTS-CMP10","1010","60.00","1",
"GTS-CMP11","1010","10.75","1",
"GTS-CMP12","1010","9.50","1",
"GTS-CMP2","1010","9.50","1",
"GTS-CMP3","1010","220.00","1",
"GTS-CMP4","1010","45.00","1",
"GTS-CMP5","1010","180.00","1",
"GTS-CMP7","1010","30.00","1",
"GTS-CMP8","1010","10.00","1",
"GTS-CMP9","1010","80.00","1",
"GTS-HTB","1010","1.15","1",
"GTS-HTBPI","1010","2.15","1",
"GTS-M0100","1010","193.80","1",
"GTS-M0101","1010","193.80","1",
"GTS-M0102","1010","193.80","1",
"GTS-M0103","1010","193.80","1",
"GTS-M0104","1010","193.80","1",
"GTS-M0105","1010","193.80","1",
"GTS-M0106","1010","193.80","1",
"GTS-M0107","1010","193.80","1",
"GTS-M0108","1010","193.80","1",
"GTS-M0109","1010","193.80","1",
"GTS-M0110","1010","193.80","1",
"GTS-M0111","1010","193.80","1",
"GTS-M0112","1010","193.80","1",
"GTS-M0113","1010","193.80","1",
"GTS-M0114","1010","193.80","1",
"GTS-M0115","1010","193.80","1",
"GTS-M0116","1010","193.80","1",
"GTS-M0117","1010","193.80","1",
"GTS-M0118","1010","193.80","1",
"GTS-M0119","1010","193.80","1",
"GTS-M0120","1010","193.80","1",
"GTS-M0121","1010","193.80","1",
"GTS-M0122","1010","193.80","1",
"GTS-M0123","1010","193.80","1",
"GTS-M0124","1010","193.80","1",
"GTS-M0125","1010","193.80","1",
"GTS-M0126","1010","193.80","1",
"GTS-M0127","1010","193.80","1",
"GTS-M0128","1010","193.80","1",
"GTS-M0129","1010","193.80","1",
"GTS-M0130","1010","193.80","1",
"GTS-M0131","1010","193.80","1",
"GTS-M0132","1010","193.80","1",
"GTS-M0133","1010","193.80","1",
"GTS-M0134","1010","193.80","1",
"GTS-M0135","1010","193.80","1",
"GTS-M0136","1010","193.80","1",
"GTS-M0137","1010","193.80","1",
"GTS-M0138","1010","193.80","1",
"GTS-M0139","1010","193.80","1",
"GTS-M0140","1010","193.80","1",
"GTS-M0141","1010","193.80","1",
"GTS-M0142","1010","193.80","1",
"GTS-M0143","1010","193.80","1",
"GTS-M0144","1010","193.80","1",
"GTS-M0145","1010","193.80","1",
"GTS-M0146","1010","193.80","1",
"GTS-M0147","1010","193.80","1",
"GTS-M0148","1010","193.80","1",
"GTS-M0149","1010","193.80","1",
"GTS-M0150","1010","193.80","1",
"GTS-M0151","1010","193.80","1",
"GTS-M0152","1010","193.80","1",
"GTS-M0153","1010","193.80","1",
"GTS-M0154","1010","193.80","1",
"GTS-M0155","1010","193.80","1",
"GTS-M0156","1010","193.80","1",
"GTS-M0157","1010","193.80","1",
"GTS-M0158","1010","193.80","1",
"GTS-M0159","1010","193.80","1",
"GTS-M0160","1010","193.80","1",
"GTS-M0161","1010","193.80","1",
"GTS-M0162","1010","193.80","1",
"GTS-M0163","1010","193.80","1",
"GTS-M0164","1010","193.80","1",
"GTS-M0165","1010","193.80","1",
"GTS-M0166","1010","193.80","1",
"GTS-M0167","1010","193.80","1",
"GTS-M0168","1010","193.80","1",
"GTS-M0169","1010","193.80","1",
"GTS-M0170","1010","193.80","1",
"GTS-M0171","1010","193.80","1",
"GTS-M0172","1010","193.80","1",
"GTS-M0173","1010","193.80","1",
"GTS-M0174","1010","193.80","1",
"GTS-M0175","1010","193.80","1",
"GTS-M0176","1010","193.80","1",
"GTS-M0177","1010","193.80","1",
"GTS-M0178","1010","193.80","1",
"GTS-M0179","1010","193.80","1",
"GTS-M0180","1010","193.80","1",
"GTS-M0181","1010","193.80","1",
"GTS-M0182","1010","193.80","1",
"GTS-M0183","1010","193.80","1",
"GTS-M0184","1010","193.80","1",
"GTS-M0185","1010","193.80","1",
"GTS-M0186","1010","193.80","1",
"GTS-M0187","1010","193.80","1",
"GTS-M0188","1010","193.80","1",
"GTS-M0189","1010","193.80","1",
"GTS-M0190","1010","193.80","1",
"GTS-M0191","1010","193.80","1",
"GTS-M0192","1010","193.80","1",
"GTS-M0193","1010","193.80","1",
"GTS-M0194","1010","193.80","1",
"GTS-M0195","1010","193.80","1",
"GTS-M0196","1010","193.80","1",
"GTS-M0197","1010","193.80","1",
"GTS-M0198","1010","193.80","1",
"GTS-M0199","1010","193.80","1",
"GTS-M0200","1010","501.25","1",
"GTS-M0201","1010","501.25","1",
"GTS-M0202","1010","501.25","1",
"GTS-M0203","1010","501.25","1",
"GTS-M0204","1010","501.25","1",
"GTS-M0205","1010","501.25","1",
"GTS-M0206","1010","501.25","1",
"GTS-M0207","1010","501.25","1",
"GTS-M0208","1010","501.25","1",
"GTS-M0209","1010","501.25","1",
"GTS-M0210","1010","501.25","1",
"GTS-M0211","1010","501.25","1",
"GTS-M0212","1010","501.25","1",
"GTS-M0213","1010","501.25","1",
"GTS-M0214","1010","501.25","1",
"GTS-M0215","1010","501.25","1",
"GTS-M0216","1010","501.25","1",
"GTS-M0217","1010","501.25","1",
"GTS-M0218","1010","501.25","1",
"GTS-M0219","1010","501.25","1",
"GTS-M0220","1010","501.25","1",
"GTS-M0221","1010","501.25","1",
"GTS-M0222","1010","501.25","1",
"GTS-M0223","1010","501.25","1",
"GTS-M0224","1010","501.25","1",
"GTS-M0225","1010","501.25","1",
"GTS-M0226","1010","501.25","1",
"GTS-M0227","1010","501.25","1",
"GTS-M0228","1010","501.25","1",
"GTS-M0229","1010","501.25","1",
"GTS-M0230","1010","501.25","1",
"GTS-M0231","1010","501.25","1",
"GTS-M0232","1010","501.25","1",
"GTS-M0233","1010","501.25","1",
"GTS-M0234","1010","501.25","1",
"GTS-M0235","1010","501.25","1",
"GTS-M0236","1010","501.25","1",
"GTS-M0237","1010","501.25","1",
"GTS-M0238","1010","501.25","1",
"GTS-M0239","1010","501.25","1",
"GTS-M0240","1010","501.25","1",
"GTS-M0241","1010","501.25","1",
"GTS-M0242","1010","501.25","1",
"GTS-M0243","1010","501.25","1",
"GTS-M0244","1010","501.25","1",
"GTS-M0245","1010","501.25","1",
"GTS-M0246","1010","501.25","1",
"GTS-M0247","1010","501.25","1",
"GTS-M0248","1010","501.25","1",
"GTS-M0249","1010","501.25","1",
"GTS-M0250","1010","501.25","1",
"GTS-M0251","1010","501.25","1",
"GTS-M0252","1010","501.25","1",
"GTS-M0253","1010","501.25","1",
"GTS-M0254","1010","501.25","1",
"GTS-M0255","1010","501.25","1",
"GTS-M0256","1010","501.25","1",
"GTS-M0257","1010","501.25","1",
"GTS-M0258","1010","501.25","1",
"GTS-M0259","1010","501.25","1",
"GTS-M0260","1010","501.25","1",
"GTS-M0261","1010","501.25","1",
"GTS-M0262","1010","501.25","1",
"GTS-M0263","1010","501.25","1",
"GTS-M0264","1010","501.25","1",
"GTS-M0265","1010","501.25","1",
"GTS-M0266","1010","501.25","1",
"GTS-M0267","1010","501.25","1",
"GTS-M0268","1010","501.25","1",
"GTS-M0269","1010","501.25","1",
"GTS-M0270","1010","501.25","1",
"GTS-M0271","1010","501.25","1",
"GTS-M0272","1010","501.25","1",
"GTS-M0273","1010","501.25","1",
"GTS-M0274","1010","501.25","1",
"GTS-M0275","1010","501.25","1",
"GTS-M0276","1010","501.25","1",
"GTS-M0277","1010","501.25","1",
"GTS-M0278","1010","501.25","1",
"GTS-M0279","1010","501.25","1",
"GTS-M0280","1010","501.25","1",
"GTS-M0281","1010","501.25","1",
"GTS-M0282","1010","501.25","1",
"GTS-M0283","1010","501.25","1",
"GTS-M0284","1010","501.25","1",
"GTS-M0285","1010","501.25","1",
"GTS-M0286","1010","501.25","1",
"GTS-M0287","1010","501.25","1",
"GTS-M0288","1010","501.25","1",
"GTS-M0289","1010","501.25","1",
"GTS-M0290","1010","501.25","1",
"GTS-M0291","1010","501.25","1",
"GTS-M0292","1010","501.25","1",
"GTS-M0293","1010","501.25","1",
"GTS-M0294","1010","501.25","1",
"GTS-M0295","1010","501.25","1",
"GTS-M0296","1010","501.25","1",
"GTS-M0297","1010","501.25","1",
"GTS-M0298","1010","501.25","1",
"GTS-M0299","1010","501.25","1",
"GTS-M0300","1010","55.00","1",
"GTS-M0301","1010","55.00","1",
"GTS-M0302","1010","55.00","1",
"GTS-M0303","1010","55.00","1",
"GTS-M0304","1010","55.00","1",
"GTS-M0305","1010","55.00","1",
"GTS-M0306","1010","55.00","1",
"GTS-M0307","1010","55.00","1",
"GTS-M0308","1010","55.00","1",
"GTS-M0309","1010","55.00","1",
"GTS-M0310","1010","55.00","1",
"GTS-M0311","1010","55.00","1",
"GTS-M0312","1010","55.00","1",
"GTS-M0313","1010","55.00","1",
"GTS-M0314","1010","55.00","1",
"GTS-M0315","1010","55.00","1",
"GTS-M0316","1010","55.00","1",
"GTS-M0317","1010","55.00","1",
"GTS-M0318","1010","55.00","1",
"GTS-M0319","1010","55.00","1",
"GTS-M0320","1010","55.00","1",
"GTS-M0321","1010","55.00","1",
"GTS-M0322","1010","55.00","1",
"GTS-M0323","1010","55.00","1",
"GTS-M0324","1010","55.00","1",
"GTS-M0325","1010","55.00","1",
"GTS-M0326","1010","55.00","1",
"GTS-M0327","1010","55.00","1",
"GTS-M0328","1010","55.00","1",
"GTS-M0329","1010","55.00","1",
"GTS-M0330","1010","55.00","1",
"GTS-M0331","1010","55.00","1",
"GTS-M0332","1010","55.00","1",
"GTS-M0333","1010","55.00","1",
"GTS-M0334","1010","55.00","1",
"GTS-M0335","1010","55.00","1",
"GTS-M0336","1010","55.00","1",
"GTS-M0337","1010","55.00","1",
"GTS-M0338","1010","55.00","1",
"GTS-M0339","1010","55.00","1",
"GTS-M0340","1010","55.00","1",
"GTS-M0341","1010","55.00","1",
"GTS-M0342","1010","55.00","1",
"GTS-M0343","1010","55.00","1",
"GTS-M0344","1010","55.00","1",
"GTS-M0345","1010","55.00","1",
"GTS-M0346","1010","55.00","1",
"GTS-M0347","1010","55.00","1",
"GTS-M0348","1010","55.00","1",
"GTS-M0349","1010","55.00","1",
"GTS-M0350","1010","55.00","1",
"GTS-M0351","1010","55.00","1",
"GTS-M0352","1010","55.00","1",
"GTS-M0353","1010","55.00","1",
"GTS-M0354","1010","55.00","1",
"GTS-M0355","1010","55.00","1",
"GTS-M0356","1010","55.00","1",
"GTS-M0357","1010","55.00","1",
"GTS-M0358","1010","55.00","1",
"GTS-M0359","1010","55.00","1",
"GTS-M0360","1010","55.00","1",
"GTS-M0361","1010","55.00","1",
"GTS-M0362","1010","55.00","1",
"GTS-M0363","1010","55.00","1",
"GTS-M0364","1010","55.00","1",
"GTS-M0365","1010","55.00","1",
"GTS-M0366","1010","55.00","1",
"GTS-M0367","1010","55.00","1",
"GTS-M0368","1010","55.00","1",
"GTS-M0369","1010","55.00","1",
"GTS-M0370","1010","55.00","1",
"GTS-M0371","1010","55.00","1",
"GTS-M0372","1010","55.00","1",
"GTS-M0373","1010","55.00","1",
"GTS-M0374","1010","55.00","1",
"GTS-M0375","1010","55.00","1",
"GTS-M0376","1010","55.00","1",
"GTS-M0377","1010","55.00","1",
"GTS-M0378","1010","55.00","1",
"GTS-M0379","1010","55.00","1",
"GTS-M0380","1010","55.00","1",
"GTS-M0381","1010","55.00","1",
"GTS-M0382","1010","55.00","1",
"GTS-M0383","1010","55.00","1",
"GTS-M0384","1010","55.00","1",
"GTS-M0385","1010","55.00","1",
"GTS-M0386","1010","55.00","1",
"GTS-M0387","1010","55.00","1",
"GTS-M0388","1010","55.00","1",
"GTS-M0389","1010","55.00","1",
"GTS-M0390","1010","55.00","1",
"GTS-M0391","1010","55.00","1",
"GTS-M0392","1010","55.00","1",
"GTS-M0393","1010","55.00","1",
"GTS-M0394","1010","55.00","1",
"GTS-M0395","1010","55.00","1",
"GTS-M0396","1010","55.00","1",
"GTS-M0397","1010","55.00","1",
"GTS-M0398","1010","55.00","1",
"GTS-M0399","1010","55.00","1",
"GTS-M0400","1010","104.00","1",
"GTS-M0401","1010","104.00","1",
"GTS-M0402","1010","104.00","1",
"GTS-M0403","1010","104.00","1",
"GTS-M0404","1010","104.00","1",
"GTS-M0405","1010","104.00","1",
"GTS-M0406","1010","104.00","1",
"GTS-M0407","1010","104.00","1",
"GTS-M0408","1010","104.00","1",
"GTS-M0409","1010","104.00","1",
"GTS-M0410","1010","104.00","1",
"GTS-M0411","1010","104.00","1",
"GTS-M0412","1010","104.00","1",
"GTS-M0413","1010","104.00","1",
"GTS-M0414","1010","104.00","1",
"GTS-M0415","1010","104.00","1",
"GTS-M0416","1010","104.00","1",
"GTS-M0417","1010","104.00","1",
"GTS-M0418","1010","104.00","1",
"GTS-M0419","1010","104.00","1",
"GTS-M0420","1010","104.00","1",
"GTS-M0421","1010","104.00","1",
"GTS-M0422","1010","104.00","1",
"GTS-M0423","1010","104.00","1",
"GTS-M0424","1010","104.00","1",
"GTS-M0425","1010","104.00","1",
"GTS-M0426","1010","104.00","1",
"GTS-M0427","1010","104.00","1",
"GTS-M0428","1010","104.00","1",
"GTS-M0429","1010","104.00","1",
"GTS-M0430","1010","104.00","1",
"GTS-M0431","1010","104.00","1",
"GTS-M0432","1010","104.00","1",
"GTS-M0433","1010","104.00","1",
"GTS-M0434","1010","104.00","1",
"GTS-M0435","1010","104.00","1",
"GTS-M0436","1010","104.00","1",
"GTS-M0437","1010","104.00","1",
"GTS-M0438","1010","104.00","1",
"GTS-M0439","1010","104.00","1",
"GTS-M0440","1010","104.00","1",
"GTS-M0441","1010","104.00","1",
"GTS-M0442","1010","104.00","1",
"GTS-M0443","1010","104.00","1",
"GTS-M0444","1010","104.00","1",
"GTS-M0445","1010","104.00","1",
"GTS-M0446","1010","104.00","1",
"GTS-M0447","1010","104.00","1",
"GTS-M0448","1010","104.00","1",
"GTS-M0449","1010","104.00","1",
"GTS-M0450","1010","104.00","1",
"GTS-M0451","1010","104.00","1",
"GTS-M0452","1010","104.00","1",
"GTS-M0453","1010","104.00","1",
"GTS-M0454","1010","104.00","1",
"GTS-M0455","1010","104.00","1",
"GTS-M0456","1010","104.00","1",
"GTS-M0457","1010","104.00","1",
"GTS-M0458","1010","104.00","1",
"GTS-M0459","1010","104.00","1",
"GTS-M0460","1010","104.00","1",
"GTS-M0461","1010","104.00","1",
"GTS-M0462","1010","104.00","1",
"GTS-M0463","1010","104.00","1",
"GTS-M0464","1010","104.00","1",
"GTS-M0465","1010","104.00","1",
"GTS-M0466","1010","104.00","1",
"GTS-M0467","1010","104.00","1",
"GTS-M0468","1010","104.00","1",
"GTS-M0469","1010","104.00","1",
"GTS-M0470","1010","104.00","1",
"GTS-M0471","1010","104.00","1",
"GTS-M0472","1010","104.00","1",
"GTS-M0473","1010","104.00","1",
"GTS-M0474","1010","104.00","1",
"GTS-M0475","1010","104.00","1",
"GTS-M0476","1010","104.00","1",
"GTS-M0477","1010","104.00","1",
"GTS-M0478","1010","104.00","1",
"GTS-M0479","1010","104.00","1",
"GTS-M0480","1010","104.00","1",
"GTS-M0481","1010","104.00","1",
"GTS-M0482","1010","104.00","1",
"GTS-M0483","1010","104.00","1",
"GTS-M0484","1010","104.00","1",
"GTS-M0485","1010","104.00","1",
"GTS-M0486","1010","104.00","1",
"GTS-M0487","1010","104.00","1",
"GTS-M0488","1010","104.00","1",
"GTS-M0489","1010","104.00","1",
"GTS-M0490","1010","104.00","1",
"GTS-M0491","1010","104.00","1",
"GTS-M0492","1010","104.00","1",
"GTS-M0493","1010","104.00","1",
"GTS-M0494","1010","104.00","1",
"GTS-M0495","1010","104.00","1",
"GTS-M0496","1010","104.00","1",
"GTS-M0497","1010","104.00","1",
"GTS-M0498","1010","104.00","1",
"GTS-M0499","1010","104.00","1",
"GTS-M0500","1010","125.90","1",
"GTS-M0501","1010","125.90","1",
"GTS-M0502","1010","125.90","1",
"GTS-M0503","1010","125.90","1",
"GTS-M0504","1010","125.90","1",
"GTS-M0505","1010","125.90","1",
"GTS-M0506","1010","125.90","1",
"GTS-M0507","1010","125.90","1",
"GTS-M0508","1010","125.90","1",
"GTS-M0509","1010","125.90","1",
"GTS-M0510","1010","125.90","1",
"GTS-M0511","1010","125.90","1",
"GTS-M0512","1010","125.90","1",
"GTS-M0513","1010","125.90","1",
"GTS-M0514","1010","125.90","1",
"GTS-M0515","1010","125.90","1",
"GTS-M0516","1010","125.90","1",
"GTS-M0517","1010","125.90","1",
"GTS-M0518","1010","125.90","1",
"GTS-M0519","1010","125.90","1",
"GTS-M0520","1010","125.90","1",
"GTS-M0521","1010","125.90","1",
"GTS-M0522","1010","125.90","1",
"GTS-M0523","1010","125.90","1",
"GTS-M0524","1010","125.90","1",
"GTS-M0525","1010","125.90","1",
"GTS-M0526","1010","125.90","1",
"GTS-M0527","1010","125.90","1",
"GTS-M0528","1010","125.90","1",
"GTS-M0529","1010","125.90","1",
"GTS-M0530","1010","125.90","1",
"GTS-M0531","1010","125.90","1",
"GTS-M0532","1010","125.90","1",
"GTS-M0533","1010","125.90","1",
"GTS-M0534","1010","125.90","1",
"GTS-M0535","1010","125.90","1",
"GTS-M0536","1010","125.90","1",
"GTS-M0537","1010","125.90","1",
"GTS-M0538","1010","125.90","1",
"GTS-M0539","1010","125.90","1",
"GTS-M0540","1010","125.90","1",
"GTS-M0541","1010","125.90","1",
"GTS-M0542","1010","125.90","1",
"GTS-M0543","1010","125.90","1",
"GTS-M0544","1010","125.90","1",
"GTS-M0545","1010","125.90","1",
"GTS-M0546","1010","125.90","1",
"GTS-M0547","1010","125.90","1",
"GTS-M0548","1010","125.90","1",
"GTS-M0549","1010","125.90","1",
"GTS-M0550","1010","125.90","1",
"GTS-M0551","1010","125.90","1",
"GTS-M0552","1010","125.90","1",
"GTS-M0553","1010","125.90","1",
"GTS-M0554","1010","125.90","1",
"GTS-M0555","1010","125.90","1",
"GTS-M0556","1010","125.90","1",
"GTS-M0557","1010","125.90","1",
"GTS-M0558","1010","125.90","1",
"GTS-M0559","1010","125.90","1",
"GTS-M0560","1010","125.90","1",
"GTS-M0561","1010","125.90","1",
"GTS-M0562","1010","125.90","1",
"GTS-M0563","1010","125.90","1",
"GTS-M0564","1010","125.90","1",
"GTS-M0565","1010","125.90","1",
"GTS-M0566","1010","125.90","1",
"GTS-M0567","1010","125.90","1",
"GTS-M0568","1010","125.90","1",
"GTS-M0569","1010","125.90","1",
"GTS-M0570","1010","125.90","1",
"GTS-M0571","1010","125.90","1",
"GTS-M0572","1010","125.90","1",
"GTS-M0573","1010","125.90","1",
"GTS-M0574","1010","125.90","1",
"GTS-M0575","1010","125.90","1",
"GTS-M0576","1010","125.90","1",
"GTS-M0577","1010","125.90","1",
"GTS-M0578","1010","125.90","1",
"GTS-M0579","1010","125.90","1",
"GTS-M0580","1010","125.90","1",
"GTS-M0581","1010","125.90","1",
"GTS-M0582","1010","125.90","1",
"GTS-M0583","1010","125.90","1",
"GTS-M0584","1010","125.90","1",
"GTS-M0585","1010","125.90","1",
"GTS-M0586","1010","125.90","1",
"GTS-M0587","1010","125.90","1",
"GTS-M0588","1010","125.90","1",
"GTS-M0589","1010","125.90","1",
"GTS-M0590","1010","125.90","1",
"GTS-M0591","1010","125.90","1",
"GTS-M0592","1010","125.90","1",
"GTS-M0593","1010","125.90","1",
"GTS-M0594","1010","125.90","1",
"GTS-M0595","1010","125.90","1",
"GTS-M0596","1010","125.90","1",
"GTS-M0597","1010","125.90","1",
"GTS-M0598","1010","125.90","1",
"GTS-M0599","1010","125.90","1",
"GTS-M0600","1010","100.00","1",
"GTS-M0601","1010","100.00","1",
"GTS-M0602","1010","100.00","1",
"GTS-M0603","1010","100.00","1",
"GTS-M0604","1010","100.00","1",
"GTS-M0605","1010","100.00","1",
"GTS-M0606","1010","100.00","1",
"GTS-M0607","1010","100.00","1",
"GTS-M0608","1010","100.00","1",
"GTS-M0609","1010","100.00","1",
"GTS-M0610","1010","100.00","1",
"GTS-M0611","1010","100.00","1",
"GTS-M0612","1010","100.00","1",
"GTS-M0613","1010","100.00","1",
"GTS-M0614","1010","100.00","1",
"GTS-M0615","1010","100.00","1",
"GTS-M0616","1010","100.00","1",
"GTS-M0617","1010","100.00","1",
"GTS-M0618","1010","100.00","1",
"GTS-M0619","1010","100.00","1",
"GTS-M0620","1010","100.00","1",
"GTS-M0621","1010","100.00","1",
"GTS-M0622","1010","100.00","1",
"GTS-M0623","1010","100.00","1",
"GTS-M0624","1010","100.00","1",
"GTS-M0625","1010","100.00","1",
"GTS-M0626","1010","100.00","1",
"GTS-M0627","1010","100.00","1",
"GTS-M0628","1010","100.00","1",
"GTS-M0629","1010","100.00","1",
"GTS-M0630","1010","100.00","1",
"GTS-M0631","1010","100.00","1",
"GTS-M0632","1010","100.00","1",
"GTS-M0633","1010","100.00","1",
"GTS-M0634","1010","100.00","1",
"GTS-M0635","1010","100.00","1",
"GTS-M0636","1010","100.00","1",
"GTS-M0637","1010","100.00","1",
"GTS-M0638","1010","100.00","1",
"GTS-M0639","1010","100.00","1",
"GTS-M0640","1010","100.00","1",
"GTS-M0641","1010","100.00","1",
"GTS-M0642","1010","100.00","1",
"GTS-M0643","1010","100.00","1",
"GTS-M0644","1010","100.00","1",
"GTS-M0645","1010","100.00","1",
"GTS-M0646","1010","100.00","1",
"GTS-M0647","1010","100.00","1",
"GTS-M0648","1010","100.00","1",
"GTS-M0649","1010","100.00","1",
"GTS-M0650","1010","100.00","1",
"GTS-M0651","1010","100.00","1",
"GTS-M0652","1010","100.00","1",
"GTS-M0653","1010","100.00","1",
"GTS-M0654","1010","100.00","1",
"GTS-M0655","1010","100.00","1",
"GTS-M0656","1010","100.00","1",
"GTS-M0657","1010","100.00","1",
"GTS-M0658","1010","100.00","1",
"GTS-M0659","1010","100.00","1",
"GTS-M0660","1010","100.00","1",
"GTS-M0661","1010","100.00","1",
"GTS-M0662","1010","100.00","1",
"GTS-M0663","1010","100.00","1",
"GTS-M0664","1010","100.00","1",
"GTS-M0665","1010","100.00","1",
"GTS-M0666","1010","100.00","1",
"GTS-M0667","1010","100.00","1",
"GTS-M0668","1010","100.00","1",
"GTS-M0669","1010","100.00","1",
"GTS-M0670","1010","100.00","1",
"GTS-M0671","1010","100.00","1",
"GTS-M0672","1010","100.00","1",
"GTS-M0673","1010","100.00","1",
"GTS-M0674","1010","100.00","1",
"GTS-M0675","1010","100.00","1",
"GTS-M0676","1010","100.00","1",
"GTS-M0677","1010","100.00","1",
"GTS-M0678","1010","100.00","1",
"GTS-M0679","1010","100.00","1",
"GTS-M0680","1010","100.00","1",
"GTS-M0681","1010","100.00","1",
"GTS-M0682","1010","100.00","1",
"GTS-M0683","1010","100.00","1",
"GTS-M0684","1010","100.00","1",
"GTS-M0685","1010","100.00","1",
"GTS-M0686","1010","100.00","1",
"GTS-M0687","1010","100.00","1",
"GTS-M0688","1010","100.00","1",
"GTS-M0689","1010","100.00","1",
"GTS-M0690","1010","100.00","1",
"GTS-M0691","1010","100.00","1",
"GTS-M0692","1010","100.00","1",
"GTS-M0693","1010","100.00","1",
"GTS-M0694","1010","100.00","1",
"GTS-M0695","1010","100.00","1",
"GTS-M0696","1010","100.00","1",
"GTS-M0697","1010","100.00","1",
"GTS-M0698","1010","100.00","1",
"GTS-M0699","1010","100.00","1",
"GTS-M0700","1010","5.00","1",
"GTS-M0701","1010","5.00","1",
"GTS-M0702","1010","5.00","1",
"GTS-M0703","1010","5.00","1",
"GTS-M0704","1010","5.00","1",
"GTS-M0705","1010","5.00","1",
"GTS-M0706","1010","5.00","1",
"GTS-M0707","1010","5.00","1",
"GTS-M0708","1010","5.00","1",
"GTS-M0709","1010","5.00","1",
"GTS-M0710","1010","5.00","1",
"GTS-M0711","1010","5.00","1",
"GTS-M0712","1010","5.00","1",
"GTS-M0713","1010","5.00","1",
"GTS-M0714","1010","5.00","1",
"GTS-M0715","1010","5.00","1",
"GTS-M0716","1010","5.00","1",
"GTS-M0717","1010","5.00","1",
"GTS-M0718","1010","5.00","1",
"GTS-M0719","1010","5.00","1",
"GTS-M0720","1010","5.00","1",
"GTS-M0721","1010","5.00","1",
"GTS-M0722","1010","5.00","1",
"GTS-M0723","1010","5.00","1",
"GTS-M0724","1010","5.00","1",
"GTS-M0725","1010","5.00","1",
"GTS-M0726","1010","5.00","1",
"GTS-M0727","1010","5.00","1",
"GTS-M0728","1010","5.00","1",
"GTS-M0729","1010","5.00","1",
"GTS-M0730","1010","5.00","1",
"GTS-M0731","1010","5.00","1",
"GTS-M0732","1010","5.00","1",
"GTS-M0733","1010","5.00","1",
"GTS-M0734","1010","5.00","1",
"GTS-M0735","1010","5.00","1",
"GTS-M0736","1010","5.00","1",
"GTS-M0737","1010","5.00","1",
"GTS-M0738","1010","5.00","1",
"GTS-M0739","1010","5.00","1",
"GTS-M0740","1010","5.00","1",
"GTS-M0741","1010","5.00","1",
"GTS-M0742","1010","5.00","1",
"GTS-M0743","1010","5.00","1",
"GTS-M0744","1010","5.00","1",
"GTS-M0745","1010","5.00","1",
"GTS-M0746","1010","5.00","1",
"GTS-M0747","1010","5.00","1",
"GTS-M0748","1010","5.00","1",
"GTS-M0749","1010","5.00","1",
"GTS-M0750","1010","5.00","1",
"GTS-M0751","1010","5.00","1",
"GTS-M0752","1010","5.00","1",
"GTS-M0753","1010","5.00","1",
"GTS-M0754","1010","5.00","1",
"GTS-M0755","1010","5.00","1",
"GTS-M0756","1010","5.00","1",
"GTS-M0757","1010","5.00","1",
"GTS-M0758","1010","5.00","1",
"GTS-M0759","1010","5.00","1",
"GTS-M0760","1010","5.00","1",
"GTS-M0761","1010","5.00","1",
"GTS-M0762","1010","5.00","1",
"GTS-M0763","1010","5.00","1",
"GTS-M0764","1010","5.00","1",
"GTS-M0765","1010","5.00","1",
"GTS-M0766","1010","5.00","1",
"GTS-M0767","1010","5.00","1",
"GTS-M0768","1010","5.00","1",
"GTS-M0769","1010","5.00","1",
"GTS-M0770","1010","5.00","1",
"GTS-M0771","1010","5.00","1",
"GTS-M0772","1010","5.00","1",
"GTS-M0773","1010","5.00","1",
"GTS-M0774","1010","5.00","1",
"GTS-M0775","1010","5.00","1",
"GTS-M0776","1010","5.00","1",
"GTS-M0777","1010","5.00","1",
"GTS-M0778","1010","5.00","1",
"GTS-M0779","1010","5.00","1",
"GTS-M0780","1010","5.00","1",
"GTS-M0781","1010","5.00","1",
"GTS-M0782","1010","5.00","1",
"GTS-M0783","1010","5.00","1",
"GTS-M0784","1010","5.00","1",
"GTS-M0785","1010","5.00","1",
"GTS-M0786","1010","5.00","1",
"GTS-M0787","1010","5.00","1",
"GTS-M0788","1010","5.00","1",
"GTS-M0789","1010","5.00","1",
"GTS-M0790","1010","5.00","1",
"GTS-M0791","1010","5.00","1",
"GTS-M0792","1010","5.00","1",
"GTS-M0793","1010","5.00","1",
"GTS-M0794","1010","5.00","1",
"GTS-M0795","1010","5.00","1",
"GTS-M0796","1010","5.00","1",
"GTS-M0797","1010","5.00","1",
"GTS-M0798","1010","5.00","1",
"GTS-M0799","1010","5.00","1",
"GTS-M0800","1010","5.11","1",
"GTS-M0801","1010","5.11","1",
"GTS-M0802","1010","5.11","1",
"GTS-M0803","1010","5.11","1",
"GTS-M0804","1010","5.11","1",
"GTS-M0805","1010","5.11","1",
"GTS-M0806","1010","5.11","1",
"GTS-M0807","1010","5.11","1",
"GTS-M0808","1010","5.11","1",
"GTS-M0809","1010","5.11","1",
"GTS-M0810","1010","5.11","1",
"GTS-M0811","1010","5.11","1",
"GTS-M0812","1010","5.11","1",
"GTS-M0813","1010","5.11","1",
"GTS-M0814","1010","5.11","1",
"GTS-M0815","1010","5.11","1",
"GTS-M0816","1010","5.11","1",
"GTS-M0817","1010","5.11","1",
"GTS-M0818","1010","5.11","1",
"GTS-M0819","1010","5.11","1",
"GTS-M0820","1010","5.11","1",
"GTS-M0821","1010","5.11","1",
"GTS-M0822","1010","5.11","1",
"GTS-M0823","1010","5.11","1",
"GTS-M0824","1010","5.11","1",
"GTS-M0825","1010","5.11","1",
"GTS-M0826","1010","5.11","1",
"GTS-M0827","1010","5.11","1",
"GTS-M0828","1010","5.11","1",
"GTS-M0829","1010","5.11","1",
"GTS-M0830","1010","5.11","1",
"GTS-M0831","1010","5.11","1",
"GTS-M0832","1010","5.11","1",
"GTS-M0833","1010","5.11","1",
"GTS-M0834","1010","5.11","1",
"GTS-M0835","1010","5.11","1",
"GTS-M0836","1010","5.11","1",
"GTS-M0837","1010","5.11","1",
"GTS-M0838","1010","5.11","1",
"GTS-M0839","1010","5.11","1",
"GTS-M0840","1010","5.11","1",
"GTS-M0841","1010","5.11","1",
"GTS-M0842","1010","5.11","1",
"GTS-M0843","1010","5.11","1",
"GTS-M0844","1010","5.11","1",
"GTS-M0845","1010","5.11","1",
"GTS-M0846","1010","5.11","1",
"GTS-M0847","1010","5.11","1",
"GTS-M0848","1010","5.11","1",
"GTS-M0849","1010","5.11","1",
"GTS-M0850","1010","5.11","1",
"GTS-M0851","1010","5.11","1",
"GTS-M0852","1010","5.11","1",
"GTS-M0853","1010","5.11","1",
"GTS-M0854","1010","5.11","1",
"GTS-M0855","1010","5.11","1",
"GTS-M0856","1010","5.11","1",
"GTS-M0857","1010","5.11","1",
"GTS-M0858","1010","5.11","1",
"GTS-M0859","1010","5.11","1",
"GTS-M0860","1010","5.11","1",
"GTS-M0861","1010","5.11","1",
"GTS-M0862","1010","5.11","1",
"GTS-M0863","1010","5.11","1",
"GTS-M0864","1010","5.11","1",
"GTS-M0865","1010","5.11","1",
"GTS-M0866","1010","5.11","1",
"GTS-M0867","1010","5.11","1",
"GTS-M0868","1010","5.11","1",
"GTS-M0869","1010","5.11","1",
"GTS-M0870","1010","5.11","1",
"GTS-M0871","1010","5.11","1",
"GTS-M0872","1010","5.11","1",
"GTS-M0873","1010","5.11","1",
"GTS-M0874","1010","5.11","1",
"GTS-M0875","1010","5.11","1",
"GTS-M0876","1010","5.11","1",
"GTS-M0877","1010","5.11","1",
"GTS-M0878","1010","5.11","1",
"GTS-M0879","1010","5.11","1",
"GTS-M0880","1010","5.11","1",
"GTS-M0881","1010","5.11","1",
"GTS-M0882","1010","5.11","1",
"GTS-M0883","1010","5.11","1",
"GTS-M0884","1010","5.11","1",
"GTS-M0885","1010","5.11","1",
"GTS-M0886","1010","5.11","1",
"GTS-M0887","1010","5.11","1",
"GTS-M0888","1010","5.11","1",
"GTS-M0889","1010","5.11","1",
"GTS-M0890","1010","5.11","1",
"GTS-M0891","1010","5.11","1",
"GTS-M0892","1010","5.11","1",
"GTS-M0893","1010","5.11","1",
"GTS-M0894","1010","5.11","1",
"GTS-M0895","1010","5.11","1",
"GTS-M0896","1010","5.11","1",
"GTS-M0897","1010","5.11","1",
"GTS-M0898","1010","5.11","1",
"GTS-M0899","1010","5.11","1",
"GTS-M0900","1010","23.00","1",
"GTS-M0901","1010","23.00","1",
"GTS-M0902","1010","23.00","1",
"GTS-M0903","1010","23.00","1",
"GTS-M0904","1010","23.00","1",
"GTS-M0905","1010","23.00","1",
"GTS-M0906","1010","23.00","1",
"GTS-M0907","1010","23.00","1",
"GTS-M0908","1010","23.00","1",
"GTS-M0909","1010","23.00","1",
"GTS-M0910","1010","23.00","1",
"GTS-M0911","1010","23.00","1",
"GTS-M0912","1010","23.00","1",
"GTS-M0913","1010","23.00","1",
"GTS-M0914","1010","23.00","1",
"GTS-M0915","1010","23.00","1",
"GTS-M0916","1010","23.00","1",
"GTS-M0917","1010","23.00","1",
"GTS-M0918","1010","23.00","1",
"GTS-M0919","1010","23.00","1",
"GTS-M0920","1010","23.00","1",
"GTS-M0921","1010","23.00","1",
"GTS-M0922","1010","23.00","1",
"GTS-M0923","1010","23.00","1",
"GTS-M0924","1010","23.00","1",
"GTS-M0925","1010","23.00","1",
"GTS-M0926","1010","23.00","1",
"GTS-M0927","1010","23.00","1",
"GTS-M0928","1010","23.00","1",
"GTS-M0929","1010","23.00","1",
"GTS-M0930","1010","23.00","1",
"GTS-M0931","1010","23.00","1",
"GTS-M0932","1010","23.00","1",
"GTS-M0933","1010","23.00","1",
"GTS-M0934","1010","23.00","1",
"GTS-M0935","1010","23.00","1",
"GTS-M0936","1010","23.00","1",
"GTS-M0937","1010","23.00","1",
"GTS-M0938","1010","23.00","1",
"GTS-M0939","1010","23.00","1",
"GTS-M0940","1010","23.00","1",
"GTS-M0941","1010","23.00","1",
"GTS-M0942","1010","23.00","1",
"GTS-M0943","1010","23.00","1",
"GTS-M0944","1010","23.00","1",
"GTS-M0945","1010","23.00","1",
"GTS-M0946","1010","23.00","1",
"GTS-M0947","1010","23.00","1",
"GTS-M0948","1010","23.00","1",
"GTS-M0949","1010","23.00","1",
"GTS-M0950","1010","23.00","1",
"GTS-M0951","1010","23.00","1",
"GTS-M0952","1010","23.00","1",
"GTS-M0953","1010","23.00","1",
"GTS-M0954","1010","23.00","1",
"GTS-M0955","1010","23.00","1",
"GTS-M0956","1010","23.00","1",
"GTS-M0957","1010","23.00","1",
"GTS-M0958","1010","23.00","1",
"GTS-M0959","1010","23.00","1",
"GTS-M0960","1010","23.00","1",
"GTS-M0961","1010","23.00","1",
"GTS-M0962","1010","23.00","1",
"GTS-M0963","1010","23.00","1",
"GTS-M0964","1010","23.00","1",
"GTS-M0965","1010","23.00","1",
"GTS-M0966","1010","23.00","1",
"GTS-M0967","1010","23.00","1",
"GTS-M0968","1010","23.00","1",
"GTS-M0969","1010","23.00","1",
"GTS-M0970","1010","23.00","1",
"GTS-M0971","1010","23.00","1",
"GTS-M0972","1010","23.00","1",
"GTS-M0973","1010","23.00","1",
"GTS-M0974","1010","23.00","1",
"GTS-M0975","1010","23.00","1",
"GTS-M0976","1010","23.00","1",
"GTS-M0977","1010","23.00","1",
"GTS-M0978","1010","23.00","1",
"GTS-M0979","1010","23.00","1",
"GTS-M0980","1010","23.00","1",
"GTS-M0981","1010","23.00","1",
"GTS-M0982","1010","23.00","1",
"GTS-M0983","1010","23.00","1",
"GTS-M0984","1010","23.00","1",
"GTS-M0985","1010","23.00","1",
"GTS-M0986","1010","23.00","1",
"GTS-M0987","1010","23.00","1",
"GTS-M0988","1010","23.00","1",
"GTS-M0989","1010","23.00","1",
"GTS-M0990","1010","23.00","1",
"GTS-M0991","1010","23.00","1",
"GTS-M0992","1010","23.00","1",
"GTS-M0993","1010","23.00","1",
"GTS-M0994","1010","23.00","1",
"GTS-M0995","1010","23.00","1",
"GTS-M0996","1010","23.00","1",
"GTS-M0997","1010","23.00","1",
"GTS-M0998","1010","23.00","1",
"GTS-M0999","1010","23.00","1",
"GTS-M1000","1010","0.50","1",
"GTS-M1001","1010","0.50","1",
"GTS-M1002","1010","0.50","1",
"GTS-M1003","1010","0.50","1",
"GTS-M1004","1010","0.50","1",
"GTS-M1005","1010","0.50","1",
"GTS-M1006","1010","0.50","1",
"GTS-M1007","1010","0.50","1",
"GTS-M1008","1010","0.50","1",
"GTS-M1009","1010","0.50","1",
"GTS-M1010","1010","0.50","1",
"GTS-M1011","1010","0.50","1",
"GTS-M1012","1010","0.50","1",
"GTS-M1013","1010","0.50","1",
"GTS-M1014","1010","0.50","1",
"GTS-M1015","1010","0.50","1",
"GTS-M1016","1010","0.50","1",
"GTS-M1017","1010","0.50","1",
"GTS-M1018","1010","0.50","1",
"GTS-M1019","1010","0.50","1",
"GTS-M1020","1010","0.50","1",
"GTS-M1021","1010","0.50","1",
"GTS-M1022","1010","0.50","1",
"GTS-M1023","1010","0.50","1",
"GTS-M1024","1010","0.50","1",
"GTS-M1025","1010","0.50","1",
"GTS-M1026","1010","0.50","1",
"GTS-M1027","1010","0.50","1",
"GTS-M1028","1010","0.50","1",
"GTS-M1029","1010","0.50","1",
"GTS-M1030","1010","0.50","1",
"GTS-M1031","1010","0.50","1",
"GTS-M1032","1010","0.50","1",
"GTS-M1033","1010","0.50","1",
"GTS-M1034","1010","0.50","1",
"GTS-M1035","1010","0.50","1",
"GTS-M1036","1010","0.50","1",
"GTS-M1037","1010","0.50","1",
"GTS-M1038","1010","0.50","1",
"GTS-M1039","1010","0.50","1",
"GTS-M1040","1010","0.50","1",
"GTS-M1041","1010","0.50","1",
"GTS-M1042","1010","0.50","1",
"GTS-M1043","1010","0.50","1",
"GTS-M1044","1010","0.50","1",
"GTS-M1045","1010","0.50","1",
"GTS-M1046","1010","0.50","1",
"GTS-M1047","1010","0.50","1",
"GTS-M1048","1010","0.50","1",
"GTS-M1049","1010","0.50","1",
"GTS-M1050","1010","0.50","1",
"GTS-M1051","1010","0.50","1",
"GTS-M1052","1010","0.50","1",
"GTS-M1053","1010","0.50","1",
"GTS-M1054","1010","0.50","1",
"GTS-M1055","1010","0.50","1",
"GTS-M1056","1010","0.50","1",
"GTS-M1057","1010","0.50","1",
"GTS-M1058","1010","0.50","1",
"GTS-M1059","1010","0.50","1",
"GTS-M1060","1010","0.50","1",
"GTS-M1061","1010","0.50","1",
"GTS-M1062","1010","0.50","1",
"GTS-M1063","1010","0.50","1",
"GTS-M1064","1010","0.50","1",
"GTS-M1065","1010","0.50","1",
"GTS-M1066","1010","0.50","1",
"GTS-M1067","1010","0.50","1",
"GTS-M1068","1010","0.50","1",
"GTS-M1069","1010","0.50","1",
"GTS-M1070","1010","0.50","1",
"GTS-M1071","1010","0.50","1",
"GTS-M1072","1010","0.50","1",
"GTS-M1073","1010","0.50","1",
"GTS-M1074","1010","0.50","1",
"GTS-M1075","1010","0.50","1",
"GTS-M1076","1010","0.50","1",
"GTS-M1077","1010","0.50","1",
"GTS-M1078","1010","0.50","1",
"GTS-M1079","1010","0.50","1",
"GTS-M1080","1010","0.50","1",
"GTS-M1081","1010","0.50","1",
"GTS-M1082","1010","0.50","1",
"GTS-M1083","1010","0.50","1",
"GTS-M1084","1010","0.50","1",
"GTS-M1085","1010","0.50","1",
"GTS-M1086","1010","0.50","1",
"GTS-M1087","1010","0.50","1",
"GTS-M1088","1010","0.50","1",
"GTS-M1089","1010","0.50","1",
"GTS-M1090","1010","0.50","1",
"GTS-M1091","1010","0.50","1",
"GTS-M1092","1010","0.50","1",
"GTS-M1093","1010","0.50","1",
"GTS-M1094","1010","0.50","1",
"GTS-M1095","1010","0.50","1",
"GTS-M1096","1010","0.50","1",
"GTS-M1097","1010","0.50","1",
"GTS-M1098","1010","0.50","1",
"GTS-M1099","1010","0.50","1",
"GTS-M121","1010","193.80","1",
"GTS-P00","1010","1302.36","1",
"GTS-P01","1010","1302.36","1",
"GTS-P02","1010","1302.36","1",
"GTS-P03","1010","1302.36","1",
"GTS-P04","1010","1302.36","1",
"GTS-P05","1010","1302.36","1",
"GTS-P06","1010","1302.36","1",
"GTS-P07","1010","1302.36","1",
"GTS-P08","1010","1302.36","1",
"GTS-P09","1010","1302.36","1",
"GTS-P10","1010","1302.36","1",
"GTS-P11","1010","1302.36","1",
"GTS-P12","1010","1302.36","1",
"GTS-P13","1010","1302.36","1",
"GTS-P14","1010","1302.36","1",
"GTS-P15","1010","1302.36","1",
"GTS-P16","1010","1302.36","1",
"GTS-P17","1010","1302.36","1",
"GTS-P18","1010","1302.36","1",
"GTS-P19","1010","1302.36","1",
"GTS-P20","1010","1302.36","1",
"GTS-P21","1010","1302.36","1",
"GTS-P22","1010","1302.36","1",
"GTS-P23","1010","1302.36","1",
"GTS-P24","1010","1302.36","1",
"GTS-P25","1010","1302.36","1",
"GTS-P26","1010","1302.36","1",
"GTS-P27","1010","1302.36","1",
"GTS-P28","1010","1302.36","1",
"GTS-P29","1010","1302.36","1",
"GTS-P30","1010","1302.36","1",
"GTS-P31","1010","1302.36","1",
"GTS-P32","1010","1302.36","1",
"GTS-P33","1010","1302.36","1",
"GTS-P34","1010","1302.36","1",
"GTS-P35","1010","1302.36","1",
"GTS-P36","1010","1302.36","1",
"GTS-P37","1010","1302.36","1",
"GTS-P38","1010","1302.36","1",
"GTS-P39","1010","1302.36","1",
"GTS-P40","1010","1302.36","1",
"GTS-P41","1010","1302.36","1",
"GTS-P42","1010","1302.36","1",
"GTS-P43","1010","1302.36","1",
"GTS-P44","1010","1302.36","1",
"GTS-P45","1010","1302.36","1",
"GTS-P46","1010","1302.36","1",
"GTS-P47","1010","1302.36","1",
"GTS-P48","1010","1302.36","1",
"GTS-P49","1010","1302.36","1",
"GTS-P50","1010","1302.36","1",
"GTS-P51","1010","1302.36","1",
"GTS-P52","1010","1302.36","1",
"GTS-P53","1010","1302.36","1",
"GTS-P54","1010","1302.36","1",
"GTS-P55","1010","1302.36","1",
"GTS-P56","1010","1302.36","1",
"GTS-P57","1010","1302.36","1",
"GTS-P58","1010","1302.36","1",
"GTS-P59","1010","1302.36","1",
"GTS-P60","1010","1302.36","1",
"GTS-P61","1010","1302.36","1",
"GTS-P62","1010","1302.36","1",
"GTS-P63","1010","1302.36","1",
"GTS-P64","1010","1302.36","1",
"GTS-P65","1010","1302.36","1",
"GTS-P66","1010","1302.36","1",
"GTS-P67","1010","1302.36","1",
"GTS-P68","1010","1302.36","1",
"GTS-P69","1010","1302.36","1",
"GTS-P70","1010","1302.36","1",
"GTS-P71","1010","1302.36","1",
"GTS-P72","1010","1302.36","1",
"GTS-P73","1010","1302.36","1",
"GTS-P74","1010","1302.36","1",
"GTS-P75","1010","1302.36","1",
"GTS-P76","1010","1302.36","1",
"GTS-P77","1010","1302.36","1",
"GTS-P78","1010","1302.36","1",
"GTS-P79","1010","1302.36","1",
"GTS-P80","1010","1302.36","1",
"GTS-P81","1010","1302.36","1",
"GTS-P82","1010","1302.36","1",
"GTS-P83","1010","1302.36","1",
"GTS-P84","1010","1302.36","1",
"GTS-P85","1010","1302.36","1",
"GTS-P86","1010","1302.36","1",
"GTS-P87","1010","1302.36","1",
"GTS-P88","1010","1302.36","1",
"GTS-P89","1010","1302.36","1",
"GTS-P90","1010","1302.36","1",
"GTS-P91","1010","1302.36","1",
"GTS-P92","1010","1302.36","1",
"GTS-P93","1010","1302.36","1",
"GTS-P94","1010","1302.36","1",
"GTS-P95","1010","1302.36","1",
"GTS-P96","1010","1302.36","1",
"GTS-P97","1010","1302.36","1",
"GTS-P98","1010","1302.36","1",
"GTS-P99","1010","1302.36","1",
"IBPF_MAT20","1010","0","1",
"INSTALL","1010","100.00","1",
"ITR100","1010","450.00","1",
"ITR200","1010","50.00","1",
"ITR200-00","1010","50.00","1",
"ITR200-01","1010","50.00","1",
"ITR200-02","1010","50.00","1",
"ITR200-03","1010","50.00","1",
"ITR200-04","1010","50.00","1",
"ITR200-05","1010","50.00","1",
"ITR200-06","1010","50.00","1",
"ITR200-07","1010","50.00","1",
"ITR200-08","1010","50.00","1",
"ITR200-09","1010","50.00","1",
"ITR200-10","1010","50.00","1",
"ITR200-11","1010","50.00","1",
"ITR200-12","1010","50.00","1",
"ITR200-13","1010","50.00","1",
"ITR200-14","1010","50.00","1",
"ITR200-15","1010","50.00","1",
"ITR200-16","1010","50.00","1",
"ITR200-17","1010","50.00","1",
"ITR200-18","1010","50.00","1",
"ITR200-19","1010","50.00","1",
"ITR200-20","1010","50.00","1",
"ITR200-21","1010","50.00","1",
"ITR200-22","1010","50.00","1",
"ITR200-23","1010","50.00","1",
"ITR200-24","1010","50.00","1",
"ITR200-25","1010","50.00","1",
"ITR200-26","1010","50.00","1",
"ITR200-27","1010","50.00","1",
"ITR200-28","1010","50.00","1",
"ITR200-29","1010","50.00","1",
"ITR200-30","1010","50.00","1",
"K510-00","1010","0","1",
"K510-00","1010","0","1",
"K510-00","1010","26.00","1",
"K510-01","1010","0","1",
"K510-01","1010","0","1",
"K510-01","1010","26.00","1",
"K510-02","1010","0","1",
"K510-02","1010","0","1",
"K510-02","1010","26.00","1",
"K510-03","1010","0","1",
"K510-03","1010","0","1",
"K510-03","1010","26.00","1",
"K510-04","1010","0","1",
"K510-04","1010","0","1",
"K510-04","1010","26.00","1",
"K510-05","1010","0","1",
"K510-05","1010","0","1",
"K510-05","1010","26.00","1",
"K510-06","1010","0","1",
"K510-06","1010","0","1",
"K510-06","1010","26.00","1",
"K510-07","1010","0","1",
"K510-07","1010","0","1",
"K510-07","1010","26.00","1",
"K510-08","1010","0","1",
"K510-08","1010","0","1",
"K510-08","1010","26.00","1",
"K510-09","1010","0","1",
"K510-09","1010","0","1",
"K510-09","1010","26.00","1",
"K510-10","1010","0","1",
"K510-10","1010","0","1",
"K510-10","1010","26.00","1",
"K510-11","1010","0","1",
"K510-11","1010","0","1",
"K510-11","1010","26.00","1",
"K510-12","1010","0","1",
"K510-12","1010","0","1",
"K510-12","1010","26.00","1",
"K510-13","1010","0","1",
"K510-13","1010","0","1",
"K510-13","1010","26.00","1",
"K510-14","1010","0","1",
"K510-14","1010","0","1",
"K510-14","1010","26.00","1",
"K510-15","1010","0","1",
"K510-15","1010","0","1",
"K510-15","1010","26.00","1",
"K510-16","1010","0","1",
"K510-16","1010","0","1",
"K510-16","1010","26.00","1",
"K510-17","1010","0","1",
"K510-17","1010","0","1",
"K510-17","1010","26.00","1",
"K510-18","1010","0","1",
"K510-18","1010","0","1",
"K510-18","1010","26.00","1",
"K510-19","1010","0","1",
"K510-19","1010","0","1",
"K510-19","1010","26.00","1",
"K510-20","1010","0","1",
"K510-20","1010","0","1",
"K510-20","1010","26.00","1",
"K510-21","1010","0","1",
"K510-21","1010","0","1",
"K510-21","1010","26.00","1",
"K510-22","1010","0","1",
"K510-22","1010","0","1",
"K510-22","1010","26.00","1",
"K510-23","1010","0","1",
"K510-23","1010","0","1",
"K510-23","1010","26.00","1",
"K510-24","1010","0","1",
"K510-24","1010","0","1",
"K510-24","1010","26.00","1",
"K510-25","1010","0","1",
"K510-25","1010","0","1",
"K510-25","1010","26.00","1",
"K510-26","1010","0","1",
"K510-26","1010","0","1",
"K510-26","1010","26.00","1",
"K510-27","1010","0","1",
"K510-27","1010","0","1",
"K510-27","1010","26.00","1",
"K510-28","1010","0","1",
"K510-28","1010","0","1",
"K510-28","1010","26.00","1",
"K510-29","1010","0","1",
"K510-29","1010","0","1",
"K510-29","1010","26.00","1",
"K510-30","1010","0","1",
"K510-30","1010","0","1",
"K510-30","1010","26.00","1",
"K510-31","1010","0","1",
"K510-31","1010","0","1",
"K510-31","1010","26.00","1",
"K510-32","1010","0","1",
"K510-32","1010","0","1",
"K510-32","1010","26.00","1",
"K510-33","1010","0","1",
"K510-33","1010","0","1",
"K510-33","1010","26.00","1",
"K510-34","1010","0","1",
"K510-34","1010","0","1",
"K510-34","1010","26.00","1",
"K510-35","1010","0","1",
"K510-35","1010","0","1",
"K510-35","1010","26.00","1",
"K510-36","1010","0","1",
"K510-36","1010","0","1",
"K510-36","1010","26.00","1",
"K510-37","1010","0","1",
"K510-37","1010","0","1",
"K510-37","1010","26.00","1",
"K510-38","1010","0","1",
"K510-38","1010","0","1",
"K510-38","1010","26.00","1",
"K510-39","1010","0","1",
"K510-39","1010","0","1",
"K510-39","1010","26.00","1",
"K510-40","1010","0","1",
"K510-40","1010","0","1",
"K510-40","1010","26.00","1",
"K510-41","1010","0","1",
"K510-41","1010","0","1",
"K510-41","1010","26.00","1",
"K510-42","1010","0","1",
"K510-42","1010","0","1",
"K510-42","1010","26.00","1",
"K510-43","1010","0","1",
"K510-43","1010","0","1",
"K510-43","1010","26.00","1",
"K510-44","1010","0","1",
"K510-44","1010","0","1",
"K510-44","1010","26.00","1",
"K510-45","1010","0","1",
"K510-45","1010","0","1",
"K510-45","1010","26.00","1",
"K510-46","1010","0","1",
"K510-46","1010","0","1",
"K510-46","1010","26.00","1",
"K510-47","1010","0","1",
"K510-47","1010","0","1",
"K510-47","1010","26.00","1",
"K510-48","1010","0","1",
"K510-48","1010","0","1",
"K510-48","1010","26.00","1",
"K510-49","1010","0","1",
"K510-49","1010","0","1",
"K510-49","1010","26.00","1",
"K510-50","1010","0","1",
"K510-50","1010","0","1",
"K510-50","1010","26.00","1",
"K510-51","1010","0","1",
"K510-51","1010","0","1",
"K510-51","1010","26.00","1",
"K510-52","1010","0","1",
"K510-52","1010","0","1",
"K510-52","1010","26.00","1",
"K510-53","1010","0","1",
"K510-53","1010","0","1",
"K510-53","1010","26.00","1",
"K510-54","1010","0","1",
"K510-54","1010","0","1",
"K510-54","1010","26.00","1",
"K510-55","1010","0","1",
"K510-55","1010","0","1",
"K510-55","1010","26.00","1",
"K510-56","1010","0","1",
"K510-56","1010","0","1",
"K510-56","1010","26.00","1",
"K510-57","1010","0","1",
"K510-57","1010","0","1",
"K510-57","1010","26.00","1",
"K510-58","1010","0","1",
"K510-58","1010","0","1",
"K510-58","1010","26.00","1",
"K510-59","1010","0","1",
"K510-59","1010","0","1",
"K510-59","1010","26.00","1",
"K510-60","1010","0","1",
"K510-60","1010","0","1",
"K510-60","1010","26.00","1",
"K510-61","1010","0","1",
"K510-61","1010","0","1",
"K510-61","1010","26.00","1",
"K510-62","1010","0","1",
"K510-62","1010","0","1",
"K510-62","1010","26.00","1",
"K510-63","1010","0","1",
"K510-63","1010","0","1",
"K510-63","1010","26.00","1",
"K510-64","1010","0","1",
"K510-64","1010","0","1",
"K510-64","1010","26.00","1",
"K510-65","1010","0","1",
"K510-65","1010","0","1",
"K510-65","1010","26.00","1",
"K510-66","1010","0","1",
"K510-66","1010","0","1",
"K510-66","1010","26.00","1",
"K510-67","1010","0","1",
"K510-67","1010","0","1",
"K510-67","1010","26.00","1",
"K510-68","1010","0","1",
"K510-68","1010","0","1",
"K510-68","1010","26.00","1",
"K510-69","1010","0","1",
"K510-69","1010","0","1",
"K510-69","1010","26.00","1",
"K510-70","1010","0","1",
"K510-70","1010","0","1",
"K510-70","1010","26.00","1",
"K510-71","1010","0","1",
"K510-71","1010","0","1",
"K510-71","1010","26.00","1",
"K510-72","1010","0","1",
"K510-72","1010","0","1",
"K510-72","1010","26.00","1",
"K510-73","1010","0","1",
"K510-73","1010","0","1",
"K510-73","1010","26.00","1",
"K510-74","1010","0","1",
"K510-74","1010","0","1",
"K510-74","1010","26.00","1",
"K510-75","1010","0","1",
"K510-75","1010","0","1",
"K510-75","1010","26.00","1",
"K510-76","1010","0","1",
"K510-76","1010","0","1",
"K510-76","1010","26.00","1",
"K510-77","1010","0","1",
"K510-77","1010","0","1",
"K510-77","1010","26.00","1",
"K510-78","1010","0","1",
"K510-78","1010","0","1",
"K510-78","1010","26.00","1",
"K510-79","1010","0","1",
"K510-79","1010","0","1",
"K510-79","1010","26.00","1",
"K510-80","1010","0","1",
"K510-80","1010","0","1",
"K510-80","1010","26.00","1",
"K510-81","1010","0","1",
"K510-81","1010","0","1",
"K510-81","1010","26.00","1",
"K510-82","1010","0","1",
"K510-82","1010","0","1",
"K510-82","1010","26.00","1",
"K510-83","1010","0","1",
"K510-83","1010","0","1",
"K510-83","1010","26.00","1",
"K510-84","1010","0","1",
"K510-84","1010","0","1",
"K510-84","1010","26.00","1",
"K510-85","1010","0","1",
"K510-85","1010","0","1",
"K510-85","1010","26.00","1",
"K510-86","1010","0","1",
"K510-86","1010","0","1",
"K510-86","1010","26.00","1",
"K510-87","1010","0","1",
"K510-87","1010","0","1",
"K510-87","1010","26.00","1",
"K510-88","1010","0","1",
"K510-88","1010","0","1",
"K510-88","1010","26.00","1",
"K510-89","1010","0","1",
"K510-89","1010","0","1",
"K510-89","1010","26.00","1",
"K510-90","1010","0","1",
"K510-90","1010","0","1",
"K510-90","1010","26.00","1",
"K510-91","1010","0","1",
"K510-91","1010","0","1",
"K510-91","1010","26.00","1",
"K510-92","1010","0","1",
"K510-92","1010","0","1",
"K510-92","1010","26.00","1",
"K510-93","1010","0","1",
"K510-93","1010","0","1",
"K510-93","1010","26.00","1",
"K510-94","1010","0","1",
"K510-94","1010","0","1",
"K510-94","1010","26.00","1",
"K510-95","1010","0","1",
"K510-95","1010","0","1",
"K510-95","1010","26.00","1",
"K510-96","1010","0","1",
"K510-96","1010","0","1",
"K510-96","1010","26.00","1",
"K510-97","1010","0","1",
"K510-97","1010","0","1",
"K510-97","1010","26.00","1",
"K510-98","1010","0","1",
"K510-98","1010","0","1",
"K510-98","1010","26.00","1",
"K510-99","1010","0","1",
"K510-99","1010","0","1",
"K510-99","1010","26.00","1",
"M-01","1010","12.00","1",
"M74","1010","0","1",
"P-FL100","1010","10187.58","1",
"P-FL200","1010","507.94","1",
"P-FL300","1010","4461.65","1",
"P-FL3A00","1010","2826.80","1",
"P-FL3B00","1010","1026.80","1",
"P-FL3C00","1010","226.80","1",
"P-FL400","1010","7677.56","1",
"P-FL500","1010","8761.82","1",
"P-FL600","1010","3548.10","1",
"P-FL700","1010","2753.12","1",
"P-FL800","1010","635.82","1",
"P-FLA00","1010","37591.58","1",
"P-FLP00","1010","37591.58","1",
"P-SERVICE","1010","40.00","1",
"P600-100","1010","200.00","1",
"P600-101","1010","200.00","1",
"P600-102","1010","200.00","1",
"P600-103","1010","200.00","1",
"P600-104","1010","200.00","1",
"P600-105","1010","200.00","1",
"P600-106","1010","200.00","1",
"P600-107","1010","200.00","1",
"P600-108","1010","200.00","1",
"P600-109","1010","200.00","1",
"P600-110","1010","200.00","1",
"P600-111","1010","200.00","1",
"P600-112","1010","200.00","1",
"P600-113","1010","200.00","1",
"P600-114","1010","200.00","1",
"P600-115","1010","200.00","1",
"P600-116","1010","200.00","1",
"P600-117","1010","200.00","1",
"P600-118","1010","200.00","1",
"P600-119","1010","200.00","1",
"P600-120","1010","200.00","1",
"P600-121","1010","200.00","1",
"P600-122","1010","200.00","1",
"P600-123","1010","200.00","1",
"P600-124","1010","200.00","1",
"P600-125","1010","200.00","1",
"P600-126","1010","200.00","1",
"P600-127","1010","200.00","1",
"P600-128","1010","200.00","1",
"P600-129","1010","200.00","1",
"P600-130","1010","200.00","1",
"P600-131","1010","200.00","1",
"P600-132","1010","200.00","1",
"P600-133","1010","200.00","1",
"P600-134","1010","200.00","1",
"P600-135","1010","200.00","1",
"P600-136","1010","200.00","1",
"P600-137","1010","200.00","1",
"P600-138","1010","200.00","1",
"P600-139","1010","200.00","1",
"P600-140","1010","200.00","1",
"P600-141","1010","200.00","1",
"P600-142","1010","200.00","1",
"P600-143","1010","200.00","1",
"P600-144","1010","200.00","1",
"P600-145","1010","200.00","1",
"P600-146","1010","200.00","1",
"P600-147","1010","200.00","1",
"P600-148","1010","200.00","1",
"P600-149","1010","200.00","1",
"P600-150","1010","200.00","1",
"P600-151","1010","200.00","1",
"P600-152","1010","200.00","1",
"P600-153","1010","200.00","1",
"P600-154","1010","200.00","1",
"P600-155","1010","200.00","1",
"P600-156","1010","200.00","1",
"P600-157","1010","200.00","1",
"P600-158","1010","200.00","1",
"P600-159","1010","200.00","1",
"P600-160","1010","200.00","1",
"P600-161","1010","200.00","1",
"P600-162","1010","200.00","1",
"P600-163","1010","200.00","1",
"P600-164","1010","200.00","1",
"P600-165","1010","200.00","1",
"P600-166","1010","200.00","1",
"P600-167","1010","200.00","1",
"P600-168","1010","200.00","1",
"P600-169","1010","200.00","1",
"P600-170","1010","200.00","1",
"P600-171","1010","200.00","1",
"P600-172","1010","200.00","1",
"P600-173","1010","200.00","1",
"P600-174","1010","200.00","1",
"P600-175","1010","200.00","1",
"P600-176","1010","200.00","1",
"P600-177","1010","200.00","1",
"P600-178","1010","200.00","1",
"P600-179","1010","200.00","1",
"P600-180","1010","200.00","1",
"P600-181","1010","200.00","1",
"P600-182","1010","200.00","1",
"P600-183","1010","200.00","1",
"P600-184","1010","200.00","1",
"P600-185","1010","200.00","1",
"P600-186","1010","200.00","1",
"P600-187","1010","200.00","1",
"P600-188","1010","200.00","1",
"P600-189","1010","200.00","1",
"P600-190","1010","200.00","1",
"P600-191","1010","200.00","1",
"P600-192","1010","200.00","1",
"P600-193","1010","200.00","1",
"P600-194","1010","200.00","1",
"P600-195","1010","200.00","1",
"P600-196","1010","200.00","1",
"P600-197","1010","200.00","1",
"P600-198","1010","200.00","1",
"P600-199","1010","200.00","1",
"P600-Z00","1010","200.00","1",
"P600-Z01","1010","200.00","1",
"P600-Z02","1010","200.00","1",
"P600-Z03","1010","200.00","1",
"P600-Z04","1010","200.00","1",
"P600-Z05","1010","200.00","1",
"P600-Z06","1010","200.00","1",
"P600-Z07","1010","200.00","1",
"P600-Z08","1010","200.00","1",
"P600-Z09","1010","200.00","1",
"P600-Z10","1010","200.00","1",
"P600-Z11","1010","200.00","1",
"P600-Z12","1010","200.00","1",
"P600-Z13","1010","200.00","1",
"P600-Z14","1010","200.00","1",
"P600-Z15","1010","200.00","1",
"P600-Z16","1010","200.00","1",
"P600-Z17","1010","200.00","1",
"P600-Z18","1010","200.00","1",
"P600-Z19","1010","200.00","1",
"P600-Z20","1010","200.00","1",
"P600-Z21","1010","200.00","1",
"P600-Z22","1010","200.00","1",
"P600-Z23","1010","200.00","1",
"P600-Z24","1010","200.00","1",
"P600-Z25","1010","200.00","1",
"P600-Z26","1010","200.00","1",
"P600-Z27","1010","200.00","1",
"P600-Z28","1010","200.00","1",
"P600-Z29","1010","200.00","1",
"P600-Z30","1010","200.00","1",
"P600-Z31","1010","200.00","1",
"P600-Z32","1010","200.00","1",
"P600-Z33","1010","200.00","1",
"P600-Z34","1010","200.00","1",
"P600-Z35","1010","200.00","1",
"P600-Z36","1010","200.00","1",
"P600-Z37","1010","200.00","1",
"P600-Z38","1010","200.00","1",
"P600-Z39","1010","200.00","1",
"P600-Z40","1010","200.00","1",
"P600-Z41","1010","200.00","1",
"P600-Z42","1010","200.00","1",
"P600-Z43","1010","200.00","1",
"P600-Z44","1010","200.00","1",
"P600-Z45","1010","200.00","1",
"P600-Z46","1010","200.00","1",
"P600-Z47","1010","200.00","1",
"P600-Z48","1010","200.00","1",
"P600-Z49","1010","200.00","1",
"P600-Z50","1010","200.00","1",
"P600-Z51","1010","200.00","1",
"P600-Z52","1010","200.00","1",
"P600-Z53","1010","200.00","1",
"P600-Z54","1010","200.00","1",
"P600-Z55","1010","200.00","1",
"P600-Z56","1010","200.00","1",
"P600-Z57","1010","200.00","1",
"P600-Z58","1010","200.00","1",
"P600-Z59","1010","200.00","1",
"P600-Z60","1010","200.00","1",
"P600-Z61","1010","200.00","1",
"P600-Z62","1010","200.00","1",
"P600-Z63","1010","200.00","1",
"P600-Z64","1010","200.00","1",
"P600-Z65","1010","200.00","1",
"P600-Z66","1010","200.00","1",
"P600-Z67","1010","200.00","1",
"P600-Z68","1010","200.00","1",
"P600-Z69","1010","200.00","1",
"P600-Z70","1010","200.00","1",
"P600-Z71","1010","200.00","1",
"P600-Z72","1010","200.00","1",
"P600-Z73","1010","200.00","1",
"P600-Z74","1010","200.00","1",
"P600-Z75","1010","200.00","1",
"P600-Z76","1010","200.00","1",
"P600-Z77","1010","200.00","1",
"P600-Z78","1010","200.00","1",
"P600-Z79","1010","200.00","1",
"P600-Z80","1010","200.00","1",
"P600-Z81","1010","200.00","1",
"P600-Z82","1010","200.00","1",
"P600-Z83","1010","200.00","1",
"P600-Z84","1010","200.00","1",
"P600-Z85","1010","200.00","1",
"P600-Z86","1010","200.00","1",
"P600-Z87","1010","200.00","1",
"P600-Z88","1010","200.00","1",
"P600-Z89","1010","200.00","1",
"P600-Z90","1010","200.00","1",
"P600-Z91","1010","200.00","1",
"P600-Z92","1010","200.00","1",
"P600-Z93","1010","200.00","1",
"P600-Z94","1010","200.00","1",
"P600-Z95","1010","200.00","1",
"P600-Z96","1010","200.00","1",
"P600-Z97","1010","200.00","1",
"P600-Z98","1010","200.00","1",
"P600-Z99","1010","200.00","1",
"P605-100","1010","200.00","1",
"P605-101","1010","200.00","1",
"P605-102","1010","200.00","1",
"P605-103","1010","200.00","1",
"P605-104","1010","200.00","1",
"P605-105","1010","200.00","1",
"P605-106","1010","200.00","1",
"P605-107","1010","200.00","1",
"P605-108","1010","200.00","1",
"P605-109","1010","200.00","1",
"P605-110","1010","200.00","1",
"P605-111","1010","200.00","1",
"P605-112","1010","200.00","1",
"P605-113","1010","200.00","1",
"P605-114","1010","200.00","1",
"P605-115","1010","200.00","1",
"P605-116","1010","200.00","1",
"P605-117","1010","200.00","1",
"P605-118","1010","200.00","1",
"P605-119","1010","200.00","1",
"P605-120","1010","200.00","1",
"P605-121","1010","200.00","1",
"P605-122","1010","200.00","1",
"P605-123","1010","200.00","1",
"P605-124","1010","200.00","1",
"P605-125","1010","200.00","1",
"P605-126","1010","200.00","1",
"P605-127","1010","200.00","1",
"P605-128","1010","200.00","1",
"P605-129","1010","200.00","1",
"P605-130","1010","200.00","1",
"P605-131","1010","200.00","1",
"P605-132","1010","200.00","1",
"P605-133","1010","200.00","1",
"P605-134","1010","200.00","1",
"P605-135","1010","200.00","1",
"P605-136","1010","200.00","1",
"P605-137","1010","200.00","1",
"P605-138","1010","200.00","1",
"P605-139","1010","200.00","1",
"P605-140","1010","200.00","1",
"P605-141","1010","200.00","1",
"P605-142","1010","200.00","1",
"P605-143","1010","200.00","1",
"P605-144","1010","200.00","1",
"P605-145","1010","200.00","1",
"P605-146","1010","200.00","1",
"P605-147","1010","200.00","1",
"P605-148","1010","200.00","1",
"P605-149","1010","200.00","1",
"P605-150","1010","200.00","1",
"P605-151","1010","200.00","1",
"P605-152","1010","200.00","1",
"P605-153","1010","200.00","1",
"P605-154","1010","200.00","1",
"P605-155","1010","200.00","1",
"P605-156","1010","200.00","1",
"P605-157","1010","200.00","1",
"P605-158","1010","200.00","1",
"P605-159","1010","200.00","1",
"P605-160","1010","200.00","1",
"P605-161","1010","200.00","1",
"P605-162","1010","200.00","1",
"P605-163","1010","200.00","1",
"P605-164","1010","200.00","1",
"P605-165","1010","200.00","1",
"P605-166","1010","200.00","1",
"P605-167","1010","200.00","1",
"P605-168","1010","200.00","1",
"P605-169","1010","200.00","1",
"P605-170","1010","200.00","1",
"P605-171","1010","200.00","1",
"P605-172","1010","200.00","1",
"P605-173","1010","200.00","1",
"P605-174","1010","200.00","1",
"P605-175","1010","200.00","1",
"P605-176","1010","200.00","1",
"P605-177","1010","200.00","1",
"P605-178","1010","200.00","1",
"P605-179","1010","200.00","1",
"P605-180","1010","200.00","1",
"P605-181","1010","200.00","1",
"P605-182","1010","200.00","1",
"P605-183","1010","200.00","1",
"P605-184","1010","200.00","1",
"P605-185","1010","200.00","1",
"P605-186","1010","200.00","1",
"P605-187","1010","200.00","1",
"P605-188","1010","200.00","1",
"P605-189","1010","200.00","1",
"P605-190","1010","200.00","1",
"P605-191","1010","200.00","1",
"P605-192","1010","200.00","1",
"P605-193","1010","200.00","1",
"P605-194","1010","200.00","1",
"P605-195","1010","200.00","1",
"P605-196","1010","200.00","1",
"P605-197","1010","200.00","1",
"P605-198","1010","200.00","1",
"P605-199","1010","200.00","1",
"P605-200","1010","285.00","1",
"P605-201","1010","285.00","1",
"P605-202","1010","285.00","1",
"P605-203","1010","285.00","1",
"P605-204","1010","285.00","1",
"P605-205","1010","285.00","1",
"P605-206","1010","285.00","1",
"P605-207","1010","285.00","1",
"P605-208","1010","285.00","1",
"P605-209","1010","285.00","1",
"P605-210","1010","285.00","1",
"P605-211","1010","285.00","1",
"P605-212","1010","285.00","1",
"P605-213","1010","285.00","1",
"P605-214","1010","285.00","1",
"P605-215","1010","285.00","1",
"P605-216","1010","285.00","1",
"P605-217","1010","285.00","1",
"P605-218","1010","285.00","1",
"P605-219","1010","285.00","1",
"P605-220","1010","285.00","1",
"P605-221","1010","285.00","1",
"P605-222","1010","285.00","1",
"P605-223","1010","285.00","1",
"P605-224","1010","285.00","1",
"P605-225","1010","285.00","1",
"P605-226","1010","285.00","1",
"P605-227","1010","285.00","1",
"P605-228","1010","285.00","1",
"P605-229","1010","285.00","1",
"P605-230","1010","285.00","1",
"P605-231","1010","285.00","1",
"P605-232","1010","285.00","1",
"P605-233","1010","285.00","1",
"P605-234","1010","285.00","1",
"P605-235","1010","285.00","1",
"P605-236","1010","285.00","1",
"P605-237","1010","285.00","1",
"P605-238","1010","285.00","1",
"P605-239","1010","285.00","1",
"P605-240","1010","285.00","1",
"P605-241","1010","285.00","1",
"P605-242","1010","285.00","1",
"P605-243","1010","285.00","1",
"P605-244","1010","285.00","1",
"P605-245","1010","285.00","1",
"P605-246","1010","285.00","1",
"P605-247","1010","285.00","1",
"P605-248","1010","285.00","1",
"P605-249","1010","285.00","1",
"P605-250","1010","285.00","1",
"P605-251","1010","285.00","1",
"P605-252","1010","285.00","1",
"P605-253","1010","285.00","1",
"P605-254","1010","285.00","1",
"P605-255","1010","285.00","1",
"P605-256","1010","285.00","1",
"P605-257","1010","285.00","1",
"P605-258","1010","285.00","1",
"P605-259","1010","285.00","1",
"P605-260","1010","285.00","1",
"P605-261","1010","285.00","1",
"P605-262","1010","285.00","1",
"P605-263","1010","285.00","1",
"P605-264","1010","285.00","1",
"P605-265","1010","285.00","1",
"P605-266","1010","285.00","1",
"P605-267","1010","285.00","1",
"P605-268","1010","285.00","1",
"P605-269","1010","285.00","1",
"P605-270","1010","285.00","1",
"P605-271","1010","285.00","1",
"P605-272","1010","285.00","1",
"P605-273","1010","285.00","1",
"P605-274","1010","285.00","1",
"P605-275","1010","285.00","1",
"P605-276","1010","285.00","1",
"P605-277","1010","285.00","1",
"P605-278","1010","285.00","1",
"P605-279","1010","285.00","1",
"P605-280","1010","285.00","1",
"P605-281","1010","285.00","1",
"P605-282","1010","285.00","1",
"P605-283","1010","285.00","1",
"P605-284","1010","285.00","1",
"P605-285","1010","285.00","1",
"P605-286","1010","285.00","1",
"P605-287","1010","285.00","1",
"P605-288","1010","285.00","1",
"P605-289","1010","285.00","1",
"P605-290","1010","285.00","1",
"P605-291","1010","285.00","1",
"P605-292","1010","285.00","1",
"P605-293","1010","285.00","1",
"P605-294","1010","285.00","1",
"P605-295","1010","285.00","1",
"P605-296","1010","285.00","1",
"P605-297","1010","285.00","1",
"P605-298","1010","285.00","1",
"P605-299","1010","285.00","1",
"P605-300","1010","310.00","1",
"P605-301","1010","310.00","1",
"P605-302","1010","310.00","1",
"P605-303","1010","310.00","1",
"P605-304","1010","310.00","1",
"P605-305","1010","310.00","1",
"P605-306","1010","310.00","1",
"P605-307","1010","310.00","1",
"P605-308","1010","310.00","1",
"P605-309","1010","310.00","1",
"P605-310","1010","310.00","1",
"P605-311","1010","310.00","1",
"P605-312","1010","310.00","1",
"P605-313","1010","310.00","1",
"P605-314","1010","310.00","1",
"P605-315","1010","310.00","1",
"P605-316","1010","310.00","1",
"P605-317","1010","310.00","1",
"P605-318","1010","310.00","1",
"P605-319","1010","310.00","1",
"P605-320","1010","310.00","1",
"P605-321","1010","310.00","1",
"P605-322","1010","310.00","1",
"P605-323","1010","310.00","1",
"P605-324","1010","310.00","1",
"P605-325","1010","310.00","1",
"P605-326","1010","310.00","1",
"P605-327","1010","310.00","1",
"P605-328","1010","310.00","1",
"P605-329","1010","310.00","1",
"P605-330","1010","310.00","1",
"P605-331","1010","310.00","1",
"P605-332","1010","310.00","1",
"P605-333","1010","310.00","1",
"P605-334","1010","310.00","1",
"P605-335","1010","310.00","1",
"P605-336","1010","310.00","1",
"P605-337","1010","310.00","1",
"P605-338","1010","310.00","1",
"P605-339","1010","310.00","1",
"P605-340","1010","310.00","1",
"P605-341","1010","310.00","1",
"P605-342","1010","310.00","1",
"P605-343","1010","310.00","1",
"P605-344","1010","310.00","1",
"P605-345","1010","310.00","1",
"P605-346","1010","310.00","1",
"P605-347","1010","310.00","1",
"P605-348","1010","310.00","1",
"P605-349","1010","310.00","1",
"P605-350","1010","310.00","1",
"P605-351","1010","310.00","1",
"P605-352","1010","310.00","1",
"P605-353","1010","310.00","1",
"P605-354","1010","310.00","1",
"P605-355","1010","310.00","1",
"P605-356","1010","310.00","1",
"P605-357","1010","310.00","1",
"P605-358","1010","310.00","1",
"P605-359","1010","310.00","1",
"P605-360","1010","310.00","1",
"P605-361","1010","310.00","1",
"P605-362","1010","310.00","1",
"P605-363","1010","310.00","1",
"P605-364","1010","310.00","1",
"P605-365","1010","310.00","1",
"P605-366","1010","310.00","1",
"P605-367","1010","310.00","1",
"P605-368","1010","310.00","1",
"P605-369","1010","310.00","1",
"P605-370","1010","310.00","1",
"P605-371","1010","310.00","1",
"P605-372","1010","310.00","1",
"P605-373","1010","310.00","1",
"P605-374","1010","310.00","1",
"P605-375","1010","310.00","1",
"P605-376","1010","310.00","1",
"P605-377","1010","310.00","1",
"P605-378","1010","310.00","1",
"P605-379","1010","310.00","1",
"P605-380","1010","310.00","1",
"P605-381","1010","310.00","1",
"P605-382","1010","310.00","1",
"P605-383","1010","310.00","1",
"P605-384","1010","310.00","1",
"P605-385","1010","310.00","1",
"P605-386","1010","310.00","1",
"P605-387","1010","310.00","1",
"P605-388","1010","310.00","1",
"P605-389","1010","310.00","1",
"P605-390","1010","310.00","1",
"P605-391","1010","310.00","1",
"P605-392","1010","310.00","1",
"P605-393","1010","310.00","1",
"P605-394","1010","310.00","1",
"P605-395","1010","310.00","1",
"P605-396","1010","310.00","1",
"P605-397","1010","310.00","1",
"P605-398","1010","310.00","1",
"P605-399","1010","310.00","1",
"P605-400","1010","300.00","1",
"P605-401","1010","300.00","1",
"P605-402","1010","300.00","1",
"P605-403","1010","300.00","1",
"P605-404","1010","300.00","1",
"P605-405","1010","300.00","1",
"P605-406","1010","300.00","1",
"P605-407","1010","300.00","1",
"P605-408","1010","300.00","1",
"P605-409","1010","300.00","1",
"P605-410","1010","300.00","1",
"P605-411","1010","300.00","1",
"P605-412","1010","300.00","1",
"P605-413","1010","300.00","1",
"P605-414","1010","300.00","1",
"P605-415","1010","300.00","1",
"P605-416","1010","300.00","1",
"P605-417","1010","300.00","1",
"P605-418","1010","300.00","1",
"P605-419","1010","300.00","1",
"P605-420","1010","300.00","1",
"P605-421","1010","300.00","1",
"P605-422","1010","300.00","1",
"P605-423","1010","300.00","1",
"P605-424","1010","300.00","1",
"P605-425","1010","300.00","1",
"P605-426","1010","300.00","1",
"P605-427","1010","300.00","1",
"P605-428","1010","300.00","1",
"P605-429","1010","300.00","1",
"P605-430","1010","300.00","1",
"P605-431","1010","300.00","1",
"P605-432","1010","300.00","1",
"P605-433","1010","300.00","1",
"P605-434","1010","300.00","1",
"P605-435","1010","300.00","1",
"P605-436","1010","300.00","1",
"P605-437","1010","300.00","1",
"P605-438","1010","300.00","1",
"P605-439","1010","300.00","1",
"P605-440","1010","300.00","1",
"P605-441","1010","300.00","1",
"P605-442","1010","300.00","1",
"P605-443","1010","300.00","1",
"P605-444","1010","300.00","1",
"P605-445","1010","300.00","1",
"P605-446","1010","300.00","1",
"P605-447","1010","300.00","1",
"P605-448","1010","300.00","1",
"P605-449","1010","300.00","1",
"P605-450","1010","300.00","1",
"P605-451","1010","300.00","1",
"P605-452","1010","300.00","1",
"P605-453","1010","300.00","1",
"P605-454","1010","300.00","1",
"P605-455","1010","300.00","1",
"P605-456","1010","300.00","1",
"P605-457","1010","300.00","1",
"P605-458","1010","300.00","1",
"P605-459","1010","300.00","1",
"P605-460","1010","300.00","1",
"P605-461","1010","300.00","1",
"P605-462","1010","300.00","1",
"P605-463","1010","300.00","1",
"P605-464","1010","300.00","1",
"P605-465","1010","300.00","1",
"P605-466","1010","300.00","1",
"P605-467","1010","300.00","1",
"P605-468","1010","300.00","1",
"P605-469","1010","300.00","1",
"P605-470","1010","300.00","1",
"P605-471","1010","300.00","1",
"P605-472","1010","300.00","1",
"P605-473","1010","300.00","1",
"P605-474","1010","300.00","1",
"P605-475","1010","300.00","1",
"P605-476","1010","300.00","1",
"P605-477","1010","300.00","1",
"P605-478","1010","300.00","1",
"P605-479","1010","300.00","1",
"P605-480","1010","300.00","1",
"P605-481","1010","300.00","1",
"P605-482","1010","300.00","1",
"P605-483","1010","300.00","1",
"P605-484","1010","300.00","1",
"P605-485","1010","300.00","1",
"P605-486","1010","300.00","1",
"P605-487","1010","300.00","1",
"P605-488","1010","300.00","1",
"P605-489","1010","300.00","1",
"P605-490","1010","300.00","1",
"P605-491","1010","300.00","1",
"P605-492","1010","300.00","1",
"P605-493","1010","300.00","1",
"P605-494","1010","300.00","1",
"P605-495","1010","300.00","1",
"P605-496","1010","300.00","1",
"P605-497","1010","300.00","1",
"P605-498","1010","300.00","1",
"P605-499","1010","300.00","1",
"P605-500","1010","270.00","1",
"P605-501","1010","270.00","1",
"P605-502","1010","270.00","1",
"P605-503","1010","270.00","1",
"P605-504","1010","270.00","1",
"P605-505","1010","270.00","1",
"P605-506","1010","270.00","1",
"P605-507","1010","270.00","1",
"P605-508","1010","270.00","1",
"P605-509","1010","270.00","1",
"P605-510","1010","270.00","1",
"P605-511","1010","270.00","1",
"P605-512","1010","270.00","1",
"P605-513","1010","270.00","1",
"P605-514","1010","270.00","1",
"P605-515","1010","270.00","1",
"P605-516","1010","270.00","1",
"P605-517","1010","270.00","1",
"P605-518","1010","270.00","1",
"P605-519","1010","270.00","1",
"P605-520","1010","270.00","1",
"P605-521","1010","270.00","1",
"P605-522","1010","270.00","1",
"P605-523","1010","270.00","1",
"P605-524","1010","270.00","1",
"P605-525","1010","270.00","1",
"P605-526","1010","270.00","1",
"P605-527","1010","270.00","1",
"P605-528","1010","270.00","1",
"P605-529","1010","270.00","1",
"P605-530","1010","270.00","1",
"P605-600","1010","270.00","1",
"P605-601","1010","270.00","1",
"P605-602","1010","270.00","1",
"P605-603","1010","270.00","1",
"P605-604","1010","270.00","1",
"P605-605","1010","270.00","1",
"P605-606","1010","270.00","1",
"P605-607","1010","270.00","1",
"P605-608","1010","270.00","1",
"P605-609","1010","270.00","1",
"P605-610","1010","270.00","1",
"P605-611","1010","270.00","1",
"P605-612","1010","270.00","1",
"P605-613","1010","270.00","1",
"P605-614","1010","270.00","1",
"P605-615","1010","270.00","1",
"P605-616","1010","270.00","1",
"P605-617","1010","270.00","1",
"P605-618","1010","270.00","1",
"P605-619","1010","270.00","1",
"P605-620","1010","270.00","1",
"P605-621","1010","270.00","1",
"P605-622","1010","270.00","1",
"P605-623","1010","270.00","1",
"P605-624","1010","270.00","1",
"P605-625","1010","270.00","1",
"P605-626","1010","270.00","1",
"P605-627","1010","270.00","1",
"P605-628","1010","270.00","1",
"P605-629","1010","370.00","1",
"P605-630","1010","370.00","1",
"P605-631","1010","270.00","1",
"P605-632","1010","270.00","1",
"P605-633","1010","270.00","1",
"P605-634","1010","270.00","1",
"P605-635","1010","270.00","1",
"P605-636","1010","270.00","1",
"P605-637","1010","270.00","1",
"P605-638","1010","270.00","1",
"P605-639","1010","270.00","1",
"P605-640","1010","270.00","1",
"P605-641","1010","270.00","1",
"P605-642","1010","270.00","1",
"P605-643","1010","270.00","1",
"P605-644","1010","270.00","1",
"P605-645","1010","270.00","1",
"P605-646","1010","270.00","1",
"P605-647","1010","270.00","1",
"P605-648","1010","270.00","1",
"P605-649","1010","270.00","1",
"P605-650","1010","270.00","1",
"P605-651","1010","270.00","1",
"P605-652","1010","270.00","1",
"P605-653","1010","270.00","1",
"P605-654","1010","270.00","1",
"P605-655","1010","270.00","1",
"P605-656","1010","270.00","1",
"P605-657","1010","270.00","1",
"P605-658","1010","270.00","1",
"P605-659","1010","270.00","1",
"P605-660","1010","270.00","1",
"P605-661","1010","270.00","1",
"P605-662","1010","270.00","1",
"P605-663","1010","270.00","1",
"P605-664","1010","270.00","1",
"P605-665","1010","270.00","1",
"P605-666","1010","270.00","1",
"P605-667","1010","270.00","1",
"P605-668","1010","270.00","1",
"P605-669","1010","270.00","1",
"P605-670","1010","270.00","1",
"P605-671","1010","270.00","1",
"P605-672","1010","270.00","1",
"P605-673","1010","270.00","1",
"P605-674","1010","270.00","1",
"P605-675","1010","270.00","1",
"P605-676","1010","270.00","1",
"P605-677","1010","270.00","1",
"P605-678","1010","270.00","1",
"P605-679","1010","270.00","1",
"P605-680","1010","270.00","1",
"P605-681","1010","270.00","1",
"P605-682","1010","270.00","1",
"P605-683","1010","270.00","1",
"P605-684","1010","270.00","1",
"P605-685","1010","270.00","1",
"P605-686","1010","270.00","1",
"P605-687","1010","270.00","1",
"P605-688","1010","270.00","1",
"P605-689","1010","270.00","1",
"P605-690","1010","270.00","1",
"P605-691","1010","270.00","1",
"P605-692","1010","270.00","1",
"P605-693","1010","270.00","1",
"P605-694","1010","270.00","1",
"P605-695","1010","270.00","1",
"P605-696","1010","270.00","1",
"P605-697","1010","270.00","1",
"P605-698","1010","270.00","1",
"P605-699","1010","270.00","1",
"P605-700","1010","100.00","1",
"P605-701","1010","100.00","1",
"P605-702","1010","100.00","1",
"P605-703","1010","100.00","1",
"P605-704","1010","100.00","1",
"P605-705","1010","100.00","1",
"P605-706","1010","100.00","1",
"P605-707","1010","100.00","1",
"P605-708","1010","100.00","1",
"P605-709","1010","100.00","1",
"P605-710","1010","100.00","1",
"P605-711","1010","100.00","1",
"P605-712","1010","100.00","1",
"P605-713","1010","100.00","1",
"P605-714","1010","100.00","1",
"P605-715","1010","100.00","1",
"P605-716","1010","100.00","1",
"P605-717","1010","100.00","1",
"P605-718","1010","100.00","1",
"P605-719","1010","100.00","1",
"P605-720","1010","100.00","1",
"P605-721","1010","100.00","1",
"P605-722","1010","100.00","1",
"P605-723","1010","100.00","1",
"P605-724","1010","100.00","1",
"P605-725","1010","100.00","1",
"P605-726","1010","100.00","1",
"P605-727","1010","100.00","1",
"P605-728","1010","100.00","1",
"P605-729","1010","100.00","1",
"P605-730","1010","100.00","1",
"P605-731","1010","100.00","1",
"P605-732","1010","100.00","1",
"P605-733","1010","100.00","1",
"P605-734","1010","100.00","1",
"P605-735","1010","100.00","1",
"P605-736","1010","100.00","1",
"P605-737","1010","100.00","1",
"P605-738","1010","100.00","1",
"P605-739","1010","100.00","1",
"P605-740","1010","100.00","1",
"P605-741","1010","100.00","1",
"P605-742","1010","100.00","1",
"P605-743","1010","100.00","1",
"P605-744","1010","100.00","1",
"P605-745","1010","100.00","1",
"P605-746","1010","100.00","1",
"P605-747","1010","100.00","1",
"P605-748","1010","100.00","1",
"P605-749","1010","100.00","1",
"P605-750","1010","100.00","1",
"P605-751","1010","100.00","1",
"P605-752","1010","100.00","1",
"P605-753","1010","100.00","1",
"P605-754","1010","100.00","1",
"P605-755","1010","100.00","1",
"P605-756","1010","100.00","1",
"P605-757","1010","100.00","1",
"P605-758","1010","100.00","1",
"P605-759","1010","100.00","1",
"P605-760","1010","100.00","1",
"P605-761","1010","100.00","1",
"P605-762","1010","100.00","1",
"P605-763","1010","100.00","1",
"P605-764","1010","100.00","1",
"P605-765","1010","100.00","1",
"P605-766","1010","100.00","1",
"P605-767","1010","100.00","1",
"P605-768","1010","100.00","1",
"P605-769","1010","100.00","1",
"P605-770","1010","100.00","1",
"P605-771","1010","100.00","1",
"P605-772","1010","100.00","1",
"P605-773","1010","100.00","1",
"P605-774","1010","100.00","1",
"P605-775","1010","100.00","1",
"P605-776","1010","100.00","1",
"P605-777","1010","100.00","1",
"P605-778","1010","100.00","1",
"P605-779","1010","100.00","1",
"P605-780","1010","100.00","1",
"P605-781","1010","100.00","1",
"P605-782","1010","100.00","1",
"P605-783","1010","100.00","1",
"P605-784","1010","100.00","1",
"P605-785","1010","100.00","1",
"P605-786","1010","100.00","1",
"P605-787","1010","100.00","1",
"P605-788","1010","100.00","1",
"P605-789","1010","100.00","1",
"P605-790","1010","100.00","1",
"P605-791","1010","100.00","1",
"P605-792","1010","100.00","1",
"P605-793","1010","100.00","1",
"P605-794","1010","100.00","1",
"P605-795","1010","100.00","1",
"P605-796","1010","100.00","1",
"P605-797","1010","100.00","1",
"P605-798","1010","100.00","1",
"P605-799","1010","100.00","1",
"P605-800","1010","200.00","1",
"P605-801","1010","200.00","1",
"P605-802","1010","200.00","1",
"P605-803","1010","200.00","1",
"P605-804","1010","200.00","1",
"P605-805","1010","200.00","1",
"P605-806","1010","200.00","1",
"P605-807","1010","200.00","1",
"P605-808","1010","200.00","1",
"P605-809","1010","200.00","1",
"P605-810","1010","200.00","1",
"P605-811","1010","200.00","1",
"P605-812","1010","200.00","1",
"P605-813","1010","200.00","1",
"P605-814","1010","200.00","1",
"P605-815","1010","200.00","1",
"P605-816","1010","200.00","1",
"P605-817","1010","200.00","1",
"P605-818","1010","200.00","1",
"P605-819","1010","200.00","1",
"P605-820","1010","200.00","1",
"P605-821","1010","200.00","1",
"P605-822","1010","200.00","1",
"P605-823","1010","200.00","1",
"P605-824","1010","200.00","1",
"P605-825","1010","200.00","1",
"P605-826","1010","200.00","1",
"P605-827","1010","200.00","1",
"P605-828","1010","200.00","1",
"P605-829","1010","200.00","1",
"P605-830","1010","200.00","1",
"P605-831","1010","200.00","1",
"P605-832","1010","200.00","1",
"P605-833","1010","200.00","1",
"P605-834","1010","200.00","1",
"P605-835","1010","200.00","1",
"P605-836","1010","200.00","1",
"P605-837","1010","200.00","1",
"P605-838","1010","200.00","1",
"P605-839","1010","200.00","1",
"P605-840","1010","200.00","1",
"P605-841","1010","200.00","1",
"P605-842","1010","200.00","1",
"P605-843","1010","200.00","1",
"P605-844","1010","200.00","1",
"P605-845","1010","200.00","1",
"P605-846","1010","200.00","1",
"P605-847","1010","200.00","1",
"P605-848","1010","200.00","1",
"P605-849","1010","200.00","1",
"P605-850","1010","200.00","1",
"P605-851","1010","200.00","1",
"P605-852","1010","200.00","1",
"P605-853","1010","200.00","1",
"P605-854","1010","200.00","1",
"P605-855","1010","200.00","1",
"P605-856","1010","200.00","1",
"P605-857","1010","200.00","1",
"P605-858","1010","200.00","1",
"P605-859","1010","200.00","1",
"P605-860","1010","200.00","1",
"P605-861","1010","200.00","1",
"P605-862","1010","200.00","1",
"P605-863","1010","200.00","1",
"P605-864","1010","200.00","1",
"P605-865","1010","200.00","1",
"P605-866","1010","200.00","1",
"P605-867","1010","200.00","1",
"P605-868","1010","200.00","1",
"P605-869","1010","200.00","1",
"P605-870","1010","200.00","1",
"P605-871","1010","200.00","1",
"P605-872","1010","200.00","1",
"P605-873","1010","200.00","1",
"P605-874","1010","200.00","1",
"P605-875","1010","200.00","1",
"P605-876","1010","200.00","1",
"P605-877","1010","200.00","1",
"P605-878","1010","200.00","1",
"P605-879","1010","200.00","1",
"P605-880","1010","200.00","1",
"P605-881","1010","200.00","1",
"P605-882","1010","200.00","1",
"P605-883","1010","200.00","1",
"P605-884","1010","200.00","1",
"P605-885","1010","200.00","1",
"P605-886","1010","200.00","1",
"P605-887","1010","200.00","1",
"P605-888","1010","200.00","1",
"P605-889","1010","200.00","1",
"P605-890","1010","200.00","1",
"P605-891","1010","200.00","1",
"P605-892","1010","200.00","1",
"P605-893","1010","200.00","1",
"P605-894","1010","200.00","1",
"P605-895","1010","200.00","1",
"P605-896","1010","200.00","1",
"P605-897","1010","200.00","1",
"P605-898","1010","200.00","1",
"P605-899","1010","200.00","1",
"P605-OLD00","1010","100.00","1",
"P605-OLD01","1010","100.00","1",
"P605-OLD02","1010","100.00","1",
"P605-OLD03","1010","100.00","1",
"P605-OLD04","1010","100.00","1",
"P605-OLD05","1010","100.00","1",
"P605-OLD06","1010","100.00","1",
"P605-OLD07","1010","100.00","1",
"P605-OLD08","1010","100.00","1",
"P605-OLD09","1010","100.00","1",
"P605-OLD10","1010","100.00","1",
"P605-OLD11","1010","100.00","1",
"P605-OLD12","1010","100.00","1",
"P605-OLD13","1010","100.00","1",
"P605-OLD14","1010","100.00","1",
"P605-OLD15","1010","100.00","1",
"P605-OLD16","1010","100.00","1",
"P605-OLD17","1010","100.00","1",
"P605-OLD18","1010","100.00","1",
"P605-OLD19","1010","100.00","1",
"P605-OLD20","1010","100.00","1",
"P605-OLD21","1010","100.00","1",
"P605-OLD22","1010","100.00","1",
"P605-OLD23","1010","100.00","1",
"P605-OLD24","1010","100.00","1",
"P605-OLD25","1010","100.00","1",
"P605-OLD26","1010","100.00","1",
"P605-OLD27","1010","100.00","1",
"P605-OLD28","1010","100.00","1",
"P605-OLD29","1010","100.00","1",
"P605-OLD30","1010","100.00","1",
"P605-OLD31","1010","100.00","1",
"P605-OLD32","1010","100.00","1",
"P605-OLD33","1010","100.00","1",
"P605-OLD34","1010","100.00","1",
"P605-OLD35","1010","100.00","1",
"P605-OLD36","1010","100.00","1",
"P605-OLD37","1010","100.00","1",
"P605-OLD38","1010","100.00","1",
"P605-OLD39","1010","100.00","1",
"P605-OLD40","1010","100.00","1",
"P605-OLD41","1010","100.00","1",
"P605-OLD42","1010","100.00","1",
"P605-OLD43","1010","100.00","1",
"P605-OLD44","1010","100.00","1",
"P605-OLD45","1010","100.00","1",
"P605-OLD46","1010","100.00","1",
"P605-OLD47","1010","100.00","1",
"P605-OLD48","1010","100.00","1",
"P605-OLD49","1010","100.00","1",
"P605-OLD50","1010","100.00","1",
"P605-OLD51","1010","100.00","1",
"P605-OLD52","1010","100.00","1",
"P605-OLD53","1010","100.00","1",
"P605-OLD54","1010","100.00","1",
"P605-OLD55","1010","100.00","1",
"P605-OLD56","1010","100.00","1",
"P605-OLD57","1010","100.00","1",
"P605-OLD58","1010","100.00","1",
"P605-OLD59","1010","100.00","1",
"P605-OLD60","1010","100.00","1",
"P605-OLD61","1010","100.00","1",
"P605-OLD62","1010","100.00","1",
"P605-OLD63","1010","100.00","1",
"P605-OLD64","1010","100.00","1",
"P605-OLD65","1010","100.00","1",
"P605-OLD66","1010","100.00","1",
"P605-OLD67","1010","100.00","1",
"P605-OLD68","1010","100.00","1",
"P605-OLD69","1010","100.00","1",
"P605-OLD70","1010","100.00","1",
"P605-OLD71","1010","100.00","1",
"P605-OLD72","1010","100.00","1",
"P605-OLD73","1010","100.00","1",
"P605-OLD74","1010","100.00","1",
"P605-OLD75","1010","100.00","1",
"P605-OLD76","1010","100.00","1",
"P605-OLD77","1010","100.00","1",
"P605-OLD78","1010","100.00","1",
"P605-OLD79","1010","100.00","1",
"P605-OLD80","1010","100.00","1",
"P605-OLD81","1010","100.00","1",
"P605-OLD82","1010","100.00","1",
"P605-OLD83","1010","100.00","1",
"P605-OLD84","1010","100.00","1",
"P605-OLD85","1010","100.00","1",
"P605-OLD86","1010","100.00","1",
"P605-OLD87","1010","100.00","1",
"P605-OLD88","1010","100.00","1",
"P605-OLD89","1010","100.00","1",
"P605-OLD90","1010","100.00","1",
"P605-OLD91","1010","100.00","1",
"P605-OLD92","1010","100.00","1",
"P605-OLD93","1010","100.00","1",
"P605-OLD94","1010","100.00","1",
"P605-OLD95","1010","100.00","1",
"P605-OLD96","1010","100.00","1",
"P605-OLD97","1010","100.00","1",
"P605-OLD98","1010","100.00","1",
"P605-OLD99","1010","100.00","1",
"P605-U00","1010","10.00","1",
"P605-U01","1010","10.00","1",
"P605-U02","1010","10.00","1",
"P605-U03","1010","10.00","1",
"P605-U04","1010","10.00","1",
"P605-U05","1010","10.00","1",
"P605-U06","1010","10.00","1",
"P605-U07","1010","10.00","1",
"P605-U08","1010","10.00","1",
"P605-U09","1010","10.00","1",
"P605-U10","1010","10.00","1",
"P605-U11","1010","10.00","1",
"P605-U12","1010","10.00","1",
"P605-U13","1010","10.00","1",
"P605-U14","1010","10.00","1",
"P605-U15","1010","10.00","1",
"P605-U16","1010","10.00","1",
"P605-U17","1010","10.00","1",
"P605-U18","1010","10.00","1",
"P605-U19","1010","10.00","1",
"P605-U20","1010","10.00","1",
"P605-U21","1010","10.00","1",
"P605-U22","1010","10.00","1",
"P605-U23","1010","10.00","1",
"P605-U24","1010","10.00","1",
"P605-U25","1010","10.00","1",
"P605-U26","1010","10.00","1",
"P605-U27","1010","10.00","1",
"P605-U28","1010","10.00","1",
"P605-U29","1010","10.00","1",
"P605-U30","1010","10.00","1",
"P605-U31","1010","10.00","1",
"P605-U32","1010","10.00","1",
"P605-U33","1010","10.00","1",
"P605-U34","1010","10.00","1",
"P605-U35","1010","10.00","1",
"P605-U36","1010","10.00","1",
"P605-U37","1010","10.00","1",
"P605-U38","1010","10.00","1",
"P605-U39","1010","10.00","1",
"P605-U40","1010","10.00","1",
"P605-U41","1010","10.00","1",
"P605-U42","1010","10.00","1",
"P605-U43","1010","10.00","1",
"P605-U44","1010","10.00","1",
"P605-U45","1010","10.00","1",
"P605-U46","1010","10.00","1",
"P605-U47","1010","10.00","1",
"P605-U48","1010","10.00","1",
"P605-U49","1010","10.00","1",
"P605-U50","1010","10.00","1",
"P605-U51","1010","10.00","1",
"P605-U52","1010","10.00","1",
"P605-U53","1010","10.00","1",
"P605-U54","1010","10.00","1",
"P605-U55","1010","10.00","1",
"P605-U56","1010","10.00","1",
"P605-U57","1010","10.00","1",
"P605-U58","1010","10.00","1",
"P605-U59","1010","10.00","1",
"P605-U60","1010","10.00","1",
"P605-U61","1010","10.00","1",
"P605-U62","1010","10.00","1",
"P605-U63","1010","10.00","1",
"P605-U64","1010","10.00","1",
"P605-U65","1010","10.00","1",
"P605-U66","1010","10.00","1",
"P605-U67","1010","10.00","1",
"P605-U68","1010","10.00","1",
"P605-U69","1010","10.00","1",
"P605-U70","1010","10.00","1",
"P605-U71","1010","10.00","1",
"P605-U72","1010","10.00","1",
"P605-U73","1010","10.00","1",
"P605-U74","1010","10.00","1",
"P605-U75","1010","10.00","1",
"P605-U76","1010","10.00","1",
"P605-U77","1010","10.00","1",
"P605-U78","1010","10.00","1",
"P605-U79","1010","10.00","1",
"P605-U80","1010","10.00","1",
"P605-U81","1010","10.00","1",
"P605-U82","1010","10.00","1",
"P605-U83","1010","10.00","1",
"P605-U84","1010","10.00","1",
"P605-U85","1010","10.00","1",
"P605-U86","1010","10.00","1",
"P605-U87","1010","10.00","1",
"P605-U88","1010","10.00","1",
"P605-U89","1010","10.00","1",
"P605-U90","1010","10.00","1",
"P605-U91","1010","10.00","1",
"P605-U92","1010","10.00","1",
"P605-U93","1010","10.00","1",
"P605-U94","1010","10.00","1",
"P605-U95","1010","10.00","1",
"P605-U96","1010","10.00","1",
"P605-U97","1010","10.00","1",
"P605-U98","1010","10.00","1",
"P605-U99","1010","10.00","1",
"P605-V00","1010","5.00","1",
"P605-V01","1010","5.00","1",
"P605-V02","1010","5.00","1",
"P605-V03","1010","5.00","1",
"P605-V04","1010","5.00","1",
"P605-V05","1010","5.00","1",
"P605-V06","1010","5.00","1",
"P605-V07","1010","5.00","1",
"P605-V08","1010","5.00","1",
"P605-V09","1010","5.00","1",
"P605-V10","1010","5.00","1",
"P605-V11","1010","5.00","1",
"P605-V12","1010","5.00","1",
"P605-V13","1010","5.00","1",
"P605-V14","1010","5.00","1",
"P605-V15","1010","5.00","1",
"P605-V16","1010","5.00","1",
"P605-V17","1010","5.00","1",
"P605-V18","1010","5.00","1",
"P605-V19","1010","5.00","1",
"P605-V20","1010","5.00","1",
"P605-V21","1010","5.00","1",
"P605-V22","1010","5.00","1",
"P605-V23","1010","5.00","1",
"P605-V24","1010","5.00","1",
"P605-V25","1010","5.00","1",
"P605-V26","1010","5.00","1",
"P605-V27","1010","5.00","1",
"P605-V28","1010","5.00","1",
"P605-V29","1010","5.00","1",
"P605-V30","1010","5.00","1",
"P605-V31","1010","5.00","1",
"P605-V32","1010","5.00","1",
"P605-V33","1010","5.00","1",
"P605-V34","1010","5.00","1",
"P605-V35","1010","5.00","1",
"P605-V36","1010","5.00","1",
"P605-V37","1010","5.00","1",
"P605-V38","1010","5.00","1",
"P605-V39","1010","5.00","1",
"P605-V40","1010","5.00","1",
"P605-V41","1010","5.00","1",
"P605-V42","1010","5.00","1",
"P605-V43","1010","5.00","1",
"P605-V44","1010","5.00","1",
"P605-V45","1010","5.00","1",
"P605-V46","1010","5.00","1",
"P605-V47","1010","5.00","1",
"P605-V48","1010","5.00","1",
"P605-V49","1010","5.00","1",
"P605-V50","1010","5.00","1",
"P605-V51","1010","5.00","1",
"P605-V52","1010","5.00","1",
"P605-V53","1010","5.00","1",
"P605-V54","1010","5.00","1",
"P605-V55","1010","5.00","1",
"P605-V56","1010","5.00","1",
"P605-V57","1010","5.00","1",
"P605-V58","1010","5.00","1",
"P605-V59","1010","5.00","1",
"P605-V60","1010","5.00","1",
"P605-V61","1010","5.00","1",
"P605-V62","1010","5.00","1",
"P605-V63","1010","5.00","1",
"P605-V64","1010","5.00","1",
"P605-V65","1010","5.00","1",
"P605-V66","1010","5.00","1",
"P605-V67","1010","5.00","1",
"P605-V68","1010","5.00","1",
"P605-V69","1010","5.00","1",
"P605-V70","1010","5.00","1",
"P605-V71","1010","5.00","1",
"P605-V72","1010","5.00","1",
"P605-V73","1010","5.00","1",
"P605-V74","1010","5.00","1",
"P605-V75","1010","5.00","1",
"P605-V76","1010","5.00","1",
"P605-V77","1010","5.00","1",
"P605-V78","1010","5.00","1",
"P605-V79","1010","5.00","1",
"P605-V80","1010","5.00","1",
"P605-V81","1010","5.00","1",
"P605-V82","1010","5.00","1",
"P605-V83","1010","5.00","1",
"P605-V84","1010","5.00","1",
"P605-V85","1010","5.00","1",
"P605-V86","1010","5.00","1",
"P605-V87","1010","5.00","1",
"P605-V88","1010","5.00","1",
"P605-V89","1010","5.00","1",
"P605-V90","1010","5.00","1",
"P605-V91","1010","5.00","1",
"P605-V92","1010","5.00","1",
"P605-V93","1010","5.00","1",
"P605-V94","1010","5.00","1",
"P605-V95","1010","5.00","1",
"P605-V96","1010","5.00","1",
"P605-V97","1010","5.00","1",
"P605-V98","1010","5.00","1",
"P605-V99","1010","5.00","1",
"P605-X00","1010","70.00","1",
"P605-X01","1010","70.00","1",
"P605-X02","1010","70.00","1",
"P605-X03","1010","70.00","1",
"P605-X04","1010","70.00","1",
"P605-X05","1010","70.00","1",
"P605-X06","1010","70.00","1",
"P605-X07","1010","70.00","1",
"P605-X08","1010","70.00","1",
"P605-X09","1010","70.00","1",
"P605-X10","1010","70.00","1",
"P605-X11","1010","70.00","1",
"P605-X12","1010","70.00","1",
"P605-X13","1010","70.00","1",
"P605-X14","1010","70.00","1",
"P605-X15","1010","70.00","1",
"P605-X16","1010","70.00","1",
"P605-X17","1010","70.00","1",
"P605-X18","1010","70.00","1",
"P605-X19","1010","70.00","1",
"P605-X20","1010","70.00","1",
"P605-X21","1010","70.00","1",
"P605-X22","1010","70.00","1",
"P605-X23","1010","70.00","1",
"P605-X24","1010","70.00","1",
"P605-X25","1010","70.00","1",
"P605-X26","1010","70.00","1",
"P605-X27","1010","70.00","1",
"P605-X28","1010","70.00","1",
"P605-X29","1010","70.00","1",
"P605-X30","1010","70.00","1",
"P605-X31","1010","70.00","1",
"P605-X32","1010","70.00","1",
"P605-X33","1010","70.00","1",
"P605-X34","1010","70.00","1",
"P605-X35","1010","70.00","1",
"P605-X36","1010","70.00","1",
"P605-X37","1010","70.00","1",
"P605-X38","1010","70.00","1",
"P605-X39","1010","70.00","1",
"P605-X40","1010","70.00","1",
"P605-X41","1010","70.00","1",
"P605-X42","1010","70.00","1",
"P605-X43","1010","70.00","1",
"P605-X44","1010","70.00","1",
"P605-X45","1010","70.00","1",
"P605-X46","1010","70.00","1",
"P605-X47","1010","70.00","1",
"P605-X48","1010","70.00","1",
"P605-X49","1010","70.00","1",
"P605-X50","1010","70.00","1",
"P605-X51","1010","70.00","1",
"P605-X52","1010","70.00","1",
"P605-X53","1010","70.00","1",
"P605-X54","1010","70.00","1",
"P605-X55","1010","70.00","1",
"P605-X56","1010","70.00","1",
"P605-X57","1010","70.00","1",
"P605-X58","1010","70.00","1",
"P605-X59","1010","70.00","1",
"P605-X60","1010","70.00","1",
"P605-X61","1010","70.00","1",
"P605-X62","1010","70.00","1",
"P605-X63","1010","70.00","1",
"P605-X64","1010","70.00","1",
"P605-X65","1010","70.00","1",
"P605-X66","1010","70.00","1",
"P605-X67","1010","70.00","1",
"P605-X68","1010","70.00","1",
"P605-X69","1010","70.00","1",
"P605-X70","1010","70.00","1",
"P605-X71","1010","70.00","1",
"P605-X72","1010","70.00","1",
"P605-X73","1010","70.00","1",
"P605-X74","1010","70.00","1",
"P605-X75","1010","70.00","1",
"P605-X76","1010","70.00","1",
"P605-X77","1010","70.00","1",
"P605-X78","1010","70.00","1",
"P605-X79","1010","70.00","1",
"P605-X80","1010","70.00","1",
"P605-X81","1010","70.00","1",
"P605-X82","1010","70.00","1",
"P605-X83","1010","70.00","1",
"P605-X84","1010","70.00","1",
"P605-X85","1010","70.00","1",
"P605-X86","1010","70.00","1",
"P605-X87","1010","70.00","1",
"P605-X88","1010","70.00","1",
"P605-X89","1010","70.00","1",
"P605-X90","1010","70.00","1",
"P605-X91","1010","70.00","1",
"P605-X92","1010","70.00","1",
"P605-X93","1010","70.00","1",
"P605-X94","1010","70.00","1",
"P605-X95","1010","70.00","1",
"P605-X96","1010","70.00","1",
"P605-X97","1010","70.00","1",
"P605-X98","1010","70.00","1",
"P605-X99","1010","70.00","1",
"P605-Y00","1010","30.00","1",
"P605-Y01","1010","30.00","1",
"P605-Y02","1010","30.00","1",
"P605-Y03","1010","30.00","1",
"P605-Y04","1010","30.00","1",
"P605-Y05","1010","30.00","1",
"P605-Y06","1010","30.00","1",
"P605-Y07","1010","30.00","1",
"P605-Y08","1010","30.00","1",
"P605-Y09","1010","30.00","1",
"P605-Y10","1010","30.00","1",
"P605-Y11","1010","30.00","1",
"P605-Y12","1010","30.00","1",
"P605-Y13","1010","30.00","1",
"P605-Y14","1010","30.00","1",
"P605-Y15","1010","30.00","1",
"P605-Y16","1010","30.00","1",
"P605-Y17","1010","30.00","1",
"P605-Y18","1010","30.00","1",
"P605-Y19","1010","30.00","1",
"P605-Y20","1010","30.00","1",
"P605-Y21","1010","30.00","1",
"P605-Y22","1010","30.00","1",
"P605-Y23","1010","30.00","1",
"P605-Y24","1010","30.00","1",
"P605-Y25","1010","30.00","1",
"P605-Y26","1010","30.00","1",
"P605-Y27","1010","30.00","1",
"P605-Y28","1010","30.00","1",
"P605-Y29","1010","30.00","1",
"P605-Y30","1010","30.00","1",
"P605-Y31","1010","30.00","1",
"P605-Y32","1010","30.00","1",
"P605-Y33","1010","30.00","1",
"P605-Y34","1010","30.00","1",
"P605-Y35","1010","30.00","1",
"P605-Y36","1010","30.00","1",
"P605-Y37","1010","30.00","1",
"P605-Y38","1010","30.00","1",
"P605-Y39","1010","30.00","1",
"P605-Y40","1010","30.00","1",
"P605-Y41","1010","30.00","1",
"P605-Y42","1010","30.00","1",
"P605-Y43","1010","30.00","1",
"P605-Y44","1010","30.00","1",
"P605-Y45","1010","30.00","1",
"P605-Y46","1010","30.00","1",
"P605-Y47","1010","30.00","1",
"P605-Y48","1010","30.00","1",
"P605-Y49","1010","30.00","1",
"P605-Y50","1010","30.00","1",
"P605-Y51","1010","30.00","1",
"P605-Y52","1010","30.00","1",
"P605-Y53","1010","30.00","1",
"P605-Y54","1010","30.00","1",
"P605-Y55","1010","30.00","1",
"P605-Y56","1010","30.00","1",
"P605-Y57","1010","30.00","1",
"P605-Y58","1010","30.00","1",
"P605-Y59","1010","30.00","1",
"P605-Y60","1010","30.00","1",
"P605-Y61","1010","30.00","1",
"P605-Y62","1010","30.00","1",
"P605-Y63","1010","30.00","1",
"P605-Y64","1010","30.00","1",
"P605-Y65","1010","30.00","1",
"P605-Y66","1010","30.00","1",
"P605-Y67","1010","30.00","1",
"P605-Y68","1010","30.00","1",
"P605-Y69","1010","30.00","1",
"P605-Y70","1010","30.00","1",
"P605-Y71","1010","30.00","1",
"P605-Y72","1010","30.00","1",
"P605-Y73","1010","30.00","1",
"P605-Y74","1010","30.00","1",
"P605-Y75","1010","30.00","1",
"P605-Y76","1010","30.00","1",
"P605-Y77","1010","30.00","1",
"P605-Y78","1010","30.00","1",
"P605-Y79","1010","30.00","1",
"P605-Y80","1010","30.00","1",
"P605-Y81","1010","30.00","1",
"P605-Y82","1010","30.00","1",
"P605-Y83","1010","30.00","1",
"P605-Y84","1010","30.00","1",
"P605-Y85","1010","30.00","1",
"P605-Y86","1010","30.00","1",
"P605-Y87","1010","30.00","1",
"P605-Y88","1010","30.00","1",
"P605-Y89","1010","30.00","1",
"P605-Y90","1010","30.00","1",
"P605-Y91","1010","30.00","1",
"P605-Y92","1010","30.00","1",
"P605-Y93","1010","30.00","1",
"P605-Y94","1010","30.00","1",
"P605-Y95","1010","30.00","1",
"P605-Y96","1010","30.00","1",
"P605-Y97","1010","30.00","1",
"P605-Y98","1010","30.00","1",
"P605-Y99","1010","30.00","1",
"P605-Z00","1010","150.00","1",
"P605-Z01","1010","150.00","1",
"P605-Z02","1010","150.00","1",
"P605-Z03","1010","150.00","1",
"P605-Z04","1010","150.00","1",
"P605-Z05","1010","150.00","1",
"P605-Z06","1010","150.00","1",
"P605-Z07","1010","150.00","1",
"P605-Z08","1010","150.00","1",
"P605-Z09","1010","150.00","1",
"P605-Z10","1010","150.00","1",
"P605-Z11","1010","150.00","1",
"P605-Z12","1010","150.00","1",
"P605-Z13","1010","150.00","1",
"P605-Z14","1010","150.00","1",
"P605-Z15","1010","150.00","1",
"P605-Z16","1010","150.00","1",
"P605-Z17","1010","150.00","1",
"P605-Z18","1010","150.00","1",
"P605-Z19","1010","150.00","1",
"P605-Z20","1010","150.00","1",
"P605-Z21","1010","150.00","1",
"P605-Z22","1010","150.00","1",
"P605-Z23","1010","150.00","1",
"P605-Z24","1010","150.00","1",
"P605-Z25","1010","150.00","1",
"P605-Z26","1010","150.00","1",
"P605-Z27","1010","150.00","1",
"P605-Z28","1010","150.00","1",
"P605-Z29","1010","150.00","1",
"P605-Z30","1010","150.00","1",
"P605-Z31","1010","150.00","1",
"P605-Z32","1010","150.00","1",
"P605-Z33","1010","150.00","1",
"P605-Z34","1010","150.00","1",
"P605-Z35","1010","150.00","1",
"P605-Z36","1010","150.00","1",
"P605-Z37","1010","150.00","1",
"P605-Z38","1010","150.00","1",
"P605-Z39","1010","150.00","1",
"P605-Z40","1010","150.00","1",
"P605-Z41","1010","150.00","1",
"P605-Z42","1010","150.00","1",
"P605-Z43","1010","150.00","1",
"P605-Z44","1010","150.00","1",
"P605-Z45","1010","150.00","1",
"P605-Z46","1010","150.00","1",
"P605-Z47","1010","150.00","1",
"P605-Z48","1010","150.00","1",
"P605-Z49","1010","150.00","1",
"P605-Z50","1010","150.00","1",
"P605-Z51","1010","150.00","1",
"P605-Z52","1010","150.00","1",
"P605-Z53","1010","150.00","1",
"P605-Z54","1010","150.00","1",
"P605-Z55","1010","150.00","1",
"P605-Z56","1010","150.00","1",
"P605-Z57","1010","150.00","1",
"P605-Z58","1010","150.00","1",
"P605-Z59","1010","150.00","1",
"P605-Z60","1010","150.00","1",
"P605-Z61","1010","150.00","1",
"P605-Z62","1010","150.00","1",
"P605-Z63","1010","150.00","1",
"P605-Z64","1010","150.00","1",
"P605-Z65","1010","150.00","1",
"P605-Z66","1010","150.00","1",
"P605-Z67","1010","150.00","1",
"P605-Z68","1010","150.00","1",
"P605-Z69","1010","150.00","1",
"P605-Z70","1010","150.00","1",
"P605-Z71","1010","150.00","1",
"P605-Z72","1010","150.00","1",
"P605-Z73","1010","150.00","1",
"P605-Z74","1010","150.00","1",
"P605-Z75","1010","150.00","1",
"P605-Z76","1010","150.00","1",
"P605-Z77","1010","150.00","1",
"P605-Z78","1010","150.00","1",
"P605-Z79","1010","150.00","1",
"P605-Z80","1010","150.00","1",
"P605-Z81","1010","150.00","1",
"P605-Z82","1010","150.00","1",
"P605-Z83","1010","150.00","1",
"P605-Z84","1010","150.00","1",
"P605-Z85","1010","150.00","1",
"P605-Z86","1010","150.00","1",
"P605-Z87","1010","150.00","1",
"P605-Z88","1010","150.00","1",
"P605-Z89","1010","150.00","1",
"P605-Z90","1010","150.00","1",
"P605-Z91","1010","150.00","1",
"P605-Z92","1010","150.00","1",
"P605-Z93","1010","150.00","1",
"P605-Z94","1010","150.00","1",
"P605-Z95","1010","150.00","1",
"P605-Z96","1010","150.00","1",
"P605-Z97","1010","150.00","1",
"P605-Z98","1010","150.00","1",
"P605-Z99","1010","150.00","1",
"P610-100","1010","3.75","1",
"P610-101","1010","3.75","1",
"P610-102","1010","3.75","1",
"P610-103","1010","3.75","1",
"P610-104","1010","3.75","1",
"P610-105","1010","3.75","1",
"P610-106","1010","3.75","1",
"P610-107","1010","3.75","1",
"P610-108","1010","3.75","1",
"P610-109","1010","3.75","1",
"P610-110","1010","3.75","1",
"P610-111","1010","3.75","1",
"P610-112","1010","3.75","1",
"P610-113","1010","3.75","1",
"P610-114","1010","3.75","1",
"P610-115","1010","3.75","1",
"P610-116","1010","3.75","1",
"P610-117","1010","3.75","1",
"P610-118","1010","3.75","1",
"P610-119","1010","3.75","1",
"P610-120","1010","3.75","1",
"P610-121","1010","3.75","1",
"P610-122","1010","3.75","1",
"P610-123","1010","3.75","1",
"P610-124","1010","3.75","1",
"P610-125","1010","3.75","1",
"P610-126","1010","3.75","1",
"P610-127","1010","3.75","1",
"P610-128","1010","3.75","1",
"P610-129","1010","3.75","1",
"P610-130","1010","3.75","1",
"P610-131","1010","3.75","1",
"P610-132","1010","3.75","1",
"P610-133","1010","3.75","1",
"P610-134","1010","3.75","1",
"P610-135","1010","3.75","1",
"P610-136","1010","3.75","1",
"P610-137","1010","3.75","1",
"P610-138","1010","3.75","1",
"P610-139","1010","3.75","1",
"P610-140","1010","3.75","1",
"P610-141","1010","3.75","1",
"P610-142","1010","3.75","1",
"P610-143","1010","3.75","1",
"P610-144","1010","3.75","1",
"P610-145","1010","3.75","1",
"P610-146","1010","3.75","1",
"P610-147","1010","3.75","1",
"P610-148","1010","3.75","1",
"P610-149","1010","3.75","1",
"P610-150","1010","3.75","1",
"P610-151","1010","3.75","1",
"P610-152","1010","3.75","1",
"P610-153","1010","3.75","1",
"P610-154","1010","3.75","1",
"P610-155","1010","3.75","1",
"P610-156","1010","3.75","1",
"P610-157","1010","3.75","1",
"P610-158","1010","3.75","1",
"P610-159","1010","3.75","1",
"P610-160","1010","3.75","1",
"P610-161","1010","3.75","1",
"P610-162","1010","3.75","1",
"P610-163","1010","3.75","1",
"P610-164","1010","3.75","1",
"P610-165","1010","3.75","1",
"P610-166","1010","3.75","1",
"P610-167","1010","3.75","1",
"P610-168","1010","3.75","1",
"P610-169","1010","3.75","1",
"P610-170","1010","3.75","1",
"P610-171","1010","3.75","1",
"P610-172","1010","3.75","1",
"P610-173","1010","3.75","1",
"P610-174","1010","3.75","1",
"P610-175","1010","3.75","1",
"P610-176","1010","3.75","1",
"P610-177","1010","3.75","1",
"P610-178","1010","3.75","1",
"P610-179","1010","3.75","1",
"P610-180","1010","3.75","1",
"P610-181","1010","3.75","1",
"P610-182","1010","3.75","1",
"P610-183","1010","3.75","1",
"P610-184","1010","3.75","1",
"P610-185","1010","3.75","1",
"P610-186","1010","3.75","1",
"P610-187","1010","3.75","1",
"P610-188","1010","3.75","1",
"P610-189","1010","3.75","1",
"P610-190","1010","3.75","1",
"P610-191","1010","3.75","1",
"P610-192","1010","3.75","1",
"P610-193","1010","3.75","1",
"P610-194","1010","3.75","1",
"P610-195","1010","3.75","1",
"P610-196","1010","3.75","1",
"P610-197","1010","3.75","1",
"P610-198","1010","3.75","1",
"P610-199","1010","3.75","1",
"P610-200","1010","4.17","1",
"P610-201","1010","4.17","1",
"P610-202","1010","4.17","1",
"P610-203","1010","4.17","1",
"P610-204","1010","4.17","1",
"P610-205","1010","4.17","1",
"P610-206","1010","4.17","1",
"P610-207","1010","4.17","1",
"P610-208","1010","4.17","1",
"P610-209","1010","4.17","1",
"P610-210","1010","4.17","1",
"P610-211","1010","4.17","1",
"P610-212","1010","4.17","1",
"P610-213","1010","4.17","1",
"P610-214","1010","4.17","1",
"P610-215","1010","4.17","1",
"P610-216","1010","4.17","1",
"P610-217","1010","4.17","1",
"P610-218","1010","4.17","1",
"P610-219","1010","4.17","1",
"P610-220","1010","4.17","1",
"P610-221","1010","4.17","1",
"P610-222","1010","4.17","1",
"P610-223","1010","4.17","1",
"P610-224","1010","4.17","1",
"P610-225","1010","4.17","1",
"P610-226","1010","4.17","1",
"P610-227","1010","4.17","1",
"P610-228","1010","4.17","1",
"P610-229","1010","4.17","1",
"P610-230","1010","4.17","1",
"P610-231","1010","4.17","1",
"P610-232","1010","4.17","1",
"P610-233","1010","4.17","1",
"P610-234","1010","4.17","1",
"P610-235","1010","4.17","1",
"P610-236","1010","4.17","1",
"P610-237","1010","4.17","1",
"P610-238","1010","4.17","1",
"P610-239","1010","4.17","1",
"P610-240","1010","4.17","1",
"P610-241","1010","4.17","1",
"P610-242","1010","4.17","1",
"P610-243","1010","4.17","1",
"P610-244","1010","4.17","1",
"P610-245","1010","4.17","1",
"P610-246","1010","4.17","1",
"P610-247","1010","4.17","1",
"P610-248","1010","4.17","1",
"P610-249","1010","4.17","1",
"P610-250","1010","4.17","1",
"P610-251","1010","4.17","1",
"P610-252","1010","4.17","1",
"P610-253","1010","4.17","1",
"P610-254","1010","4.17","1",
"P610-255","1010","4.17","1",
"P610-256","1010","4.17","1",
"P610-257","1010","4.17","1",
"P610-258","1010","4.17","1",
"P610-259","1010","4.17","1",
"P610-260","1010","4.17","1",
"P610-261","1010","4.17","1",
"P610-262","1010","4.17","1",
"P610-263","1010","4.17","1",
"P610-264","1010","4.17","1",
"P610-265","1010","4.17","1",
"P610-266","1010","4.17","1",
"P610-267","1010","4.17","1",
"P610-268","1010","4.17","1",
"P610-269","1010","4.17","1",
"P610-270","1010","4.17","1",
"P610-271","1010","4.17","1",
"P610-272","1010","4.17","1",
"P610-273","1010","4.17","1",
"P610-274","1010","4.17","1",
"P610-275","1010","4.17","1",
"P610-276","1010","4.17","1",
"P610-277","1010","4.17","1",
"P610-278","1010","4.17","1",
"P610-279","1010","4.17","1",
"P610-280","1010","4.17","1",
"P610-281","1010","4.17","1",
"P610-282","1010","4.17","1",
"P610-283","1010","4.17","1",
"P610-284","1010","4.17","1",
"P610-285","1010","4.17","1",
"P610-286","1010","4.17","1",
"P610-287","1010","4.17","1",
"P610-288","1010","4.17","1",
"P610-289","1010","4.17","1",
"P610-290","1010","4.17","1",
"P610-291","1010","4.17","1",
"P610-292","1010","4.17","1",
"P610-293","1010","4.17","1",
"P610-294","1010","4.17","1",
"P610-295","1010","4.17","1",
"P610-296","1010","4.17","1",
"P610-297","1010","4.17","1",
"P610-298","1010","4.17","1",
"P610-299","1010","4.17","1",
"P610-300","1010","0","1",
"P610-301","1010","0","1",
"P610-302","1010","0","1",
"P610-303","1010","0","1",
"P610-304","1010","0","1",
"P610-305","1010","0","1",
"P610-306","1010","0","1",
"P610-307","1010","0","1",
"P610-308","1010","0","1",
"P610-309","1010","0","1",
"P610-310","1010","0","1",
"P610-311","1010","0","1",
"P610-312","1010","0","1",
"P610-313","1010","0","1",
"P610-314","1010","0","1",
"P610-315","1010","0","1",
"P610-316","1010","0","1",
"P610-317","1010","0","1",
"P610-318","1010","0","1",
"P610-319","1010","0","1",
"P610-320","1010","0","1",
"P610-321","1010","0","1",
"P610-322","1010","0","1",
"P610-323","1010","0","1",
"P610-324","1010","0","1",
"P610-325","1010","0","1",
"P610-326","1010","0","1",
"P610-327","1010","0","1",
"P610-328","1010","0","1",
"P610-329","1010","0","1",
"P610-330","1010","0","1",
"P610-331","1010","0","1",
"P610-332","1010","0","1",
"P610-333","1010","0","1",
"P610-334","1010","0","1",
"P610-335","1010","0","1",
"P610-336","1010","0","1",
"P610-337","1010","0","1",
"P610-338","1010","0","1",
"P610-339","1010","0","1",
"P610-340","1010","0","1",
"P610-341","1010","0","1",
"P610-342","1010","0","1",
"P610-343","1010","0","1",
"P610-344","1010","0","1",
"P610-345","1010","0","1",
"P610-346","1010","0","1",
"P610-347","1010","0","1",
"P610-348","1010","0","1",
"P610-349","1010","0","1",
"P610-350","1010","0","1",
"P610-351","1010","0","1",
"P610-352","1010","0","1",
"P610-353","1010","0","1",
"P610-354","1010","0","1",
"P610-355","1010","0","1",
"P610-356","1010","0","1",
"P610-357","1010","0","1",
"P610-358","1010","0","1",
"P610-359","1010","0","1",
"P610-360","1010","0","1",
"P610-361","1010","0","1",
"P610-362","1010","0","1",
"P610-363","1010","0","1",
"P610-364","1010","0","1",
"P610-365","1010","0","1",
"P610-366","1010","0","1",
"P610-367","1010","0","1",
"P610-368","1010","0","1",
"P610-369","1010","0","1",
"P610-370","1010","0","1",
"P610-371","1010","0","1",
"P610-372","1010","0","1",
"P610-373","1010","0","1",
"P610-374","1010","0","1",
"P610-375","1010","0","1",
"P610-376","1010","0","1",
"P610-377","1010","0","1",
"P610-378","1010","0","1",
"P610-379","1010","0","1",
"P610-380","1010","0","1",
"P610-381","1010","0","1",
"P610-382","1010","0","1",
"P610-383","1010","0","1",
"P610-384","1010","0","1",
"P610-385","1010","0","1",
"P610-386","1010","0","1",
"P610-387","1010","0","1",
"P610-388","1010","0","1",
"P610-389","1010","0","1",
"P610-390","1010","0","1",
"P610-391","1010","0","1",
"P610-392","1010","0","1",
"P610-393","1010","0","1",
"P610-394","1010","0","1",
"P610-395","1010","0","1",
"P610-396","1010","0","1",
"P610-397","1010","0","1",
"P610-398","1010","0","1",
"P610-399","1010","0","1",
"P610-500","1010","163.10","1",
"P610-501","1010","163.10","1",
"P610-502","1010","163.10","1",
"P610-503","1010","163.10","1",
"P610-504","1010","163.10","1",
"P610-505","1010","163.10","1",
"P610-506","1010","163.10","1",
"P610-507","1010","163.10","1",
"P610-508","1010","163.10","1",
"P610-509","1010","163.10","1",
"P610-510","1010","163.10","1",
"P610-511","1010","163.10","1",
"P610-512","1010","163.10","1",
"P610-513","1010","163.10","1",
"P610-514","1010","163.10","1",
"P610-515","1010","163.10","1",
"P610-516","1010","163.10","1",
"P610-517","1010","163.10","1",
"P610-518","1010","163.10","1",
"P610-519","1010","163.10","1",
"P610-520","1010","163.10","1",
"P610-521","1010","163.10","1",
"P610-522","1010","163.10","1",
"P610-523","1010","163.10","1",
"P610-524","1010","163.10","1",
"P610-525","1010","163.10","1",
"P610-526","1010","163.10","1",
"P610-527","1010","163.10","1",
"P610-528","1010","163.10","1",
"P610-529","1010","163.10","1",
"P610-530","1010","163.10","1",
"P610-531","1010","163.10","1",
"P610-532","1010","163.10","1",
"P610-533","1010","163.10","1",
"P610-534","1010","163.10","1",
"P610-535","1010","163.10","1",
"P610-536","1010","163.10","1",
"P610-537","1010","163.10","1",
"P610-538","1010","163.10","1",
"P610-539","1010","163.10","1",
"P610-540","1010","163.10","1",
"P610-541","1010","163.10","1",
"P610-542","1010","163.10","1",
"P610-543","1010","163.10","1",
"P610-544","1010","163.10","1",
"P610-545","1010","163.10","1",
"P610-546","1010","163.10","1",
"P610-547","1010","163.10","1",
"P610-548","1010","163.10","1",
"P610-549","1010","163.10","1",
"P610-550","1010","163.10","1",
"P610-551","1010","163.10","1",
"P610-552","1010","163.10","1",
"P610-553","1010","163.10","1",
"P610-554","1010","163.10","1",
"P610-555","1010","163.10","1",
"P610-556","1010","163.10","1",
"P610-557","1010","163.10","1",
"P610-558","1010","163.10","1",
"P610-559","1010","163.10","1",
"P610-560","1010","163.10","1",
"P610-561","1010","163.10","1",
"P610-562","1010","163.10","1",
"P610-563","1010","163.10","1",
"P610-564","1010","163.10","1",
"P610-565","1010","163.10","1",
"P610-566","1010","163.10","1",
"P610-567","1010","163.10","1",
"P610-568","1010","163.10","1",
"P610-569","1010","163.10","1",
"P610-570","1010","163.10","1",
"P610-571","1010","163.10","1",
"P610-572","1010","163.10","1",
"P610-573","1010","163.10","1",
"P610-574","1010","163.10","1",
"P610-575","1010","163.10","1",
"P610-576","1010","163.10","1",
"P610-577","1010","163.10","1",
"P610-578","1010","163.10","1",
"P610-579","1010","163.10","1",
"P610-580","1010","163.10","1",
"P610-581","1010","163.10","1",
"P610-582","1010","163.10","1",
"P610-583","1010","163.10","1",
"P610-584","1010","163.10","1",
"P610-585","1010","163.10","1",
"P610-586","1010","163.10","1",
"P610-587","1010","163.10","1",
"P610-588","1010","163.10","1",
"P610-589","1010","163.10","1",
"P610-590","1010","163.10","1",
"P610-591","1010","163.10","1",
"P610-592","1010","163.10","1",
"P610-593","1010","163.10","1",
"P610-594","1010","163.10","1",
"P610-595","1010","163.10","1",
"P610-596","1010","163.10","1",
"P610-597","1010","163.10","1",
"P610-598","1010","163.10","1",
"P610-599","1010","163.10","1",
"P615-100","1010","200.00","1",
"P615-101","1010","200.00","1",
"P615-102","1010","200.00","1",
"P615-103","1010","200.00","1",
"P615-104","1010","200.00","1",
"P615-105","1010","200.00","1",
"P615-106","1010","200.00","1",
"P615-107","1010","200.00","1",
"P615-108","1010","200.00","1",
"P615-109","1010","200.00","1",
"P615-110","1010","200.00","1",
"P615-111","1010","200.00","1",
"P615-112","1010","200.00","1",
"P615-113","1010","200.00","1",
"P615-114","1010","200.00","1",
"P615-115","1010","200.00","1",
"P615-116","1010","200.00","1",
"P615-117","1010","200.00","1",
"P615-118","1010","200.00","1",
"P615-119","1010","200.00","1",
"P615-120","1010","200.00","1",
"P615-121","1010","200.00","1",
"P615-122","1010","200.00","1",
"P615-123","1010","200.00","1",
"P615-124","1010","200.00","1",
"P615-125","1010","200.00","1",
"P615-126","1010","200.00","1",
"P615-127","1010","200.00","1",
"P615-128","1010","200.00","1",
"P615-129","1010","200.00","1",
"P615-130","1010","200.00","1",
"P615-131","1010","200.00","1",
"P615-132","1010","200.00","1",
"P615-133","1010","200.00","1",
"P615-134","1010","200.00","1",
"P615-135","1010","200.00","1",
"P615-136","1010","200.00","1",
"P615-137","1010","200.00","1",
"P615-138","1010","200.00","1",
"P615-139","1010","200.00","1",
"P615-140","1010","200.00","1",
"P615-141","1010","200.00","1",
"P615-142","1010","200.00","1",
"P615-143","1010","200.00","1",
"P615-144","1010","200.00","1",
"P615-145","1010","200.00","1",
"P615-146","1010","200.00","1",
"P615-147","1010","200.00","1",
"P615-148","1010","200.00","1",
"P615-149","1010","200.00","1",
"P615-150","1010","200.00","1",
"P615-151","1010","200.00","1",
"P615-152","1010","200.00","1",
"P615-153","1010","200.00","1",
"P615-154","1010","200.00","1",
"P615-155","1010","200.00","1",
"P615-156","1010","200.00","1",
"P615-157","1010","200.00","1",
"P615-158","1010","200.00","1",
"P615-159","1010","200.00","1",
"P615-160","1010","200.00","1",
"P615-161","1010","200.00","1",
"P615-162","1010","200.00","1",
"P615-163","1010","200.00","1",
"P615-164","1010","200.00","1",
"P615-165","1010","200.00","1",
"P615-166","1010","200.00","1",
"P615-167","1010","200.00","1",
"P615-168","1010","200.00","1",
"P615-169","1010","200.00","1",
"P615-170","1010","200.00","1",
"P615-171","1010","200.00","1",
"P615-172","1010","200.00","1",
"P615-173","1010","200.00","1",
"P615-174","1010","200.00","1",
"P615-175","1010","200.00","1",
"P615-176","1010","200.00","1",
"P615-177","1010","200.00","1",
"P615-178","1010","200.00","1",
"P615-179","1010","200.00","1",
"P615-180","1010","200.00","1",
"P615-181","1010","200.00","1",
"P615-182","1010","200.00","1",
"P615-183","1010","200.00","1",
"P615-184","1010","200.00","1",
"P615-185","1010","200.00","1",
"P615-186","1010","200.00","1",
"P615-187","1010","200.00","1",
"P615-188","1010","200.00","1",
"P615-189","1010","200.00","1",
"P615-190","1010","200.00","1",
"P615-191","1010","200.00","1",
"P615-192","1010","200.00","1",
"P615-193","1010","200.00","1",
"P615-194","1010","200.00","1",
"P615-195","1010","200.00","1",
"P615-196","1010","200.00","1",
"P615-197","1010","200.00","1",
"P615-198","1010","200.00","1",
"P615-199","1010","200.00","1",
"P615-200","1010","200.00","1",
"P615-201","1010","200.00","1",
"P615-202","1010","200.00","1",
"P615-203","1010","200.00","1",
"P615-204","1010","200.00","1",
"P615-205","1010","200.00","1",
"P615-206","1010","200.00","1",
"P615-207","1010","200.00","1",
"P615-208","1010","200.00","1",
"P615-209","1010","200.00","1",
"P615-210","1010","200.00","1",
"P615-211","1010","200.00","1",
"P615-212","1010","200.00","1",
"P615-213","1010","200.00","1",
"P615-214","1010","200.00","1",
"P615-215","1010","200.00","1",
"P615-216","1010","200.00","1",
"P615-217","1010","200.00","1",
"P615-218","1010","200.00","1",
"P615-219","1010","200.00","1",
"P615-220","1010","200.00","1",
"P615-221","1010","200.00","1",
"P615-222","1010","200.00","1",
"P615-223","1010","200.00","1",
"P615-224","1010","200.00","1",
"P615-225","1010","200.00","1",
"P615-226","1010","200.00","1",
"P615-227","1010","200.00","1",
"P615-228","1010","200.00","1",
"P615-229","1010","200.00","1",
"P615-230","1010","200.00","1",
"P615-231","1010","200.00","1",
"P615-232","1010","200.00","1",
"P615-233","1010","200.00","1",
"P615-234","1010","200.00","1",
"P615-235","1010","200.00","1",
"P615-236","1010","200.00","1",
"P615-237","1010","200.00","1",
"P615-238","1010","200.00","1",
"P615-239","1010","200.00","1",
"P615-240","1010","200.00","1",
"P615-241","1010","200.00","1",
"P615-242","1010","200.00","1",
"P615-243","1010","200.00","1",
"P615-244","1010","200.00","1",
"P615-245","1010","200.00","1",
"P615-246","1010","200.00","1",
"P615-247","1010","200.00","1",
"P615-248","1010","200.00","1",
"P615-249","1010","200.00","1",
"P615-250","1010","200.00","1",
"P615-251","1010","200.00","1",
"P615-252","1010","200.00","1",
"P615-253","1010","200.00","1",
"P615-254","1010","200.00","1",
"P615-255","1010","200.00","1",
"P615-256","1010","200.00","1",
"P615-257","1010","200.00","1",
"P615-258","1010","200.00","1",
"P615-259","1010","200.00","1",
"P615-260","1010","200.00","1",
"P615-261","1010","200.00","1",
"P615-262","1010","200.00","1",
"P615-263","1010","200.00","1",
"P615-264","1010","200.00","1",
"P615-265","1010","200.00","1",
"P615-266","1010","200.00","1",
"P615-267","1010","200.00","1",
"P615-268","1010","200.00","1",
"P615-269","1010","200.00","1",
"P615-270","1010","200.00","1",
"P615-271","1010","200.00","1",
"P615-272","1010","200.00","1",
"P615-273","1010","200.00","1",
"P615-274","1010","200.00","1",
"P615-275","1010","200.00","1",
"P615-276","1010","200.00","1",
"P615-277","1010","200.00","1",
"P615-278","1010","200.00","1",
"P615-279","1010","200.00","1",
"P615-280","1010","200.00","1",
"P615-281","1010","200.00","1",
"P615-282","1010","200.00","1",
"P615-283","1010","200.00","1",
"P615-284","1010","200.00","1",
"P615-285","1010","200.00","1",
"P615-286","1010","200.00","1",
"P615-287","1010","200.00","1",
"P615-288","1010","200.00","1",
"P615-289","1010","200.00","1",
"P615-290","1010","200.00","1",
"P615-291","1010","200.00","1",
"P615-292","1010","200.00","1",
"P615-293","1010","200.00","1",
"P615-294","1010","200.00","1",
"P615-295","1010","200.00","1",
"P615-296","1010","200.00","1",
"P615-297","1010","200.00","1",
"P615-298","1010","200.00","1",
"P615-299","1010","200.00","1",
"P615-300","1010","200.00","1",
"P615-301","1010","200.00","1",
"P615-302","1010","200.00","1",
"P615-303","1010","200.00","1",
"P615-304","1010","200.00","1",
"P615-305","1010","200.00","1",
"P615-306","1010","200.00","1",
"P615-307","1010","200.00","1",
"P615-308","1010","200.00","1",
"P615-309","1010","200.00","1",
"P615-310","1010","200.00","1",
"P615-311","1010","200.00","1",
"P615-312","1010","200.00","1",
"P615-313","1010","200.00","1",
"P615-314","1010","200.00","1",
"P615-315","1010","200.00","1",
"P615-316","1010","200.00","1",
"P615-317","1010","200.00","1",
"P615-318","1010","200.00","1",
"P615-319","1010","200.00","1",
"P615-320","1010","200.00","1",
"P615-321","1010","200.00","1",
"P615-322","1010","200.00","1",
"P615-323","1010","200.00","1",
"P615-324","1010","200.00","1",
"P615-325","1010","200.00","1",
"P615-326","1010","200.00","1",
"P615-327","1010","200.00","1",
"P615-328","1010","200.00","1",
"P615-329","1010","200.00","1",
"P615-330","1010","200.00","1",
"P615-331","1010","200.00","1",
"P615-332","1010","200.00","1",
"P615-333","1010","200.00","1",
"P615-334","1010","200.00","1",
"P615-335","1010","200.00","1",
"P615-336","1010","200.00","1",
"P615-337","1010","200.00","1",
"P615-338","1010","200.00","1",
"P615-339","1010","200.00","1",
"P615-340","1010","200.00","1",
"P615-341","1010","200.00","1",
"P615-342","1010","200.00","1",
"P615-343","1010","200.00","1",
"P615-344","1010","200.00","1",
"P615-345","1010","200.00","1",
"P615-346","1010","200.00","1",
"P615-347","1010","200.00","1",
"P615-348","1010","200.00","1",
"P615-349","1010","200.00","1",
"P615-350","1010","200.00","1",
"P615-351","1010","200.00","1",
"P615-352","1010","200.00","1",
"P615-353","1010","200.00","1",
"P615-354","1010","200.00","1",
"P615-355","1010","200.00","1",
"P615-356","1010","200.00","1",
"P615-357","1010","200.00","1",
"P615-358","1010","200.00","1",
"P615-359","1010","200.00","1",
"P615-360","1010","200.00","1",
"P615-361","1010","200.00","1",
"P615-362","1010","200.00","1",
"P615-363","1010","200.00","1",
"P615-364","1010","200.00","1",
"P615-365","1010","200.00","1",
"P615-366","1010","200.00","1",
"P615-367","1010","200.00","1",
"P615-368","1010","200.00","1",
"P615-369","1010","200.00","1",
"P615-370","1010","200.00","1",
"P615-371","1010","200.00","1",
"P615-372","1010","200.00","1",
"P615-373","1010","200.00","1",
"P615-374","1010","200.00","1",
"P615-375","1010","200.00","1",
"P615-376","1010","200.00","1",
"P615-377","1010","200.00","1",
"P615-378","1010","200.00","1",
"P615-379","1010","200.00","1",
"P615-380","1010","200.00","1",
"P615-381","1010","200.00","1",
"P615-382","1010","200.00","1",
"P615-383","1010","200.00","1",
"P615-384","1010","200.00","1",
"P615-385","1010","200.00","1",
"P615-386","1010","200.00","1",
"P615-387","1010","200.00","1",
"P615-388","1010","200.00","1",
"P615-389","1010","200.00","1",
"P615-390","1010","200.00","1",
"P615-391","1010","200.00","1",
"P615-392","1010","200.00","1",
"P615-393","1010","200.00","1",
"P615-394","1010","200.00","1",
"P615-395","1010","200.00","1",
"P615-396","1010","200.00","1",
"P615-397","1010","200.00","1",
"P615-398","1010","200.00","1",
"P615-399","1010","200.00","1",
"P615-400","1010","200.00","1",
"P615-401","1010","200.00","1",
"P615-402","1010","200.00","1",
"P615-403","1010","200.00","1",
"P615-404","1010","200.00","1",
"P615-405","1010","200.00","1",
"P615-406","1010","200.00","1",
"P615-407","1010","200.00","1",
"P615-408","1010","200.00","1",
"P615-409","1010","200.00","1",
"P615-410","1010","200.00","1",
"P615-411","1010","200.00","1",
"P615-412","1010","200.00","1",
"P615-413","1010","200.00","1",
"P615-414","1010","200.00","1",
"P615-415","1010","200.00","1",
"P615-416","1010","200.00","1",
"P615-417","1010","200.00","1",
"P615-418","1010","200.00","1",
"P615-419","1010","200.00","1",
"P615-420","1010","200.00","1",
"P615-421","1010","200.00","1",
"P615-422","1010","200.00","1",
"P615-423","1010","200.00","1",
"P615-424","1010","200.00","1",
"P615-425","1010","200.00","1",
"P615-426","1010","200.00","1",
"P615-427","1010","200.00","1",
"P615-428","1010","200.00","1",
"P615-429","1010","200.00","1",
"P615-430","1010","200.00","1",
"P615-431","1010","200.00","1",
"P615-432","1010","200.00","1",
"P615-433","1010","200.00","1",
"P615-434","1010","200.00","1",
"P615-435","1010","200.00","1",
"P615-436","1010","200.00","1",
"P615-437","1010","200.00","1",
"P615-438","1010","200.00","1",
"P615-439","1010","200.00","1",
"P615-440","1010","200.00","1",
"P615-441","1010","200.00","1",
"P615-442","1010","200.00","1",
"P615-443","1010","200.00","1",
"P615-444","1010","200.00","1",
"P615-445","1010","200.00","1",
"P615-446","1010","200.00","1",
"P615-447","1010","200.00","1",
"P615-448","1010","200.00","1",
"P615-449","1010","200.00","1",
"P615-450","1010","200.00","1",
"P615-451","1010","200.00","1",
"P615-452","1010","200.00","1",
"P615-453","1010","200.00","1",
"P615-454","1010","200.00","1",
"P615-455","1010","200.00","1",
"P615-456","1010","200.00","1",
"P615-457","1010","200.00","1",
"P615-458","1010","200.00","1",
"P615-459","1010","200.00","1",
"P615-460","1010","200.00","1",
"P615-461","1010","200.00","1",
"P615-462","1010","200.00","1",
"P615-463","1010","200.00","1",
"P615-464","1010","200.00","1",
"P615-465","1010","200.00","1",
"P615-466","1010","200.00","1",
"P615-467","1010","200.00","1",
"P615-468","1010","200.00","1",
"P615-469","1010","200.00","1",
"P615-470","1010","200.00","1",
"P615-471","1010","200.00","1",
"P615-472","1010","200.00","1",
"P615-473","1010","200.00","1",
"P615-474","1010","200.00","1",
"P615-475","1010","200.00","1",
"P615-476","1010","200.00","1",
"P615-477","1010","200.00","1",
"P615-478","1010","200.00","1",
"P615-479","1010","200.00","1",
"P615-480","1010","200.00","1",
"P615-481","1010","200.00","1",
"P615-482","1010","200.00","1",
"P615-483","1010","200.00","1",
"P615-484","1010","200.00","1",
"P615-485","1010","200.00","1",
"P615-486","1010","200.00","1",
"P615-487","1010","200.00","1",
"P615-488","1010","200.00","1",
"P615-489","1010","200.00","1",
"P615-490","1010","200.00","1",
"P615-491","1010","200.00","1",
"P615-492","1010","200.00","1",
"P615-493","1010","200.00","1",
"P615-494","1010","200.00","1",
"P615-495","1010","200.00","1",
"P615-496","1010","200.00","1",
"P615-497","1010","200.00","1",
"P615-498","1010","200.00","1",
"P615-499","1010","200.00","1",
"P615-500","1010","50.00","1",
"P615-501","1010","50.00","1",
"P615-502","1010","50.00","1",
"P615-503","1010","50.00","1",
"P615-504","1010","50.00","1",
"P615-505","1010","50.00","1",
"P615-506","1010","50.00","1",
"P615-507","1010","50.00","1",
"P615-508","1010","50.00","1",
"P615-509","1010","50.00","1",
"P615-510","1010","50.00","1",
"P615-511","1010","50.00","1",
"P615-512","1010","50.00","1",
"P615-513","1010","50.00","1",
"P615-514","1010","50.00","1",
"P615-515","1010","50.00","1",
"P615-516","1010","50.00","1",
"P615-517","1010","50.00","1",
"P615-518","1010","50.00","1",
"P615-519","1010","50.00","1",
"P615-520","1010","50.00","1",
"P615-521","1010","50.00","1",
"P615-522","1010","50.00","1",
"P615-523","1010","50.00","1",
"P615-524","1010","50.00","1",
"P615-525","1010","50.00","1",
"P615-526","1010","50.00","1",
"P615-527","1010","50.00","1",
"P615-528","1010","50.00","1",
"P615-529","1010","50.00","1",
"P615-530","1010","50.00","1",
"P615-531","1010","50.00","1",
"P615-532","1010","50.00","1",
"P615-533","1010","50.00","1",
"P615-534","1010","50.00","1",
"P615-535","1010","50.00","1",
"P615-536","1010","50.00","1",
"P615-537","1010","50.00","1",
"P615-538","1010","50.00","1",
"P615-539","1010","50.00","1",
"P615-540","1010","50.00","1",
"P615-541","1010","50.00","1",
"P615-542","1010","50.00","1",
"P615-543","1010","50.00","1",
"P615-544","1010","50.00","1",
"P615-545","1010","50.00","1",
"P615-546","1010","50.00","1",
"P615-547","1010","50.00","1",
"P615-548","1010","50.00","1",
"P615-549","1010","50.00","1",
"P615-550","1010","50.00","1",
"P615-551","1010","50.00","1",
"P615-552","1010","50.00","1",
"P615-553","1010","50.00","1",
"P615-554","1010","50.00","1",
"P615-555","1010","50.00","1",
"P615-556","1010","50.00","1",
"P615-557","1010","50.00","1",
"P615-558","1010","50.00","1",
"P615-559","1010","50.00","1",
"P615-560","1010","50.00","1",
"P615-561","1010","50.00","1",
"P615-562","1010","50.00","1",
"P615-563","1010","50.00","1",
"P615-564","1010","50.00","1",
"P615-565","1010","50.00","1",
"P615-566","1010","50.00","1",
"P615-567","1010","50.00","1",
"P615-568","1010","50.00","1",
"P615-569","1010","50.00","1",
"P615-570","1010","50.00","1",
"P615-571","1010","50.00","1",
"P615-572","1010","50.00","1",
"P615-573","1010","50.00","1",
"P615-574","1010","50.00","1",
"P615-575","1010","50.00","1",
"P615-576","1010","50.00","1",
"P615-577","1010","50.00","1",
"P615-578","1010","50.00","1",
"P615-579","1010","50.00","1",
"P615-580","1010","50.00","1",
"P615-581","1010","50.00","1",
"P615-582","1010","50.00","1",
"P615-583","1010","50.00","1",
"P615-584","1010","50.00","1",
"P615-585","1010","50.00","1",
"P615-586","1010","50.00","1",
"P615-587","1010","50.00","1",
"P615-588","1010","50.00","1",
"P615-589","1010","50.00","1",
"P615-590","1010","50.00","1",
"P615-591","1010","50.00","1",
"P615-592","1010","50.00","1",
"P615-593","1010","50.00","1",
"P615-594","1010","50.00","1",
"P615-595","1010","50.00","1",
"P615-596","1010","50.00","1",
"P615-597","1010","50.00","1",
"P615-598","1010","50.00","1",
"P615-599","1010","50.00","1",
"P615-600","1010","75000.00","1",
"P615-601","1010","75000.00","1",
"P615-602","1010","75000.00","1",
"P615-603","1010","75000.00","1",
"P615-604","1010","75000.00","1",
"P615-605","1010","75000.00","1",
"P615-606","1010","75000.00","1",
"P615-607","1010","75000.00","1",
"P615-608","1010","75000.00","1",
"P615-609","1010","75000.00","1",
"P615-610","1010","75000.00","1",
"P615-611","1010","75000.00","1",
"P615-612","1010","75000.00","1",
"P615-613","1010","75000.00","1",
"P615-614","1010","75000.00","1",
"P615-615","1010","75000.00","1",
"P615-616","1010","75000.00","1",
"P615-617","1010","75000.00","1",
"P615-618","1010","75000.00","1",
"P615-619","1010","75000.00","1",
"P615-620","1010","75000.00","1",
"P615-621","1010","75000.00","1",
"P615-622","1010","75000.00","1",
"P615-623","1010","75000.00","1",
"P615-624","1010","75000.00","1",
"P615-625","1010","75000.00","1",
"P615-626","1010","75000.00","1",
"P615-627","1010","75000.00","1",
"P615-628","1010","75000.00","1",
"P615-629","1010","75000.00","1",
"P615-630","1010","75000.00","1",
"P615-631","1010","75000.00","1",
"P615-632","1010","75000.00","1",
"P615-633","1010","75000.00","1",
"P615-634","1010","75000.00","1",
"P615-635","1010","75000.00","1",
"P615-636","1010","75000.00","1",
"P615-637","1010","75000.00","1",
"P615-638","1010","75000.00","1",
"P615-639","1010","75000.00","1",
"P615-640","1010","75000.00","1",
"P615-641","1010","75000.00","1",
"P615-642","1010","75000.00","1",
"P615-643","1010","75000.00","1",
"P615-644","1010","75000.00","1",
"P615-645","1010","75000.00","1",
"P615-646","1010","75000.00","1",
"P615-647","1010","75000.00","1",
"P615-648","1010","75000.00","1",
"P615-649","1010","75000.00","1",
"P615-650","1010","75000.00","1",
"P615-651","1010","75000.00","1",
"P615-652","1010","75000.00","1",
"P615-653","1010","75000.00","1",
"P615-654","1010","75000.00","1",
"P615-655","1010","75000.00","1",
"P615-656","1010","75000.00","1",
"P615-657","1010","75000.00","1",
"P615-658","1010","75000.00","1",
"P615-659","1010","75000.00","1",
"P615-660","1010","75000.00","1",
"P615-661","1010","75000.00","1",
"P615-662","1010","75000.00","1",
"P615-663","1010","75000.00","1",
"P615-664","1010","75000.00","1",
"P615-665","1010","75000.00","1",
"P615-666","1010","75000.00","1",
"P615-667","1010","75000.00","1",
"P615-668","1010","75000.00","1",
"P615-669","1010","75000.00","1",
"P615-670","1010","75000.00","1",
"P615-671","1010","75000.00","1",
"P615-672","1010","75000.00","1",
"P615-673","1010","75000.00","1",
"P615-674","1010","75000.00","1",
"P615-675","1010","75000.00","1",
"P615-676","1010","75000.00","1",
"P615-677","1010","75000.00","1",
"P615-678","1010","75000.00","1",
"P615-679","1010","75000.00","1",
"P615-680","1010","75000.00","1",
"P615-681","1010","75000.00","1",
"P615-682","1010","75000.00","1",
"P615-683","1010","75000.00","1",
"P615-684","1010","75000.00","1",
"P615-685","1010","75000.00","1",
"P615-686","1010","75000.00","1",
"P615-687","1010","75000.00","1",
"P615-688","1010","75000.00","1",
"P615-689","1010","75000.00","1",
"P615-690","1010","75000.00","1",
"P615-691","1010","75000.00","1",
"P615-692","1010","75000.00","1",
"P615-693","1010","75000.00","1",
"P615-694","1010","75000.00","1",
"P615-695","1010","75000.00","1",
"P615-696","1010","75000.00","1",
"P615-697","1010","75000.00","1",
"P615-698","1010","75000.00","1",
"P615-699","1010","75000.00","1",
"P615-999","1010","50.00","1",
"P620-100","1010","73.00","1",
"P620-101","1010","73.00","1",
"P620-102","1010","73.00","1",
"P620-103","1010","73.00","1",
"P620-104","1010","73.00","1",
"P620-105","1010","73.00","1",
"P620-106","1010","73.00","1",
"P620-107","1010","73.00","1",
"P620-108","1010","73.00","1",
"P620-109","1010","73.00","1",
"P620-110","1010","73.00","1",
"P620-111","1010","73.00","1",
"P620-112","1010","73.00","1",
"P620-113","1010","73.00","1",
"P620-114","1010","73.00","1",
"P620-115","1010","73.00","1",
"P620-116","1010","73.00","1",
"P620-117","1010","73.00","1",
"P620-118","1010","73.00","1",
"P620-119","1010","73.00","1",
"P620-120","1010","73.00","1",
"P620-121","1010","73.00","1",
"P620-122","1010","73.00","1",
"P620-123","1010","73.00","1",
"P620-124","1010","73.00","1",
"P620-125","1010","73.00","1",
"P620-126","1010","73.00","1",
"P620-127","1010","73.00","1",
"P620-128","1010","73.00","1",
"P620-129","1010","73.00","1",
"P620-130","1010","73.00","1",
"P620-131","1010","73.00","1",
"P620-132","1010","73.00","1",
"P620-133","1010","73.00","1",
"P620-134","1010","73.00","1",
"P620-135","1010","73.00","1",
"P620-136","1010","73.00","1",
"P620-137","1010","73.00","1",
"P620-138","1010","73.00","1",
"P620-139","1010","73.00","1",
"P620-140","1010","73.00","1",
"P620-141","1010","73.00","1",
"P620-142","1010","73.00","1",
"P620-143","1010","73.00","1",
"P620-144","1010","73.00","1",
"P620-145","1010","73.00","1",
"P620-146","1010","73.00","1",
"P620-147","1010","73.00","1",
"P620-148","1010","73.00","1",
"P620-149","1010","73.00","1",
"P620-150","1010","73.00","1",
"P620-151","1010","73.00","1",
"P620-152","1010","73.00","1",
"P620-153","1010","73.00","1",
"P620-154","1010","73.00","1",
"P620-155","1010","73.00","1",
"P620-156","1010","73.00","1",
"P620-157","1010","73.00","1",
"P620-158","1010","73.00","1",
"P620-159","1010","73.00","1",
"P620-160","1010","73.00","1",
"P620-161","1010","73.00","1",
"P620-162","1010","73.00","1",
"P620-163","1010","73.00","1",
"P620-164","1010","73.00","1",
"P620-165","1010","73.00","1",
"P620-166","1010","73.00","1",
"P620-167","1010","73.00","1",
"P620-168","1010","73.00","1",
"P620-169","1010","73.00","1",
"P620-170","1010","73.00","1",
"P620-171","1010","73.00","1",
"P620-172","1010","73.00","1",
"P620-173","1010","73.00","1",
"P620-174","1010","73.00","1",
"P620-175","1010","73.00","1",
"P620-176","1010","73.00","1",
"P620-177","1010","73.00","1",
"P620-178","1010","73.00","1",
"P620-179","1010","73.00","1",
"P620-180","1010","73.00","1",
"P620-181","1010","73.00","1",
"P620-182","1010","73.00","1",
"P620-183","1010","73.00","1",
"P620-184","1010","73.00","1",
"P620-185","1010","73.00","1",
"P620-186","1010","73.00","1",
"P620-187","1010","73.00","1",
"P620-188","1010","73.00","1",
"P620-189","1010","73.00","1",
"P620-190","1010","73.00","1",
"P620-191","1010","73.00","1",
"P620-192","1010","73.00","1",
"P620-193","1010","73.00","1",
"P620-194","1010","73.00","1",
"P620-195","1010","73.00","1",
"P620-196","1010","73.00","1",
"P620-197","1010","73.00","1",
"P620-198","1010","73.00","1",
"P620-199","1010","73.00","1",
"P620-200","1010","82.00","1",
"P620-201","1010","82.00","1",
"P620-202","1010","82.00","1",
"P620-203","1010","82.00","1",
"P620-204","1010","82.00","1",
"P620-205","1010","82.00","1",
"P620-206","1010","82.00","1",
"P620-207","1010","82.00","1",
"P620-208","1010","82.00","1",
"P620-209","1010","82.00","1",
"P620-210","1010","82.00","1",
"P620-211","1010","82.00","1",
"P620-212","1010","82.00","1",
"P620-213","1010","82.00","1",
"P620-214","1010","82.00","1",
"P620-215","1010","82.00","1",
"P620-216","1010","82.00","1",
"P620-217","1010","82.00","1",
"P620-218","1010","82.00","1",
"P620-219","1010","82.00","1",
"P620-220","1010","82.00","1",
"P620-221","1010","82.00","1",
"P620-222","1010","82.00","1",
"P620-223","1010","82.00","1",
"P620-224","1010","82.00","1",
"P620-225","1010","82.00","1",
"P620-226","1010","82.00","1",
"P620-227","1010","82.00","1",
"P620-228","1010","82.00","1",
"P620-229","1010","82.00","1",
"P620-230","1010","82.00","1",
"P620-231","1010","82.00","1",
"P620-232","1010","82.00","1",
"P620-233","1010","82.00","1",
"P620-234","1010","82.00","1",
"P620-235","1010","82.00","1",
"P620-236","1010","82.00","1",
"P620-237","1010","82.00","1",
"P620-238","1010","82.00","1",
"P620-239","1010","82.00","1",
"P620-240","1010","82.00","1",
"P620-241","1010","82.00","1",
"P620-242","1010","82.00","1",
"P620-243","1010","82.00","1",
"P620-244","1010","82.00","1",
"P620-245","1010","82.00","1",
"P620-246","1010","82.00","1",
"P620-247","1010","82.00","1",
"P620-248","1010","82.00","1",
"P620-249","1010","82.00","1",
"P620-250","1010","82.00","1",
"P620-251","1010","82.00","1",
"P620-252","1010","82.00","1",
"P620-253","1010","82.00","1",
"P620-254","1010","82.00","1",
"P620-255","1010","82.00","1",
"P620-256","1010","82.00","1",
"P620-257","1010","82.00","1",
"P620-258","1010","82.00","1",
"P620-259","1010","82.00","1",
"P620-260","1010","82.00","1",
"P620-261","1010","82.00","1",
"P620-262","1010","82.00","1",
"P620-263","1010","82.00","1",
"P620-264","1010","82.00","1",
"P620-265","1010","82.00","1",
"P620-266","1010","82.00","1",
"P620-267","1010","82.00","1",
"P620-268","1010","82.00","1",
"P620-269","1010","82.00","1",
"P620-270","1010","82.00","1",
"P620-271","1010","82.00","1",
"P620-272","1010","82.00","1",
"P620-273","1010","82.00","1",
"P620-274","1010","82.00","1",
"P620-275","1010","82.00","1",
"P620-276","1010","82.00","1",
"P620-277","1010","82.00","1",
"P620-278","1010","82.00","1",
"P620-279","1010","82.00","1",
"P620-280","1010","82.00","1",
"P620-281","1010","82.00","1",
"P620-282","1010","82.00","1",
"P620-283","1010","82.00","1",
"P620-284","1010","82.00","1",
"P620-285","1010","82.00","1",
"P620-286","1010","82.00","1",
"P620-287","1010","82.00","1",
"P620-288","1010","82.00","1",
"P620-289","1010","82.00","1",
"P620-290","1010","82.00","1",
"P620-291","1010","82.00","1",
"P620-292","1010","82.00","1",
"P620-293","1010","82.00","1",
"P620-294","1010","82.00","1",
"P620-295","1010","82.00","1",
"P620-296","1010","82.00","1",
"P620-297","1010","82.00","1",
"P620-298","1010","82.00","1",
"P620-299","1010","82.00","1",
"P620-300","1010","53.00","1",
"P620-301","1010","53.00","1",
"P620-302","1010","53.00","1",
"P620-303","1010","53.00","1",
"P620-304","1010","53.00","1",
"P620-305","1010","53.00","1",
"P620-306","1010","53.00","1",
"P620-307","1010","53.00","1",
"P620-308","1010","53.00","1",
"P620-309","1010","53.00","1",
"P620-310","1010","53.00","1",
"P620-311","1010","53.00","1",
"P620-312","1010","53.00","1",
"P620-313","1010","53.00","1",
"P620-314","1010","53.00","1",
"P620-315","1010","53.00","1",
"P620-316","1010","53.00","1",
"P620-317","1010","53.00","1",
"P620-318","1010","53.00","1",
"P620-319","1010","53.00","1",
"P620-320","1010","53.00","1",
"P620-321","1010","53.00","1",
"P620-322","1010","53.00","1",
"P620-323","1010","53.00","1",
"P620-324","1010","53.00","1",
"P620-325","1010","53.00","1",
"P620-326","1010","53.00","1",
"P620-327","1010","53.00","1",
"P620-328","1010","53.00","1",
"P620-329","1010","53.00","1",
"P620-330","1010","53.00","1",
"P620-331","1010","53.00","1",
"P620-332","1010","53.00","1",
"P620-333","1010","53.00","1",
"P620-334","1010","53.00","1",
"P620-335","1010","53.00","1",
"P620-336","1010","53.00","1",
"P620-337","1010","53.00","1",
"P620-338","1010","53.00","1",
"P620-339","1010","53.00","1",
"P620-340","1010","53.00","1",
"P620-341","1010","53.00","1",
"P620-342","1010","53.00","1",
"P620-343","1010","53.00","1",
"P620-344","1010","53.00","1",
"P620-345","1010","53.00","1",
"P620-346","1010","53.00","1",
"P620-347","1010","53.00","1",
"P620-348","1010","53.00","1",
"P620-349","1010","53.00","1",
"P620-350","1010","53.00","1",
"P620-351","1010","53.00","1",
"P620-352","1010","53.00","1",
"P620-353","1010","53.00","1",
"P620-354","1010","53.00","1",
"P620-355","1010","53.00","1",
"P620-356","1010","53.00","1",
"P620-357","1010","53.00","1",
"P620-358","1010","53.00","1",
"P620-359","1010","53.00","1",
"P620-360","1010","53.00","1",
"P620-361","1010","53.00","1",
"P620-362","1010","53.00","1",
"P620-363","1010","53.00","1",
"P620-364","1010","53.00","1",
"P620-365","1010","53.00","1",
"P620-366","1010","53.00","1",
"P620-367","1010","53.00","1",
"P620-368","1010","53.00","1",
"P620-369","1010","53.00","1",
"P620-370","1010","53.00","1",
"P620-371","1010","53.00","1",
"P620-372","1010","53.00","1",
"P620-373","1010","53.00","1",
"P620-374","1010","53.00","1",
"P620-375","1010","53.00","1",
"P620-376","1010","53.00","1",
"P620-377","1010","53.00","1",
"P620-378","1010","53.00","1",
"P620-379","1010","53.00","1",
"P620-380","1010","53.00","1",
"P620-381","1010","53.00","1",
"P620-382","1010","53.00","1",
"P620-383","1010","53.00","1",
"P620-384","1010","53.00","1",
"P620-385","1010","53.00","1",
"P620-386","1010","53.00","1",
"P620-387","1010","53.00","1",
"P620-388","1010","53.00","1",
"P620-389","1010","53.00","1",
"P620-390","1010","53.00","1",
"P620-391","1010","53.00","1",
"P620-392","1010","53.00","1",
"P620-393","1010","53.00","1",
"P620-394","1010","53.00","1",
"P620-395","1010","53.00","1",
"P620-396","1010","53.00","1",
"P620-397","1010","53.00","1",
"P620-398","1010","53.00","1",
"P620-399","1010","53.00","1",
"P650-100","1010","200.00","1",
"P650-101","1010","200.00","1",
"P650-102","1010","200.00","1",
"P650-103","1010","200.00","1",
"P650-104","1010","200.00","1",
"P650-105","1010","200.00","1",
"P650-106","1010","200.00","1",
"P650-107","1010","200.00","1",
"P650-108","1010","200.00","1",
"P650-109","1010","200.00","1",
"P650-110","1010","200.00","1",
"P650-111","1010","200.00","1",
"P650-112","1010","200.00","1",
"P650-113","1010","200.00","1",
"P650-114","1010","200.00","1",
"P650-115","1010","200.00","1",
"P650-116","1010","200.00","1",
"P650-117","1010","200.00","1",
"P650-118","1010","200.00","1",
"P650-119","1010","200.00","1",
"P650-120","1010","200.00","1",
"P650-121","1010","200.00","1",
"P650-122","1010","200.00","1",
"P650-123","1010","200.00","1",
"P650-124","1010","200.00","1",
"P650-125","1010","200.00","1",
"P650-126","1010","200.00","1",
"P650-127","1010","200.00","1",
"P650-128","1010","200.00","1",
"P650-129","1010","200.00","1",
"P650-130","1010","200.00","1",
"P650-200","1010","285.00","1",
"P650-201","1010","285.00","1",
"P650-202","1010","285.00","1",
"P650-203","1010","285.00","1",
"P650-204","1010","285.00","1",
"P650-205","1010","285.00","1",
"P650-206","1010","285.00","1",
"P650-207","1010","285.00","1",
"P650-208","1010","285.00","1",
"P650-209","1010","285.00","1",
"P650-210","1010","285.00","1",
"P650-211","1010","285.00","1",
"P650-212","1010","285.00","1",
"P650-213","1010","285.00","1",
"P650-214","1010","285.00","1",
"P650-215","1010","285.00","1",
"P650-216","1010","285.00","1",
"P650-217","1010","285.00","1",
"P650-218","1010","285.00","1",
"P650-219","1010","285.00","1",
"P650-220","1010","285.00","1",
"P650-221","1010","285.00","1",
"P650-222","1010","285.00","1",
"P650-223","1010","285.00","1",
"P650-224","1010","285.00","1",
"P650-225","1010","285.00","1",
"P650-226","1010","285.00","1",
"P650-227","1010","285.00","1",
"P650-228","1010","285.00","1",
"P650-229","1010","285.00","1",
"P650-230","1010","285.00","1",
"P680-100","1010","625.00","1",
"P680-101","1010","625.00","1",
"P680-102","1010","625.00","1",
"P680-103","1010","625.00","1",
"P680-104","1010","625.00","1",
"P680-105","1010","625.00","1",
"P680-106","1010","625.00","1",
"P680-107","1010","625.00","1",
"P680-108","1010","625.00","1",
"P680-109","1010","625.00","1",
"P680-110","1010","625.00","1",
"P680-111","1010","625.00","1",
"P680-112","1010","625.00","1",
"P680-113","1010","625.00","1",
"P680-114","1010","625.00","1",
"P680-115","1010","625.00","1",
"P680-116","1010","625.00","1",
"P680-117","1010","625.00","1",
"P680-118","1010","625.00","1",
"P680-119","1010","625.00","1",
"P680-120","1010","625.00","1",
"P680-121","1010","625.00","1",
"P680-122","1010","625.00","1",
"P680-123","1010","625.00","1",
"P680-124","1010","625.00","1",
"P680-125","1010","625.00","1",
"P680-126","1010","625.00","1",
"P680-127","1010","625.00","1",
"P680-128","1010","625.00","1",
"P680-129","1010","625.00","1",
"P680-130","1010","625.00","1",
"P680-131","1010","625.00","1",
"P680-132","1010","625.00","1",
"P680-133","1010","625.00","1",
"P680-134","1010","625.00","1",
"P680-135","1010","625.00","1",
"P680-136","1010","625.00","1",
"P680-137","1010","625.00","1",
"P680-138","1010","625.00","1",
"P680-139","1010","625.00","1",
"P680-140","1010","625.00","1",
"P680-141","1010","625.00","1",
"P680-142","1010","625.00","1",
"P680-143","1010","625.00","1",
"P680-144","1010","625.00","1",
"P680-145","1010","625.00","1",
"P680-146","1010","625.00","1",
"P680-147","1010","625.00","1",
"P680-148","1010","625.00","1",
"P680-149","1010","625.00","1",
"P680-150","1010","625.00","1",
"P680-151","1010","625.00","1",
"P680-152","1010","625.00","1",
"P680-153","1010","625.00","1",
"P680-154","1010","625.00","1",
"P680-155","1010","625.00","1",
"P680-156","1010","625.00","1",
"P680-157","1010","625.00","1",
"P680-158","1010","625.00","1",
"P680-159","1010","625.00","1",
"P680-160","1010","625.00","1",
"P680-161","1010","625.00","1",
"P680-162","1010","625.00","1",
"P680-163","1010","625.00","1",
"P680-164","1010","625.00","1",
"P680-165","1010","625.00","1",
"P680-166","1010","625.00","1",
"P680-167","1010","625.00","1",
"P680-168","1010","625.00","1",
"P680-169","1010","625.00","1",
"P680-170","1010","625.00","1",
"P680-171","1010","625.00","1",
"P680-172","1010","625.00","1",
"P680-173","1010","625.00","1",
"P680-174","1010","625.00","1",
"P680-175","1010","625.00","1",
"P680-176","1010","625.00","1",
"P680-177","1010","625.00","1",
"P680-178","1010","625.00","1",
"P680-179","1010","625.00","1",
"P680-180","1010","625.00","1",
"P680-181","1010","625.00","1",
"P680-182","1010","625.00","1",
"P680-183","1010","625.00","1",
"P680-184","1010","625.00","1",
"P680-185","1010","625.00","1",
"P680-186","1010","625.00","1",
"P680-187","1010","625.00","1",
"P680-188","1010","625.00","1",
"P680-189","1010","625.00","1",
"P680-190","1010","625.00","1",
"P680-191","1010","625.00","1",
"P680-192","1010","625.00","1",
"P680-193","1010","625.00","1",
"P680-194","1010","625.00","1",
"P680-195","1010","625.00","1",
"P680-196","1010","625.00","1",
"P680-197","1010","625.00","1",
"P680-198","1010","625.00","1",
"P680-199","1010","625.00","1",
"P680-200","1010","625.00","1",
"P680-201","1010","625.00","1",
"P680-202","1010","625.00","1",
"P680-203","1010","625.00","1",
"P680-204","1010","625.00","1",
"P680-205","1010","625.00","1",
"P680-206","1010","625.00","1",
"P680-207","1010","625.00","1",
"P680-208","1010","625.00","1",
"P680-209","1010","625.00","1",
"P680-210","1010","625.00","1",
"P680-211","1010","625.00","1",
"P680-212","1010","625.00","1",
"P680-213","1010","625.00","1",
"P680-214","1010","625.00","1",
"P680-215","1010","625.00","1",
"P680-216","1010","625.00","1",
"P680-217","1010","625.00","1",
"P680-218","1010","625.00","1",
"P680-219","1010","625.00","1",
"P680-220","1010","625.00","1",
"P680-221","1010","625.00","1",
"P680-222","1010","625.00","1",
"P680-223","1010","625.00","1",
"P680-224","1010","625.00","1",
"P680-225","1010","625.00","1",
"P680-226","1010","625.00","1",
"P680-227","1010","625.00","1",
"P680-228","1010","625.00","1",
"P680-229","1010","625.00","1",
"P680-230","1010","625.00","1",
"P680-231","1010","625.00","1",
"P680-232","1010","625.00","1",
"P680-233","1010","625.00","1",
"P680-234","1010","625.00","1",
"P680-235","1010","625.00","1",
"P680-236","1010","625.00","1",
"P680-237","1010","625.00","1",
"P680-238","1010","625.00","1",
"P680-239","1010","625.00","1",
"P680-240","1010","625.00","1",
"P680-241","1010","625.00","1",
"P680-242","1010","625.00","1",
"P680-243","1010","625.00","1",
"P680-244","1010","625.00","1",
"P680-245","1010","625.00","1",
"P680-246","1010","625.00","1",
"P680-247","1010","625.00","1",
"P680-248","1010","625.00","1",
"P680-249","1010","625.00","1",
"P680-250","1010","625.00","1",
"P680-251","1010","625.00","1",
"P680-252","1010","625.00","1",
"P680-253","1010","625.00","1",
"P680-254","1010","625.00","1",
"P680-255","1010","625.00","1",
"P680-256","1010","625.00","1",
"P680-257","1010","625.00","1",
"P680-258","1010","625.00","1",
"P680-259","1010","625.00","1",
"P680-260","1010","625.00","1",
"P680-261","1010","625.00","1",
"P680-262","1010","625.00","1",
"P680-263","1010","625.00","1",
"P680-264","1010","625.00","1",
"P680-265","1010","625.00","1",
"P680-266","1010","625.00","1",
"P680-267","1010","625.00","1",
"P680-268","1010","625.00","1",
"P680-269","1010","625.00","1",
"P680-270","1010","625.00","1",
"P680-271","1010","625.00","1",
"P680-272","1010","625.00","1",
"P680-273","1010","625.00","1",
"P680-274","1010","625.00","1",
"P680-275","1010","625.00","1",
"P680-276","1010","625.00","1",
"P680-277","1010","625.00","1",
"P680-278","1010","625.00","1",
"P680-279","1010","625.00","1",
"P680-280","1010","625.00","1",
"P680-281","1010","625.00","1",
"P680-282","1010","625.00","1",
"P680-283","1010","625.00","1",
"P680-284","1010","625.00","1",
"P680-285","1010","625.00","1",
"P680-286","1010","625.00","1",
"P680-287","1010","625.00","1",
"P680-288","1010","625.00","1",
"P680-289","1010","625.00","1",
"P680-290","1010","625.00","1",
"P680-291","1010","625.00","1",
"P680-292","1010","625.00","1",
"P680-293","1010","625.00","1",
"P680-294","1010","625.00","1",
"P680-295","1010","625.00","1",
"P680-296","1010","625.00","1",
"P680-297","1010","625.00","1",
"P680-298","1010","625.00","1",
"P680-299","1010","625.00","1",
"P680-300","1010","625.00","1",
"P680-301","1010","625.00","1",
"P680-302","1010","625.00","1",
"P680-303","1010","625.00","1",
"P680-304","1010","625.00","1",
"P680-305","1010","625.00","1",
"P680-306","1010","625.00","1",
"P680-307","1010","625.00","1",
"P680-308","1010","625.00","1",
"P680-309","1010","625.00","1",
"P680-310","1010","625.00","1",
"P680-311","1010","625.00","1",
"P680-312","1010","625.00","1",
"P680-313","1010","625.00","1",
"P680-314","1010","625.00","1",
"P680-315","1010","625.00","1",
"P680-316","1010","625.00","1",
"P680-317","1010","625.00","1",
"P680-318","1010","625.00","1",
"P680-319","1010","625.00","1",
"P680-320","1010","625.00","1",
"P680-321","1010","625.00","1",
"P680-322","1010","625.00","1",
"P680-323","1010","625.00","1",
"P680-324","1010","625.00","1",
"P680-325","1010","625.00","1",
"P680-326","1010","625.00","1",
"P680-327","1010","625.00","1",
"P680-328","1010","625.00","1",
"P680-329","1010","625.00","1",
"P680-330","1010","625.00","1",
"P680-331","1010","625.00","1",
"P680-332","1010","625.00","1",
"P680-333","1010","625.00","1",
"P680-334","1010","625.00","1",
"P680-335","1010","625.00","1",
"P680-336","1010","625.00","1",
"P680-337","1010","625.00","1",
"P680-338","1010","625.00","1",
"P680-339","1010","625.00","1",
"P680-340","1010","625.00","1",
"P680-341","1010","625.00","1",
"P680-342","1010","625.00","1",
"P680-343","1010","625.00","1",
"P680-344","1010","625.00","1",
"P680-345","1010","625.00","1",
"P680-346","1010","625.00","1",
"P680-347","1010","625.00","1",
"P680-348","1010","625.00","1",
"P680-349","1010","625.00","1",
"P680-350","1010","625.00","1",
"P680-351","1010","625.00","1",
"P680-352","1010","625.00","1",
"P680-353","1010","625.00","1",
"P680-354","1010","625.00","1",
"P680-355","1010","625.00","1",
"P680-356","1010","625.00","1",
"P680-357","1010","625.00","1",
"P680-358","1010","625.00","1",
"P680-359","1010","625.00","1",
"P680-360","1010","625.00","1",
"P680-361","1010","625.00","1",
"P680-362","1010","625.00","1",
"P680-363","1010","625.00","1",
"P680-364","1010","625.00","1",
"P680-365","1010","625.00","1",
"P680-366","1010","625.00","1",
"P680-367","1010","625.00","1",
"P680-368","1010","625.00","1",
"P680-369","1010","625.00","1",
"P680-370","1010","625.00","1",
"P680-371","1010","625.00","1",
"P680-372","1010","625.00","1",
"P680-373","1010","625.00","1",
"P680-374","1010","625.00","1",
"P680-375","1010","625.00","1",
"P680-376","1010","625.00","1",
"P680-377","1010","625.00","1",
"P680-378","1010","625.00","1",
"P680-379","1010","625.00","1",
"P680-380","1010","625.00","1",
"P680-381","1010","625.00","1",
"P680-382","1010","625.00","1",
"P680-383","1010","625.00","1",
"P680-384","1010","625.00","1",
"P680-385","1010","625.00","1",
"P680-386","1010","625.00","1",
"P680-387","1010","625.00","1",
"P680-388","1010","625.00","1",
"P680-389","1010","625.00","1",
"P680-390","1010","625.00","1",
"P680-391","1010","625.00","1",
"P680-392","1010","625.00","1",
"P680-393","1010","625.00","1",
"P680-394","1010","625.00","1",
"P680-395","1010","625.00","1",
"P680-396","1010","625.00","1",
"P680-397","1010","625.00","1",
"P680-398","1010","625.00","1",
"P680-399","1010","625.00","1",
"P680-400","1010","625.00","1",
"P680-401","1010","625.00","1",
"P680-402","1010","625.00","1",
"P680-403","1010","625.00","1",
"P680-404","1010","625.00","1",
"P680-405","1010","625.00","1",
"P680-406","1010","625.00","1",
"P680-407","1010","625.00","1",
"P680-408","1010","625.00","1",
"P680-409","1010","625.00","1",
"P680-410","1010","625.00","1",
"P680-411","1010","625.00","1",
"P680-412","1010","625.00","1",
"P680-413","1010","625.00","1",
"P680-414","1010","625.00","1",
"P680-415","1010","625.00","1",
"P680-416","1010","625.00","1",
"P680-417","1010","625.00","1",
"P680-418","1010","625.00","1",
"P680-419","1010","625.00","1",
"P680-420","1010","625.00","1",
"P680-421","1010","625.00","1",
"P680-422","1010","625.00","1",
"P680-423","1010","625.00","1",
"P680-424","1010","625.00","1",
"P680-425","1010","625.00","1",
"P680-426","1010","625.00","1",
"P680-427","1010","625.00","1",
"P680-428","1010","625.00","1",
"P680-429","1010","625.00","1",
"P680-430","1010","625.00","1",
"P680-431","1010","625.00","1",
"P680-432","1010","625.00","1",
"P680-433","1010","625.00","1",
"P680-434","1010","625.00","1",
"P680-435","1010","625.00","1",
"P680-436","1010","625.00","1",
"P680-437","1010","625.00","1",
"P680-438","1010","625.00","1",
"P680-439","1010","625.00","1",
"P680-440","1010","625.00","1",
"P680-441","1010","625.00","1",
"P680-442","1010","625.00","1",
"P680-443","1010","625.00","1",
"P680-444","1010","625.00","1",
"P680-445","1010","625.00","1",
"P680-446","1010","625.00","1",
"P680-447","1010","625.00","1",
"P680-448","1010","625.00","1",
"P680-449","1010","625.00","1",
"P680-450","1010","625.00","1",
"P680-451","1010","625.00","1",
"P680-452","1010","625.00","1",
"P680-453","1010","625.00","1",
"P680-454","1010","625.00","1",
"P680-455","1010","625.00","1",
"P680-456","1010","625.00","1",
"P680-457","1010","625.00","1",
"P680-458","1010","625.00","1",
"P680-459","1010","625.00","1",
"P680-460","1010","625.00","1",
"P680-461","1010","625.00","1",
"P680-462","1010","625.00","1",
"P680-463","1010","625.00","1",
"P680-464","1010","625.00","1",
"P680-465","1010","625.00","1",
"P680-466","1010","625.00","1",
"P680-467","1010","625.00","1",
"P680-468","1010","625.00","1",
"P680-469","1010","625.00","1",
"P680-470","1010","625.00","1",
"P680-471","1010","625.00","1",
"P680-472","1010","625.00","1",
"P680-473","1010","625.00","1",
"P680-474","1010","625.00","1",
"P680-475","1010","625.00","1",
"P680-476","1010","625.00","1",
"P680-477","1010","625.00","1",
"P680-478","1010","625.00","1",
"P680-479","1010","625.00","1",
"P680-480","1010","625.00","1",
"P680-481","1010","625.00","1",
"P680-482","1010","625.00","1",
"P680-483","1010","625.00","1",
"P680-484","1010","625.00","1",
"P680-485","1010","625.00","1",
"P680-486","1010","625.00","1",
"P680-487","1010","625.00","1",
"P680-488","1010","625.00","1",
"P680-489","1010","625.00","1",
"P680-490","1010","625.00","1",
"P680-491","1010","625.00","1",
"P680-492","1010","625.00","1",
"P680-493","1010","625.00","1",
"P680-494","1010","625.00","1",
"P680-495","1010","625.00","1",
"P680-496","1010","625.00","1",
"P680-497","1010","625.00","1",
"P680-498","1010","625.00","1",
"P680-499","1010","625.00","1",
"PM-LEAN-SERVICE01","1010","1800.00","1",
"PO-B100","1010","200.00","1",
"PO-B200","1010","250.00","1",
"PO-B300","1010","230.00","1",
"PO-B400","1010","280.00","1",
"PO-B500","1010","300.00","1",
"PO-BB00","1010","1.00","1",
"PO-BC00","1010","10.00","1",
"PO-BW00","1010","3.00","1",
"PP-FHMM","1010","1300.00","1",
"R-1000","1010","500.00","1",
"R-2904","1010","10.00","1",
"R-F100","1010","181.24","1",
"R-S100","1010","29.78","1",
"R-S200","1010","29.09","1",
"REPAIR SERVICE","1010","17.55","1",
"RM09","1010","0.08","1",
"RM12","1010","1.00","1",
"RM120","1010","1.25","1",
"RM122","1010","0.75","1",
"RM124","1010","0.35","1",
"RM128","1010","1.65","1",
"RM13","1010","0.50","1",
"RM130","1010","0.10","1",
"RM14","1010","0.75","1",
"RM15","1010","0.20","1",
"RM16","1010","0.25","1",
"RM17","1010","0.88","1",
"RM18","1010","0.67","1",
"RM19","1010","0.12","1",
"RM20","1010","1.30","1",
"RM27","1010","0.75","1",
"RM28","1010","2.25","1",
"RM30","1010","0.01","1",
"RP001","1010","5.00","1",
"S-001","1010","1800.00","1",
"S-002","1010","50.00","1",
"S-FL00","1010","37591.58","1",
"S-FL01","1010","37591.58","1",
"S-FL02","1010","37591.58","1",
"S-FL03","1010","37591.58","1",
"S-FL04","1010","37591.58","1",
"S-FL05","1010","37591.58","1",
"S-FL06","1010","37591.58","1",
"S-FL07","1010","37591.58","1",
"S-FL08","1010","37591.58","1",
"S-FL09","1010","37591.58","1",
"S-FL10","1010","37591.58","1",
"S-FL11","1010","37591.58","1",
"S-FL12","1010","37591.58","1",
"S-FL13","1010","37591.58","1",
"S-FL14","1010","37591.58","1",
"S-FL15","1010","37591.58","1",
"S-FL16","1010","37591.58","1",
"S-FL17","1010","37591.58","1",
"S-FL18","1010","37591.58","1",
"S-FL19","1010","37591.58","1",
"S-FL20","1010","37591.58","1",
"S-FL21","1010","37591.58","1",
"S-FL22","1010","37591.58","1",
"S-FL23","1010","37591.58","1",
"S-FL24","1010","37591.58","1",
"S-FL25","1010","37591.58","1",
"S-FL26","1010","37591.58","1",
"S-FL27","1010","37591.58","1",
"S-FL28","1010","37591.58","1",
"S-FL29","1010","37591.58","1",
"S-FL30","1010","37591.58","1",
"S-FL31","1010","37591.58","1",
"S-FL32","1010","37591.58","1",
"S-FL33","1010","37591.58","1",
"S-FL34","1010","37591.58","1",
"S-FL35","1010","37591.58","1",
"S-FL36","1010","37591.58","1",
"S-FL37","1010","37591.58","1",
"S-FL38","1010","37591.58","1",
"S-FL39","1010","37591.58","1",
"S-FL40","1010","37591.58","1",
"S-FL41","1010","37591.58","1",
"S-FL42","1010","37591.58","1",
"S-FL43","1010","37591.58","1",
"S-FL44","1010","37591.58","1",
"S-FL45","1010","37591.58","1",
"S-FL46","1010","37591.58","1",
"S-FL47","1010","37591.58","1",
"S-FL48","1010","37591.58","1",
"S-FL49","1010","37591.58","1",
"S-FL50","1010","37591.58","1",
"S-FL51","1010","37591.58","1",
"S-FL52","1010","37591.58","1",
"S-FL53","1010","37591.58","1",
"S-FL54","1010","37591.58","1",
"S-FL55","1010","37591.58","1",
"S-FL56","1010","37591.58","1",
"S-FL57","1010","37591.58","1",
"S-FL58","1010","37591.58","1",
"S-FL59","1010","37591.58","1",
"S-FL60","1010","37591.58","1",
"S-FL61","1010","37591.58","1",
"S-FL62","1010","37591.58","1",
"S-FL63","1010","37591.58","1",
"S-FL64","1010","37591.58","1",
"S-FL65","1010","37591.58","1",
"S-FL66","1010","37591.58","1",
"S-FL67","1010","37591.58","1",
"S-FL68","1010","37591.58","1",
"S-FL69","1010","37591.58","1",
"S-FL70","1010","37591.58","1",
"S-FL71","1010","37591.58","1",
"S-FL72","1010","37591.58","1",
"S-FL73","1010","37591.58","1",
"S-FL74","1010","37591.58","1",
"S-FL75","1010","37591.58","1",
"S-FL76","1010","37591.58","1",
"S-FL77","1010","37591.58","1",
"S-FL78","1010","37591.58","1",
"S-FL79","1010","37591.58","1",
"S-FL80","1010","37591.58","1",
"S-FL81","1010","37591.58","1",
"S-FL82","1010","37591.58","1",
"S-FL83","1010","37591.58","1",
"S-FL84","1010","37591.58","1",
"S-FL85","1010","37591.58","1",
"S-FL86","1010","37591.58","1",
"S-FL87","1010","37591.58","1",
"S-FL88","1010","37591.58","1",
"S-FL89","1010","37591.58","1",
"S-FL90","1010","37591.58","1",
"S-FL91","1010","37591.58","1",
"S-FL92","1010","37591.58","1",
"S-FL93","1010","37591.58","1",
"S-FL94","1010","37591.58","1",
"S-FL95","1010","37591.58","1",
"S-FL96","1010","37591.58","1",
"S-FL97","1010","37591.58","1",
"S-FL98","1010","37591.58","1",
"S-FL99","1010","37591.58","1",
"S520-400","1010","0","1",
"SG124","1010","0.52","1",
"SG21","1010","1.50","1",
"SG22","1010","2.70","1",
"SG224","1010","0.52","1",
"SG23","1010","1.88","1",
"SG24","1010","0.17","1",
"SG25","1010","5.75","1",
"SG325A","1010","6.60","1",
"SG325B","1010","5.60","1",
"T-30B","1010","52.91","1",
"T-30C1","1010","6.50","1",
"T-30C2","1010","6.50","1",
"T-30W","1010","52.91","1",
"T-30Y","1010","52.91","1",
"T-601A100","1010","63.40","1",
"T-601A101","1010","63.40","1",
"T-601A102","1010","63.40","1",
"T-601A103","1010","63.40","1",
"T-601A104","1010","63.40","1",
"T-601A105","1010","63.40","1",
"T-601A106","1010","63.40","1",
"T-601A107","1010","63.40","1",
"T-601A108","1010","63.40","1",
"T-601A109","1010","63.40","1",
"T-601A110","1010","63.40","1",
"T-601A111","1010","63.40","1",
"T-601A112","1010","63.40","1",
"T-601A113","1010","63.40","1",
"T-601A114","1010","63.40","1",
"T-601A115","1010","63.40","1",
"T-601A116","1010","63.40","1",
"T-601A117","1010","63.40","1",
"T-601A118","1010","63.40","1",
"T-601A119","1010","63.40","1",
"T-601A120","1010","63.40","1",
"T-601A121","1010","63.40","1",
"T-601A122","1010","63.40","1",
"T-601A123","1010","63.40","1",
"T-601A124","1010","63.40","1",
"T-601A125","1010","63.40","1",
"T-601A126","1010","63.40","1",
"T-601A127","1010","63.40","1",
"T-601A128","1010","63.40","1",
"T-601A129","1010","63.40","1",
"T-601A130","1010","63.40","1",
"T-601A131","1010","63.40","1",
"T-601A132","1010","63.40","1",
"T-601A133","1010","63.40","1",
"T-601A134","1010","63.40","1",
"T-601A135","1010","63.40","1",
"T-601A136","1010","63.40","1",
"T-601A137","1010","63.40","1",
"T-601A138","1010","63.40","1",
"T-601A139","1010","63.40","1",
"T-601A140","1010","63.40","1",
"T-601A141","1010","63.40","1",
"T-601A142","1010","63.40","1",
"T-601A143","1010","63.40","1",
"T-601A144","1010","63.40","1",
"T-601A145","1010","63.40","1",
"T-601A146","1010","63.40","1",
"T-601A147","1010","63.40","1",
"T-601A148","1010","63.40","1",
"T-601A149","1010","63.40","1",
"T-601A150","1010","63.40","1",
"T-601A151","1010","63.40","1",
"T-601A152","1010","63.40","1",
"T-601A153","1010","63.40","1",
"T-601A154","1010","63.40","1",
"T-601A155","1010","63.40","1",
"T-601A156","1010","63.40","1",
"T-601A157","1010","63.40","1",
"T-601A158","1010","63.40","1",
"T-601A159","1010","63.40","1",
"T-601A160","1010","63.40","1",
"T-601A161","1010","63.40","1",
"T-601A162","1010","63.40","1",
"T-601A163","1010","63.40","1",
"T-601A164","1010","63.40","1",
"T-601A165","1010","63.40","1",
"T-601A166","1010","63.40","1",
"T-601A167","1010","63.40","1",
"T-601A168","1010","63.40","1",
"T-601A169","1010","63.40","1",
"T-601A170","1010","63.40","1",
"T-601A171","1010","63.40","1",
"T-601A172","1010","63.40","1",
"T-601A173","1010","63.40","1",
"T-601A174","1010","63.40","1",
"T-601A175","1010","63.40","1",
"T-601A176","1010","63.40","1",
"T-601A177","1010","63.40","1",
"T-601A178","1010","63.40","1",
"T-601A179","1010","63.40","1",
"T-601A180","1010","63.40","1",
"T-601A181","1010","63.40","1",
"T-601A182","1010","63.40","1",
"T-601A183","1010","63.40","1",
"T-601A184","1010","63.40","1",
"T-601A185","1010","63.40","1",
"T-601A186","1010","63.40","1",
"T-601A187","1010","63.40","1",
"T-601A188","1010","63.40","1",
"T-601A189","1010","63.40","1",
"T-601A190","1010","63.40","1",
"T-601A191","1010","63.40","1",
"T-601A192","1010","63.40","1",
"T-601A193","1010","63.40","1",
"T-601A194","1010","63.40","1",
"T-601A195","1010","63.40","1",
"T-601A196","1010","63.40","1",
"T-601A197","1010","63.40","1",
"T-601A198","1010","63.40","1",
"T-601A199","1010","63.40","1",
"T-601A200","1010","83.40","1",
"T-601A201","1010","83.40","1",
"T-601A202","1010","83.40","1",
"T-601A203","1010","83.40","1",
"T-601A204","1010","83.40","1",
"T-601A205","1010","83.40","1",
"T-601A206","1010","83.40","1",
"T-601A207","1010","83.40","1",
"T-601A208","1010","83.40","1",
"T-601A209","1010","83.40","1",
"T-601A210","1010","83.40","1",
"T-601A211","1010","83.40","1",
"T-601A212","1010","83.40","1",
"T-601A213","1010","83.40","1",
"T-601A214","1010","83.40","1",
"T-601A215","1010","83.40","1",
"T-601A216","1010","83.40","1",
"T-601A217","1010","83.40","1",
"T-601A218","1010","83.40","1",
"T-601A219","1010","83.40","1",
"T-601A220","1010","83.40","1",
"T-601A221","1010","83.40","1",
"T-601A222","1010","83.40","1",
"T-601A223","1010","83.40","1",
"T-601A224","1010","83.40","1",
"T-601A225","1010","83.40","1",
"T-601A226","1010","83.40","1",
"T-601A227","1010","83.40","1",
"T-601A228","1010","83.40","1",
"T-601A229","1010","83.40","1",
"T-601A230","1010","83.40","1",
"T-601A231","1010","83.40","1",
"T-601A232","1010","83.40","1",
"T-601A233","1010","83.40","1",
"T-601A234","1010","83.40","1",
"T-601A235","1010","83.40","1",
"T-601A236","1010","83.40","1",
"T-601A237","1010","83.40","1",
"T-601A238","1010","83.40","1",
"T-601A239","1010","83.40","1",
"T-601A240","1010","83.40","1",
"T-601A241","1010","83.40","1",
"T-601A242","1010","83.40","1",
"T-601A243","1010","83.40","1",
"T-601A244","1010","83.40","1",
"T-601A245","1010","83.40","1",
"T-601A246","1010","83.40","1",
"T-601A247","1010","83.40","1",
"T-601A248","1010","83.40","1",
"T-601A249","1010","83.40","1",
"T-601A250","1010","83.40","1",
"T-601A251","1010","83.40","1",
"T-601A252","1010","83.40","1",
"T-601A253","1010","83.40","1",
"T-601A254","1010","83.40","1",
"T-601A255","1010","83.40","1",
"T-601A256","1010","83.40","1",
"T-601A257","1010","83.40","1",
"T-601A258","1010","83.40","1",
"T-601A259","1010","83.40","1",
"T-601A260","1010","83.40","1",
"T-601A261","1010","83.40","1",
"T-601A262","1010","83.40","1",
"T-601A263","1010","83.40","1",
"T-601A264","1010","83.40","1",
"T-601A265","1010","83.40","1",
"T-601A266","1010","83.40","1",
"T-601A267","1010","83.40","1",
"T-601A268","1010","83.40","1",
"T-601A269","1010","83.40","1",
"T-601A270","1010","83.40","1",
"T-601A271","1010","83.40","1",
"T-601A272","1010","83.40","1",
"T-601A273","1010","83.40","1",
"T-601A274","1010","83.40","1",
"T-601A275","1010","83.40","1",
"T-601A276","1010","83.40","1",
"T-601A277","1010","83.40","1",
"T-601A278","1010","83.40","1",
"T-601A279","1010","83.40","1",
"T-601A280","1010","83.40","1",
"T-601A281","1010","83.40","1",
"T-601A282","1010","83.40","1",
"T-601A283","1010","83.40","1",
"T-601A284","1010","83.40","1",
"T-601A285","1010","83.40","1",
"T-601A286","1010","83.40","1",
"T-601A287","1010","83.40","1",
"T-601A288","1010","83.40","1",
"T-601A289","1010","83.40","1",
"T-601A290","1010","83.40","1",
"T-601A291","1010","83.40","1",
"T-601A292","1010","83.40","1",
"T-601A293","1010","83.40","1",
"T-601A294","1010","83.40","1",
"T-601A295","1010","83.40","1",
"T-601A296","1010","83.40","1",
"T-601A297","1010","83.40","1",
"T-601A298","1010","83.40","1",
"T-601A299","1010","83.40","1",
"T-601A300","1010","22.50","1",
"T-601A301","1010","22.50","1",
"T-601A302","1010","22.50","1",
"T-601A303","1010","22.50","1",
"T-601A304","1010","22.50","1",
"T-601A305","1010","22.50","1",
"T-601A306","1010","22.50","1",
"T-601A307","1010","22.50","1",
"T-601A308","1010","22.50","1",
"T-601A309","1010","22.50","1",
"T-601A310","1010","22.50","1",
"T-601A311","1010","22.50","1",
"T-601A312","1010","22.50","1",
"T-601A313","1010","22.50","1",
"T-601A314","1010","22.50","1",
"T-601A315","1010","22.50","1",
"T-601A316","1010","22.50","1",
"T-601A317","1010","22.50","1",
"T-601A318","1010","22.50","1",
"T-601A319","1010","22.50","1",
"T-601A320","1010","22.50","1",
"T-601A321","1010","22.50","1",
"T-601A322","1010","22.50","1",
"T-601A323","1010","22.50","1",
"T-601A324","1010","22.50","1",
"T-601A325","1010","22.50","1",
"T-601A326","1010","22.50","1",
"T-601A327","1010","22.50","1",
"T-601A328","1010","22.50","1",
"T-601A329","1010","22.50","1",
"T-601A330","1010","22.50","1",
"T-601A331","1010","22.50","1",
"T-601A332","1010","22.50","1",
"T-601A333","1010","22.50","1",
"T-601A334","1010","22.50","1",
"T-601A335","1010","22.50","1",
"T-601A336","1010","22.50","1",
"T-601A337","1010","22.50","1",
"T-601A338","1010","22.50","1",
"T-601A339","1010","22.50","1",
"T-601A340","1010","22.50","1",
"T-601A341","1010","22.50","1",
"T-601A342","1010","22.50","1",
"T-601A343","1010","22.50","1",
"T-601A344","1010","22.50","1",
"T-601A345","1010","22.50","1",
"T-601A346","1010","22.50","1",
"T-601A347","1010","22.50","1",
"T-601A348","1010","22.50","1",
"T-601A349","1010","22.50","1",
"T-601A350","1010","22.50","1",
"T-601A351","1010","22.50","1",
"T-601A352","1010","22.50","1",
"T-601A353","1010","22.50","1",
"T-601A354","1010","22.50","1",
"T-601A355","1010","22.50","1",
"T-601A356","1010","22.50","1",
"T-601A357","1010","22.50","1",
"T-601A358","1010","22.50","1",
"T-601A359","1010","22.50","1",
"T-601A360","1010","22.50","1",
"T-601A361","1010","22.50","1",
"T-601A362","1010","22.50","1",
"T-601A363","1010","22.50","1",
"T-601A364","1010","22.50","1",
"T-601A365","1010","22.50","1",
"T-601A366","1010","22.50","1",
"T-601A367","1010","22.50","1",
"T-601A368","1010","22.50","1",
"T-601A369","1010","22.50","1",
"T-601A370","1010","22.50","1",
"T-601A371","1010","22.50","1",
"T-601A372","1010","22.50","1",
"T-601A373","1010","22.50","1",
"T-601A374","1010","22.50","1",
"T-601A375","1010","22.50","1",
"T-601A376","1010","22.50","1",
"T-601A377","1010","22.50","1",
"T-601A378","1010","22.50","1",
"T-601A379","1010","22.50","1",
"T-601A380","1010","22.50","1",
"T-601A381","1010","22.50","1",
"T-601A382","1010","22.50","1",
"T-601A383","1010","22.50","1",
"T-601A384","1010","22.50","1",
"T-601A385","1010","22.50","1",
"T-601A386","1010","22.50","1",
"T-601A387","1010","22.50","1",
"T-601A388","1010","22.50","1",
"T-601A389","1010","22.50","1",
"T-601A390","1010","22.50","1",
"T-601A391","1010","22.50","1",
"T-601A392","1010","22.50","1",
"T-601A393","1010","22.50","1",
"T-601A394","1010","22.50","1",
"T-601A395","1010","22.50","1",
"T-601A396","1010","22.50","1",
"T-601A397","1010","22.50","1",
"T-601A398","1010","22.50","1",
"T-601A399","1010","22.50","1",
"T-601A400","1010","11.76","1",
"T-601A401","1010","11.76","1",
"T-601A402","1010","11.76","1",
"T-601A403","1010","11.76","1",
"T-601A404","1010","11.76","1",
"T-601A405","1010","11.76","1",
"T-601A406","1010","11.76","1",
"T-601A407","1010","11.76","1",
"T-601A408","1010","11.76","1",
"T-601A409","1010","11.76","1",
"T-601A410","1010","11.76","1",
"T-601A411","1010","11.76","1",
"T-601A412","1010","11.76","1",
"T-601A413","1010","11.76","1",
"T-601A414","1010","11.76","1",
"T-601A415","1010","11.76","1",
"T-601A416","1010","11.76","1",
"T-601A417","1010","11.76","1",
"T-601A418","1010","11.76","1",
"T-601A419","1010","11.76","1",
"T-601A420","1010","11.76","1",
"T-601A421","1010","11.76","1",
"T-601A422","1010","11.76","1",
"T-601A423","1010","11.76","1",
"T-601A424","1010","11.76","1",
"T-601A425","1010","11.76","1",
"T-601A426","1010","11.76","1",
"T-601A427","1010","11.76","1",
"T-601A428","1010","11.76","1",
"T-601A429","1010","11.76","1",
"T-601A430","1010","11.76","1",
"T-601A500","1010","33.01","1",
"T-601A501","1010","33.01","1",
"T-601A502","1010","33.01","1",
"T-601A503","1010","33.01","1",
"T-601A504","1010","33.01","1",
"T-601A505","1010","33.01","1",
"T-601A506","1010","33.01","1",
"T-601A507","1010","33.01","1",
"T-601A508","1010","33.01","1",
"T-601A509","1010","33.01","1",
"T-601A510","1010","33.01","1",
"T-601A511","1010","33.01","1",
"T-601A512","1010","33.01","1",
"T-601A513","1010","33.01","1",
"T-601A514","1010","33.01","1",
"T-601A515","1010","33.01","1",
"T-601A516","1010","33.01","1",
"T-601A517","1010","33.01","1",
"T-601A518","1010","33.01","1",
"T-601A519","1010","33.01","1",
"T-601A520","1010","33.01","1",
"T-601A521","1010","33.01","1",
"T-601A522","1010","33.01","1",
"T-601A523","1010","33.01","1",
"T-601A524","1010","33.01","1",
"T-601A525","1010","33.01","1",
"T-601A526","1010","33.01","1",
"T-601A527","1010","33.01","1",
"T-601A528","1010","33.01","1",
"T-601A529","1010","33.01","1",
"T-601A530","1010","33.01","1",
"T-601A531","1010","33.01","1",
"T-601A532","1010","33.01","1",
"T-601A533","1010","33.01","1",
"T-601A534","1010","33.01","1",
"T-601A535","1010","33.01","1",
"T-601A536","1010","33.01","1",
"T-601A537","1010","33.01","1",
"T-601A538","1010","33.01","1",
"T-601A539","1010","33.01","1",
"T-601A540","1010","33.01","1",
"T-601A541","1010","33.01","1",
"T-601A542","1010","33.01","1",
"T-601A543","1010","33.01","1",
"T-601A544","1010","33.01","1",
"T-601A545","1010","33.01","1",
"T-601A546","1010","33.01","1",
"T-601A547","1010","33.01","1",
"T-601A548","1010","33.01","1",
"T-601A549","1010","33.01","1",
"T-601A550","1010","33.01","1",
"T-601A551","1010","33.01","1",
"T-601A552","1010","33.01","1",
"T-601A553","1010","33.01","1",
"T-601A554","1010","33.01","1",
"T-601A555","1010","33.01","1",
"T-601A556","1010","33.01","1",
"T-601A557","1010","33.01","1",
"T-601A558","1010","33.01","1",
"T-601A559","1010","33.01","1",
"T-601A560","1010","33.01","1",
"T-601A561","1010","33.01","1",
"T-601A562","1010","33.01","1",
"T-601A563","1010","33.01","1",
"T-601A564","1010","33.01","1",
"T-601A565","1010","33.01","1",
"T-601A566","1010","33.01","1",
"T-601A567","1010","33.01","1",
"T-601A568","1010","33.01","1",
"T-601A569","1010","33.01","1",
"T-601A570","1010","33.01","1",
"T-601A571","1010","33.01","1",
"T-601A572","1010","33.01","1",
"T-601A573","1010","33.01","1",
"T-601A574","1010","33.01","1",
"T-601A575","1010","33.01","1",
"T-601A576","1010","33.01","1",
"T-601A577","1010","33.01","1",
"T-601A578","1010","33.01","1",
"T-601A579","1010","33.01","1",
"T-601A580","1010","33.01","1",
"T-601A581","1010","33.01","1",
"T-601A582","1010","33.01","1",
"T-601A583","1010","33.01","1",
"T-601A584","1010","33.01","1",
"T-601A585","1010","33.01","1",
"T-601A586","1010","33.01","1",
"T-601A587","1010","33.01","1",
"T-601A588","1010","33.01","1",
"T-601A589","1010","33.01","1",
"T-601A590","1010","33.01","1",
"T-601A591","1010","33.01","1",
"T-601A592","1010","33.01","1",
"T-601A593","1010","33.01","1",
"T-601A594","1010","33.01","1",
"T-601A595","1010","33.01","1",
"T-601A596","1010","33.01","1",
"T-601A597","1010","33.01","1",
"T-601A598","1010","33.01","1",
"T-601A599","1010","33.01","1",
"T-ASA00","1010","13.50","1",
"T-ASA01","1010","13.50","1",
"T-ASA02","1010","13.50","1",
"T-ASA03","1010","13.50","1",
"T-ASA04","1010","13.50","1",
"T-ASA05","1010","13.50","1",
"T-ASA06","1010","13.50","1",
"T-ASA07","1010","13.50","1",
"T-ASA08","1010","13.50","1",
"T-ASA09","1010","13.50","1",
"T-ASA10","1010","13.50","1",
"T-ASA11","1010","13.50","1",
"T-ASA12","1010","13.50","1",
"T-ASA13","1010","13.50","1",
"T-ASA14","1010","13.50","1",
"T-ASA15","1010","13.50","1",
"T-ASA16","1010","13.50","1",
"T-ASA17","1010","13.50","1",
"T-ASA18","1010","13.50","1",
"T-ASA19","1010","13.50","1",
"T-ASA20","1010","13.50","1",
"T-ASA21","1010","13.50","1",
"T-ASA22","1010","13.50","1",
"T-ASA23","1010","13.50","1",
"T-ASA24","1010","13.50","1",
"T-ASA25","1010","13.50","1",
"T-ASA26","1010","13.50","1",
"T-ASA27","1010","13.50","1",
"T-ASA28","1010","13.50","1",
"T-ASA29","1010","13.50","1",
"T-ASA30","1010","13.50","1",
"T-ATP100","1010","0","1",
"T-ATP101","1010","0","1",
"T-ATP102","1010","0","1",
"T-ATP103","1010","0","1",
"T-ATP104","1010","0","1",
"T-ATP105","1010","0","1",
"T-ATP106","1010","0","1",
"T-ATP107","1010","0","1",
"T-ATP108","1010","0","1",
"T-ATP109","1010","0","1",
"T-ATP110","1010","0","1",
"T-ATP111","1010","0","1",
"T-ATP112","1010","0","1",
"T-ATP113","1010","0","1",
"T-ATP114","1010","0","1",
"T-ATP115","1010","0","1",
"T-ATP116","1010","0","1",
"T-ATP117","1010","0","1",
"T-ATP118","1010","0","1",
"T-ATP119","1010","0","1",
"T-ATP120","1010","0","1",
"T-ATP121","1010","0","1",
"T-ATP122","1010","0","1",
"T-ATP123","1010","0","1",
"T-ATP124","1010","0","1",
"T-ATP125","1010","0","1",
"T-ATP126","1010","0","1",
"T-ATP127","1010","0","1",
"T-ATP128","1010","0","1",
"T-ATP129","1010","0","1",
"T-ATP130","1010","0","1",
"T-ATP200","1010","0","1",
"T-ATP201","1010","0","1",
"T-ATP202","1010","0","1",
"T-ATP203","1010","0","1",
"T-ATP204","1010","0","1",
"T-ATP205","1010","0","1",
"T-ATP206","1010","0","1",
"T-ATP207","1010","0","1",
"T-ATP208","1010","0","1",
"T-ATP209","1010","0","1",
"T-ATP210","1010","0","1",
"T-ATP211","1010","0","1",
"T-ATP212","1010","0","1",
"T-ATP213","1010","0","1",
"T-ATP214","1010","0","1",
"T-ATP215","1010","0","1",
"T-ATP216","1010","0","1",
"T-ATP217","1010","0","1",
"T-ATP218","1010","0","1",
"T-ATP219","1010","0","1",
"T-ATP220","1010","0","1",
"T-ATP221","1010","0","1",
"T-ATP222","1010","0","1",
"T-ATP223","1010","0","1",
"T-ATP224","1010","0","1",
"T-ATP225","1010","0","1",
"T-ATP226","1010","0","1",
"T-ATP227","1010","0","1",
"T-ATP228","1010","0","1",
"T-ATP229","1010","0","1",
"T-ATP230","1010","0","1",
"T-ATP300","1010","0","1",
"T-ATP301","1010","0","1",
"T-ATP302","1010","0","1",
"T-ATP303","1010","0","1",
"T-ATP304","1010","0","1",
"T-ATP305","1010","0","1",
"T-ATP306","1010","0","1",
"T-ATP307","1010","0","1",
"T-ATP308","1010","0","1",
"T-ATP309","1010","0","1",
"T-ATP310","1010","0","1",
"T-ATP311","1010","0","1",
"T-ATP312","1010","0","1",
"T-ATP313","1010","0","1",
"T-ATP314","1010","0","1",
"T-ATP315","1010","0","1",
"T-ATP316","1010","0","1",
"T-ATP317","1010","0","1",
"T-ATP318","1010","0","1",
"T-ATP319","1010","0","1",
"T-ATP320","1010","0","1",
"T-ATP321","1010","0","1",
"T-ATP322","1010","0","1",
"T-ATP323","1010","0","1",
"T-ATP324","1010","0","1",
"T-ATP325","1010","0","1",
"T-ATP326","1010","0","1",
"T-ATP327","1010","0","1",
"T-ATP328","1010","0","1",
"T-ATP329","1010","0","1",
"T-ATP330","1010","0","1",
"T-ATP400","1010","0","1",
"T-ATP401","1010","0","1",
"T-ATP402","1010","0","1",
"T-ATP403","1010","0","1",
"T-ATP404","1010","0","1",
"T-ATP405","1010","0","1",
"T-ATP406","1010","0","1",
"T-ATP407","1010","0","1",
"T-ATP408","1010","0","1",
"T-ATP409","1010","0","1",
"T-ATP410","1010","0","1",
"T-ATP411","1010","0","1",
"T-ATP412","1010","0","1",
"T-ATP413","1010","0","1",
"T-ATP414","1010","0","1",
"T-ATP415","1010","0","1",
"T-ATP416","1010","0","1",
"T-ATP417","1010","0","1",
"T-ATP418","1010","0","1",
"T-ATP419","1010","0","1",
"T-ATP420","1010","0","1",
"T-ATP421","1010","0","1",
"T-ATP422","1010","0","1",
"T-ATP423","1010","0","1",
"T-ATP424","1010","0","1",
"T-ATP425","1010","0","1",
"T-ATP426","1010","0","1",
"T-ATP427","1010","0","1",
"T-ATP428","1010","0","1",
"T-ATP429","1010","0","1",
"T-ATP430","1010","0","1",
"T-BQ100","1010","10.00","1",
"T-BQ101","1010","10.00","1",
"T-BQ102","1010","10.00","1",
"T-BQ103","1010","10.00","1",
"T-BQ104","1010","10.00","1",
"T-BQ105","1010","10.00","1",
"T-BQ106","1010","10.00","1",
"T-BQ107","1010","10.00","1",
"T-BQ108","1010","10.00","1",
"T-BQ109","1010","10.00","1",
"T-BQ110","1010","10.00","1",
"T-BQ111","1010","10.00","1",
"T-BQ112","1010","10.00","1",
"T-BQ113","1010","10.00","1",
"T-BQ114","1010","10.00","1",
"T-BQ115","1010","10.00","1",
"T-BQ116","1010","10.00","1",
"T-BQ117","1010","10.00","1",
"T-BQ118","1010","10.00","1",
"T-BQ119","1010","10.00","1",
"T-BQ120","1010","10.00","1",
"T-BQ121","1010","10.00","1",
"T-BQ122","1010","10.00","1",
"T-BQ123","1010","10.00","1",
"T-BQ124","1010","10.00","1",
"T-BQ125","1010","10.00","1",
"T-BQ126","1010","10.00","1",
"T-BQ127","1010","10.00","1",
"T-BQ128","1010","10.00","1",
"T-BQ129","1010","10.00","1",
"T-BQ130","1010","10.00","1",
"T-BQ131","1010","10.00","1",
"T-BQ132","1010","10.00","1",
"T-BQ133","1010","10.00","1",
"T-BQ134","1010","10.00","1",
"T-BQ135","1010","10.00","1",
"T-BQ136","1010","10.00","1",
"T-BQ137","1010","10.00","1",
"T-BQ138","1010","10.00","1",
"T-BQ139","1010","10.00","1",
"T-BQ140","1010","10.00","1",
"T-BQ141","1010","10.00","1",
"T-BQ142","1010","10.00","1",
"T-BQ143","1010","10.00","1",
"T-BQ144","1010","10.00","1",
"T-BQ145","1010","10.00","1",
"T-BQ146","1010","10.00","1",
"T-BQ147","1010","10.00","1",
"T-BQ148","1010","10.00","1",
"T-BQ149","1010","10.00","1",
"T-BQ150","1010","10.00","1",
"T-BQ151","1010","10.00","1",
"T-BQ152","1010","10.00","1",
"T-BQ153","1010","10.00","1",
"T-BQ154","1010","10.00","1",
"T-BQ155","1010","10.00","1",
"T-BQ156","1010","10.00","1",
"T-BQ157","1010","10.00","1",
"T-BQ158","1010","10.00","1",
"T-BQ159","1010","10.00","1",
"T-BQ160","1010","10.00","1",
"T-BQ161","1010","10.00","1",
"T-BQ162","1010","10.00","1",
"T-BQ163","1010","10.00","1",
"T-BQ164","1010","10.00","1",
"T-BQ165","1010","10.00","1",
"T-BQ166","1010","10.00","1",
"T-BQ167","1010","10.00","1",
"T-BQ168","1010","10.00","1",
"T-BQ169","1010","10.00","1",
"T-BQ170","1010","10.00","1",
"T-BQ171","1010","10.00","1",
"T-BQ172","1010","10.00","1",
"T-BQ173","1010","10.00","1",
"T-BQ174","1010","10.00","1",
"T-BQ175","1010","10.00","1",
"T-BQ176","1010","10.00","1",
"T-BQ177","1010","10.00","1",
"T-BQ178","1010","10.00","1",
"T-BQ179","1010","10.00","1",
"T-BQ180","1010","10.00","1",
"T-BQ181","1010","10.00","1",
"T-BQ182","1010","10.00","1",
"T-BQ183","1010","10.00","1",
"T-BQ184","1010","10.00","1",
"T-BQ185","1010","10.00","1",
"T-BQ186","1010","10.00","1",
"T-BQ187","1010","10.00","1",
"T-BQ188","1010","10.00","1",
"T-BQ189","1010","10.00","1",
"T-BQ190","1010","10.00","1",
"T-BQ191","1010","10.00","1",
"T-BQ192","1010","10.00","1",
"T-BQ193","1010","10.00","1",
"T-BQ194","1010","10.00","1",
"T-BQ195","1010","10.00","1",
"T-BQ196","1010","10.00","1",
"T-BQ197","1010","10.00","1",
"T-BQ198","1010","10.00","1",
"T-BQ199","1010","10.00","1",
"T-BQ200","1010","10.00","1",
"T-BQ201","1010","10.00","1",
"T-BQ202","1010","10.00","1",
"T-BQ203","1010","10.00","1",
"T-BQ204","1010","10.00","1",
"T-BQ205","1010","10.00","1",
"T-BQ206","1010","10.00","1",
"T-BQ207","1010","10.00","1",
"T-BQ208","1010","10.00","1",
"T-BQ209","1010","10.00","1",
"T-BQ210","1010","10.00","1",
"T-BQ211","1010","10.00","1",
"T-BQ212","1010","10.00","1",
"T-BQ213","1010","10.00","1",
"T-BQ214","1010","10.00","1",
"T-BQ215","1010","10.00","1",
"T-BQ216","1010","10.00","1",
"T-BQ217","1010","10.00","1",
"T-BQ218","1010","10.00","1",
"T-BQ219","1010","10.00","1",
"T-BQ220","1010","10.00","1",
"T-BQ221","1010","10.00","1",
"T-BQ222","1010","10.00","1",
"T-BQ223","1010","10.00","1",
"T-BQ224","1010","0","1",
"T-BQ225","1010","10.00","1",
"T-BQ226","1010","10.00","1",
"T-BQ227","1010","10.00","1",
"T-BQ228","1010","10.00","1",
"T-BQ229","1010","10.00","1",
"T-BQ230","1010","10.00","1",
"T-BQ231","1010","10.00","1",
"T-BQ232","1010","10.00","1",
"T-BQ233","1010","10.00","1",
"T-BQ234","1010","10.00","1",
"T-BQ235","1010","10.00","1",
"T-BQ236","1010","10.00","1",
"T-BQ237","1010","10.00","1",
"T-BQ238","1010","10.00","1",
"T-BQ239","1010","10.00","1",
"T-BQ240","1010","10.00","1",
"T-BQ241","1010","10.00","1",
"T-BQ242","1010","10.00","1",
"T-BQ243","1010","10.00","1",
"T-BQ244","1010","10.00","1",
"T-BQ245","1010","10.00","1",
"T-BQ246","1010","10.00","1",
"T-BQ247","1010","10.00","1",
"T-BQ248","1010","10.00","1",
"T-BQ249","1010","10.00","1",
"T-BQ250","1010","10.00","1",
"T-BQ251","1010","10.00","1",
"T-BQ252","1010","10.00","1",
"T-BQ253","1010","10.00","1",
"T-BQ254","1010","10.00","1",
"T-BQ255","1010","10.00","1",
"T-BQ256","1010","10.00","1",
"T-BQ257","1010","10.00","1",
"T-BQ258","1010","10.00","1",
"T-BQ259","1010","10.00","1",
"T-BQ260","1010","10.00","1",
"T-BQ261","1010","10.00","1",
"T-BQ262","1010","10.00","1",
"T-BQ263","1010","10.00","1",
"T-BQ264","1010","10.00","1",
"T-BQ265","1010","10.00","1",
"T-BQ266","1010","10.00","1",
"T-BQ267","1010","10.00","1",
"T-BQ268","1010","10.00","1",
"T-BQ269","1010","10.00","1",
"T-BQ270","1010","10.00","1",
"T-BQ271","1010","10.00","1",
"T-BQ272","1010","10.00","1",
"T-BQ273","1010","10.00","1",
"T-BQ274","1010","10.00","1",
"T-BQ275","1010","10.00","1",
"T-BQ276","1010","10.00","1",
"T-BQ277","1010","10.00","1",
"T-BQ278","1010","10.00","1",
"T-BQ279","1010","10.00","1",
"T-BQ280","1010","10.00","1",
"T-BQ281","1010","10.00","1",
"T-BQ282","1010","10.00","1",
"T-BQ283","1010","10.00","1",
"T-BQ284","1010","10.00","1",
"T-BQ285","1010","10.00","1",
"T-BQ286","1010","10.00","1",
"T-BQ287","1010","10.00","1",
"T-BQ288","1010","10.00","1",
"T-BQ289","1010","10.00","1",
"T-BQ290","1010","10.00","1",
"T-BQ291","1010","10.00","1",
"T-BQ292","1010","10.00","1",
"T-BQ293","1010","10.00","1",
"T-BQ294","1010","10.00","1",
"T-BQ295","1010","10.00","1",
"T-BQ296","1010","10.00","1",
"T-BQ297","1010","10.00","1",
"T-BQ298","1010","10.00","1",
"T-BQ299","1010","10.00","1",
"T-BQ300","1010","10.00","1",
"T-BQ301","1010","10.00","1",
"T-BQ302","1010","10.00","1",
"T-BQ303","1010","10.00","1",
"T-BQ304","1010","10.00","1",
"T-BQ305","1010","10.00","1",
"T-BQ306","1010","10.00","1",
"T-BQ307","1010","10.00","1",
"T-BQ308","1010","10.00","1",
"T-BQ309","1010","10.00","1",
"T-BQ310","1010","10.00","1",
"T-BQ311","1010","10.00","1",
"T-BQ312","1010","10.00","1",
"T-BQ313","1010","10.00","1",
"T-BQ314","1010","10.00","1",
"T-BQ315","1010","10.00","1",
"T-BQ316","1010","10.00","1",
"T-BQ317","1010","10.00","1",
"T-BQ318","1010","10.00","1",
"T-BQ319","1010","10.00","1",
"T-BQ320","1010","10.00","1",
"T-BQ321","1010","10.00","1",
"T-BQ322","1010","10.00","1",
"T-BQ323","1010","10.00","1",
"T-BQ324","1010","10.00","1",
"T-BQ325","1010","10.00","1",
"T-BQ326","1010","10.00","1",
"T-BQ327","1010","10.00","1",
"T-BQ328","1010","10.00","1",
"T-BQ329","1010","10.00","1",
"T-BQ330","1010","10.00","1",
"T-BQ331","1010","10.00","1",
"T-BQ332","1010","10.00","1",
"T-BQ333","1010","10.00","1",
"T-BQ334","1010","10.00","1",
"T-BQ335","1010","10.00","1",
"T-BQ336","1010","10.00","1",
"T-BQ337","1010","10.00","1",
"T-BQ338","1010","10.00","1",
"T-BQ339","1010","10.00","1",
"T-BQ340","1010","10.00","1",
"T-BQ341","1010","10.00","1",
"T-BQ342","1010","10.00","1",
"T-BQ343","1010","10.00","1",
"T-BQ344","1010","10.00","1",
"T-BQ345","1010","10.00","1",
"T-BQ346","1010","10.00","1",
"T-BQ347","1010","10.00","1",
"T-BQ348","1010","10.00","1",
"T-BQ349","1010","10.00","1",
"T-BQ350","1010","10.00","1",
"T-BQ351","1010","10.00","1",
"T-BQ352","1010","10.00","1",
"T-BQ353","1010","10.00","1",
"T-BQ354","1010","10.00","1",
"T-BQ355","1010","10.00","1",
"T-BQ356","1010","10.00","1",
"T-BQ357","1010","10.00","1",
"T-BQ358","1010","10.00","1",
"T-BQ359","1010","10.00","1",
"T-BQ360","1010","10.00","1",
"T-BQ361","1010","10.00","1",
"T-BQ362","1010","10.00","1",
"T-BQ363","1010","10.00","1",
"T-BQ364","1010","10.00","1",
"T-BQ365","1010","10.00","1",
"T-BQ366","1010","10.00","1",
"T-BQ367","1010","10.00","1",
"T-BQ368","1010","10.00","1",
"T-BQ369","1010","10.00","1",
"T-BQ370","1010","10.00","1",
"T-BQ371","1010","10.00","1",
"T-BQ372","1010","10.00","1",
"T-BQ373","1010","10.00","1",
"T-BQ374","1010","10.00","1",
"T-BQ375","1010","10.00","1",
"T-BQ376","1010","10.00","1",
"T-BQ377","1010","10.00","1",
"T-BQ378","1010","10.00","1",
"T-BQ379","1010","10.00","1",
"T-BQ380","1010","10.00","1",
"T-BQ381","1010","10.00","1",
"T-BQ382","1010","10.00","1",
"T-BQ383","1010","10.00","1",
"T-BQ384","1010","10.00","1",
"T-BQ385","1010","10.00","1",
"T-BQ386","1010","10.00","1",
"T-BQ387","1010","10.00","1",
"T-BQ388","1010","10.00","1",
"T-BQ389","1010","10.00","1",
"T-BQ390","1010","10.00","1",
"T-BQ391","1010","10.00","1",
"T-BQ392","1010","10.00","1",
"T-BQ393","1010","10.00","1",
"T-BQ394","1010","10.00","1",
"T-BQ395","1010","10.00","1",
"T-BQ396","1010","10.00","1",
"T-BQ397","1010","10.00","1",
"T-BQ398","1010","10.00","1",
"T-BQ399","1010","10.00","1",
"T-BQB100","1010","10.00","1",
"T-BQB101","1010","10.00","1",
"T-BQB102","1010","10.00","1",
"T-BQB103","1010","10.00","1",
"T-BQB104","1010","10.00","1",
"T-BQB105","1010","10.00","1",
"T-BQB106","1010","10.00","1",
"T-BQB107","1010","10.00","1",
"T-BQB108","1010","10.00","1",
"T-BQB109","1010","10.00","1",
"T-BQB110","1010","10.00","1",
"T-BQB111","1010","10.00","1",
"T-BQB112","1010","10.00","1",
"T-BQB113","1010","10.00","1",
"T-BQB114","1010","10.00","1",
"T-BQB115","1010","10.00","1",
"T-BQB116","1010","10.00","1",
"T-BQB117","1010","10.00","1",
"T-BQB118","1010","10.00","1",
"T-BQB119","1010","10.00","1",
"T-BQB120","1010","10.00","1",
"T-BQB121","1010","10.00","1",
"T-BQB122","1010","10.00","1",
"T-BQB123","1010","10.00","1",
"T-BQB124","1010","10.00","1",
"T-BQB125","1010","10.00","1",
"T-BQB126","1010","10.00","1",
"T-BQB127","1010","10.00","1",
"T-BQB128","1010","10.00","1",
"T-BQB129","1010","10.00","1",
"T-BQB130","1010","10.00","1",
"T-BQB199","1010","10.00","1",
"T-F01","1010","40195.56","1",
"T-F100","1010","181.24","1",
"T-F101","1010","181.24","1",
"T-F102","1010","181.24","1",
"T-F103","1010","181.24","1",
"T-F104","1010","181.24","1",
"T-F105","1010","181.24","1",
"T-F106","1010","181.24","1",
"T-F107","1010","181.24","1",
"T-F108","1010","181.24","1",
"T-F109","1010","181.24","1",
"T-F110","1010","181.24","1",
"T-F111","1010","181.24","1",
"T-F112","1010","181.24","1",
"T-F113","1010","181.24","1",
"T-F114","1010","181.24","1",
"T-F115","1010","181.24","1",
"T-F116","1010","181.24","1",
"T-F117","1010","181.24","1",
"T-F118","1010","181.24","1",
"T-F119","1010","181.24","1",
"T-F120","1010","181.24","1",
"T-F121","1010","181.24","1",
"T-F122","1010","181.24","1",
"T-F123","1010","181.24","1",
"T-F124","1010","181.24","1",
"T-F125","1010","181.24","1",
"T-F126","1010","181.24","1",
"T-F127","1010","181.24","1",
"T-F128","1010","181.24","1",
"T-F129","1010","181.24","1",
"T-F130","1010","181.24","1",
"T-F131","1010","145.30","1",
"T-F132","1010","145.30","1",
"T-F133","1010","145.30","1",
"T-F134","1010","145.30","1",
"T-F135","1010","145.30","1",
"T-F136","1010","145.30","1",
"T-F137","1010","145.30","1",
"T-F138","1010","145.30","1",
"T-F139","1010","145.30","1",
"T-F140","1010","145.30","1",
"T-F141","1010","181.24","1",
"T-F142","1010","181.24","1",
"T-F143","1010","181.24","1",
"T-F144","1010","181.24","1",
"T-F145","1010","181.24","1",
"T-F146","1010","181.24","1",
"T-F147","1010","181.24","1",
"T-F148","1010","181.24","1",
"T-F149","1010","181.24","1",
"T-F150","1010","181.24","1",
"T-F151","1010","181.24","1",
"T-F152","1010","181.24","1",
"T-F153","1010","181.24","1",
"T-F154","1010","181.24","1",
"T-F155","1010","181.24","1",
"T-F156","1010","181.24","1",
"T-F157","1010","181.24","1",
"T-F158","1010","181.24","1",
"T-F159","1010","181.24","1",
"T-F160","1010","181.24","1",
"T-F161","1010","181.24","1",
"T-F162","1010","181.24","1",
"T-F163","1010","181.24","1",
"T-F164","1010","181.24","1",
"T-F165","1010","181.24","1",
"T-F166","1010","181.24","1",
"T-F167","1010","181.24","1",
"T-F168","1010","181.24","1",
"T-F169","1010","181.24","1",
"T-F170","1010","181.24","1",
"T-F171","1010","181.24","1",
"T-F172","1010","181.24","1",
"T-F173","1010","181.24","1",
"T-F174","1010","181.24","1",
"T-F175","1010","181.24","1",
"T-F176","1010","181.24","1",
"T-F177","1010","181.24","1",
"T-F178","1010","181.24","1",
"T-F179","1010","181.24","1",
"T-F180","1010","181.24","1",
"T-F181","1010","181.24","1",
"T-F182","1010","181.24","1",
"T-F183","1010","181.24","1",
"T-F184","1010","181.24","1",
"T-F185","1010","181.24","1",
"T-F186","1010","181.24","1",
"T-F187","1010","181.24","1",
"T-F188","1010","181.24","1",
"T-F189","1010","181.24","1",
"T-F190","1010","181.24","1",
"T-F191","1010","181.24","1",
"T-F192","1010","181.24","1",
"T-F193","1010","181.24","1",
"T-F194","1010","181.24","1",
"T-F195","1010","181.24","1",
"T-F196","1010","181.24","1",
"T-F197","1010","181.24","1",
"T-F198","1010","181.24","1",
"T-F199","1010","181.24","1",
"T-F200","1010","126.07","1",
"T-F201","1010","126.07","1",
"T-F202","1010","126.07","1",
"T-F203","1010","126.07","1",
"T-F204","1010","126.07","1",
"T-F205","1010","126.07","1",
"T-F206","1010","126.07","1",
"T-F207","1010","126.07","1",
"T-F208","1010","126.07","1",
"T-F209","1010","126.07","1",
"T-F210","1010","126.07","1",
"T-F211","1010","126.07","1",
"T-F212","1010","126.07","1",
"T-F213","1010","126.07","1",
"T-F214","1010","126.07","1",
"T-F215","1010","126.07","1",
"T-F216","1010","126.07","1",
"T-F217","1010","126.07","1",
"T-F218","1010","126.07","1",
"T-F219","1010","126.07","1",
"T-F220","1010","126.07","1",
"T-F221","1010","126.07","1",
"T-F222","1010","126.07","1",
"T-F223","1010","126.07","1",
"T-F224","1010","126.07","1",
"T-F225","1010","126.07","1",
"T-F226","1010","126.07","1",
"T-F227","1010","126.07","1",
"T-F228","1010","126.07","1",
"T-F229","1010","126.07","1",
"T-F230","1010","126.07","1",
"T-F231","1010","126.07","1",
"T-F232","1010","126.07","1",
"T-F233","1010","126.07","1",
"T-F234","1010","126.07","1",
"T-F235","1010","126.07","1",
"T-F236","1010","126.07","1",
"T-F237","1010","126.07","1",
"T-F238","1010","126.07","1",
"T-F239","1010","126.07","1",
"T-F240","1010","126.07","1",
"T-F241","1010","126.07","1",
"T-F242","1010","126.07","1",
"T-F243","1010","126.07","1",
"T-F244","1010","126.07","1",
"T-F245","1010","126.07","1",
"T-F246","1010","126.07","1",
"T-F247","1010","126.07","1",
"T-F248","1010","126.07","1",
"T-F249","1010","126.07","1",
"T-F250","1010","126.07","1",
"T-F251","1010","126.07","1",
"T-F252","1010","126.07","1",
"T-F253","1010","126.07","1",
"T-F254","1010","126.07","1",
"T-F255","1010","126.07","1",
"T-F256","1010","126.07","1",
"T-F257","1010","126.07","1",
"T-F258","1010","126.07","1",
"T-F259","1010","126.07","1",
"T-F260","1010","126.07","1",
"T-F261","1010","126.07","1",
"T-F262","1010","126.07","1",
"T-F263","1010","126.07","1",
"T-F264","1010","126.07","1",
"T-F265","1010","126.07","1",
"T-F266","1010","126.07","1",
"T-F267","1010","126.07","1",
"T-F268","1010","126.07","1",
"T-F269","1010","126.07","1",
"T-F270","1010","126.07","1",
"T-F271","1010","126.07","1",
"T-F272","1010","126.07","1",
"T-F273","1010","126.07","1",
"T-F274","1010","126.07","1",
"T-F275","1010","126.07","1",
"T-F276","1010","126.07","1",
"T-F277","1010","126.07","1",
"T-F278","1010","126.07","1",
"T-F279","1010","126.07","1",
"T-F280","1010","126.07","1",
"T-F281","1010","126.07","1",
"T-F282","1010","126.07","1",
"T-F283","1010","126.07","1",
"T-F284","1010","126.07","1",
"T-F285","1010","126.07","1",
"T-F286","1010","126.07","1",
"T-F287","1010","126.07","1",
"T-F288","1010","126.07","1",
"T-F289","1010","126.07","1",
"T-F290","1010","126.07","1",
"T-F291","1010","126.07","1",
"T-F292","1010","126.07","1",
"T-F293","1010","126.07","1",
"T-F294","1010","126.07","1",
"T-F295","1010","126.07","1",
"T-F296","1010","126.07","1",
"T-F297","1010","126.07","1",
"T-F298","1010","126.07","1",
"T-F299","1010","126.07","1",
"T-F300","1010","126.07","1",
"T-F301","1010","126.07","1",
"T-F302","1010","126.07","1",
"T-F303","1010","126.07","1",
"T-F304","1010","126.07","1",
"T-F305","1010","126.07","1",
"T-F306","1010","126.07","1",
"T-F307","1010","126.07","1",
"T-F308","1010","126.07","1",
"T-F309","1010","126.07","1",
"T-F310","1010","126.07","1",
"T-F311","1010","126.07","1",
"T-F312","1010","126.07","1",
"T-F313","1010","126.07","1",
"T-F314","1010","126.07","1",
"T-F315","1010","126.07","1",
"T-F316","1010","126.07","1",
"T-F317","1010","126.07","1",
"T-F318","1010","126.07","1",
"T-F319","1010","126.07","1",
"T-F320","1010","126.07","1",
"T-F321","1010","126.07","1",
"T-F322","1010","126.07","1",
"T-F323","1010","126.07","1",
"T-F324","1010","126.07","1",
"T-F325","1010","126.07","1",
"T-F326","1010","126.07","1",
"T-F327","1010","126.07","1",
"T-F328","1010","126.07","1",
"T-F329","1010","126.07","1",
"T-F330","1010","126.07","1",
"T-F331","1010","126.07","1",
"T-F332","1010","126.07","1",
"T-F333","1010","126.07","1",
"T-F334","1010","126.07","1",
"T-F335","1010","126.07","1",
"T-F336","1010","126.07","1",
"T-F337","1010","126.07","1",
"T-F338","1010","126.07","1",
"T-F339","1010","126.07","1",
"T-F340","1010","126.07","1",
"T-F341","1010","126.07","1",
"T-F342","1010","126.07","1",
"T-F343","1010","126.07","1",
"T-F344","1010","126.07","1",
"T-F345","1010","126.07","1",
"T-F346","1010","126.07","1",
"T-F347","1010","126.07","1",
"T-F348","1010","126.07","1",
"T-F349","1010","126.07","1",
"T-F350","1010","126.07","1",
"T-F351","1010","126.07","1",
"T-F352","1010","126.07","1",
"T-F353","1010","126.07","1",
"T-F354","1010","126.07","1",
"T-F355","1010","126.07","1",
"T-F356","1010","126.07","1",
"T-F357","1010","126.07","1",
"T-F358","1010","126.07","1",
"T-F359","1010","126.07","1",
"T-F360","1010","126.07","1",
"T-F361","1010","126.07","1",
"T-F362","1010","126.07","1",
"T-F363","1010","126.07","1",
"T-F364","1010","126.07","1",
"T-F365","1010","126.07","1",
"T-F366","1010","126.07","1",
"T-F367","1010","126.07","1",
"T-F368","1010","126.07","1",
"T-F369","1010","126.07","1",
"T-F370","1010","126.07","1",
"T-F371","1010","126.07","1",
"T-F372","1010","126.07","1",
"T-F373","1010","126.07","1",
"T-F374","1010","126.07","1",
"T-F375","1010","126.07","1",
"T-F376","1010","126.07","1",
"T-F377","1010","126.07","1",
"T-F378","1010","126.07","1",
"T-F379","1010","126.07","1",
"T-F380","1010","126.07","1",
"T-F381","1010","126.07","1",
"T-F382","1010","126.07","1",
"T-F383","1010","126.07","1",
"T-F384","1010","126.07","1",
"T-F385","1010","126.07","1",
"T-F386","1010","126.07","1",
"T-F387","1010","126.07","1",
"T-F388","1010","126.07","1",
"T-F389","1010","126.07","1",
"T-F390","1010","126.07","1",
"T-F391","1010","126.07","1",
"T-F392","1010","126.07","1",
"T-F393","1010","126.07","1",
"T-F394","1010","126.07","1",
"T-F395","1010","126.07","1",
"T-F396","1010","126.07","1",
"T-F397","1010","126.07","1",
"T-F398","1010","126.07","1",
"T-F399","1010","126.07","1",
"T-F400","1010","126.07","1",
"T-F401","1010","126.07","1",
"T-F402","1010","126.07","1",
"T-F403","1010","126.07","1",
"T-F404","1010","126.07","1",
"T-F405","1010","126.07","1",
"T-F406","1010","126.07","1",
"T-F407","1010","126.07","1",
"T-F408","1010","126.07","1",
"T-F409","1010","126.07","1",
"T-F410","1010","126.07","1",
"T-F411","1010","126.07","1",
"T-F412","1010","126.07","1",
"T-F413","1010","126.07","1",
"T-F414","1010","126.07","1",
"T-F415","1010","126.07","1",
"T-F416","1010","126.07","1",
"T-F417","1010","126.07","1",
"T-F418","1010","126.07","1",
"T-F419","1010","126.07","1",
"T-F420","1010","126.07","1",
"T-F421","1010","126.07","1",
"T-F422","1010","126.07","1",
"T-F423","1010","126.07","1",
"T-F424","1010","126.07","1",
"T-F425","1010","126.07","1",
"T-F426","1010","126.07","1",
"T-F427","1010","126.07","1",
"T-F428","1010","126.07","1",
"T-F429","1010","126.07","1",
"T-F430","1010","126.07","1",
"T-F431","1010","126.07","1",
"T-F432","1010","126.07","1",
"T-F433","1010","126.07","1",
"T-F434","1010","126.07","1",
"T-F435","1010","126.07","1",
"T-F436","1010","126.07","1",
"T-F437","1010","126.07","1",
"T-F438","1010","126.07","1",
"T-F439","1010","126.07","1",
"T-F440","1010","126.07","1",
"T-F441","1010","126.07","1",
"T-F442","1010","126.07","1",
"T-F443","1010","126.07","1",
"T-F444","1010","126.07","1",
"T-F445","1010","126.07","1",
"T-F446","1010","126.07","1",
"T-F447","1010","126.07","1",
"T-F448","1010","126.07","1",
"T-F449","1010","126.07","1",
"T-F450","1010","126.07","1",
"T-F451","1010","126.07","1",
"T-F452","1010","126.07","1",
"T-F453","1010","126.07","1",
"T-F454","1010","126.07","1",
"T-F455","1010","126.07","1",
"T-F456","1010","126.07","1",
"T-F457","1010","126.07","1",
"T-F458","1010","126.07","1",
"T-F459","1010","126.07","1",
"T-F460","1010","126.07","1",
"T-F461","1010","126.07","1",
"T-F462","1010","126.07","1",
"T-F463","1010","126.07","1",
"T-F464","1010","126.07","1",
"T-F465","1010","126.07","1",
"T-F466","1010","126.07","1",
"T-F467","1010","126.07","1",
"T-F468","1010","126.07","1",
"T-F469","1010","126.07","1",
"T-F470","1010","126.07","1",
"T-F471","1010","126.07","1",
"T-F472","1010","126.07","1",
"T-F473","1010","126.07","1",
"T-F474","1010","126.07","1",
"T-F475","1010","126.07","1",
"T-F476","1010","126.07","1",
"T-F477","1010","126.07","1",
"T-F478","1010","126.07","1",
"T-F479","1010","126.07","1",
"T-F480","1010","126.07","1",
"T-F481","1010","126.07","1",
"T-F482","1010","126.07","1",
"T-F483","1010","126.07","1",
"T-F484","1010","126.07","1",
"T-F485","1010","126.07","1",
"T-F486","1010","126.07","1",
"T-F487","1010","126.07","1",
"T-F488","1010","126.07","1",
"T-F489","1010","126.07","1",
"T-F490","1010","126.07","1",
"T-F491","1010","126.07","1",
"T-F492","1010","126.07","1",
"T-F493","1010","126.07","1",
"T-F494","1010","126.07","1",
"T-F495","1010","126.07","1",
"T-F496","1010","126.07","1",
"T-F497","1010","126.07","1",
"T-F498","1010","126.07","1",
"T-F499","1010","126.07","1",
"T-FBC100","1010","44.71","1",
"T-FBC101","1010","44.71","1",
"T-FBC102","1010","44.71","1",
"T-FBC103","1010","44.71","1",
"T-FBC104","1010","44.71","1",
"T-FBC105","1010","44.71","1",
"T-FBC106","1010","44.71","1",
"T-FBC107","1010","44.71","1",
"T-FBC108","1010","44.71","1",
"T-FBC109","1010","44.71","1",
"T-FBC110","1010","44.71","1",
"T-FBC111","1010","44.71","1",
"T-FBC112","1010","44.71","1",
"T-FBC113","1010","44.71","1",
"T-FBC114","1010","44.71","1",
"T-FBC115","1010","44.71","1",
"T-FBC116","1010","44.71","1",
"T-FBC117","1010","44.71","1",
"T-FBC118","1010","44.71","1",
"T-FBC119","1010","44.71","1",
"T-FBC120","1010","44.71","1",
"T-FBC121","1010","44.71","1",
"T-FBC122","1010","44.71","1",
"T-FBC123","1010","44.71","1",
"T-FBC124","1010","44.71","1",
"T-FBC125","1010","44.71","1",
"T-FBC126","1010","44.71","1",
"T-FBC127","1010","44.71","1",
"T-FBC128","1010","44.71","1",
"T-FBC129","1010","44.71","1",
"T-FBC130","1010","44.71","1",
"T-FBC131","1010","44.71","1",
"T-FBC132","1010","44.71","1",
"T-FBC133","1010","44.71","1",
"T-FBC134","1010","44.71","1",
"T-FBC135","1010","44.71","1",
"T-FBC136","1010","44.71","1",
"T-FBC137","1010","44.71","1",
"T-FBC138","1010","44.71","1",
"T-FBC139","1010","44.71","1",
"T-FBC140","1010","44.71","1",
"T-FBC141","1010","44.71","1",
"T-FBC142","1010","44.71","1",
"T-FBC143","1010","44.71","1",
"T-FBC144","1010","44.71","1",
"T-FBC145","1010","44.71","1",
"T-FBC146","1010","44.71","1",
"T-FBC147","1010","44.71","1",
"T-FBC148","1010","44.71","1",
"T-FBC149","1010","44.71","1",
"T-FBC150","1010","44.71","1",
"T-FBC151","1010","44.71","1",
"T-FBC152","1010","44.71","1",
"T-FBC153","1010","44.71","1",
"T-FBC154","1010","44.71","1",
"T-FBC155","1010","44.71","1",
"T-FBC156","1010","44.71","1",
"T-FBC157","1010","44.71","1",
"T-FBC158","1010","44.71","1",
"T-FBC159","1010","44.71","1",
"T-FBC160","1010","44.71","1",
"T-FBC161","1010","44.71","1",
"T-FBC162","1010","44.71","1",
"T-FBC163","1010","44.71","1",
"T-FBC164","1010","44.71","1",
"T-FBC165","1010","44.71","1",
"T-FBC166","1010","44.71","1",
"T-FBC167","1010","44.71","1",
"T-FBC168","1010","44.71","1",
"T-FBC169","1010","44.71","1",
"T-FBC170","1010","44.71","1",
"T-FBC171","1010","44.71","1",
"T-FBC172","1010","44.71","1",
"T-FBC173","1010","44.71","1",
"T-FBC174","1010","44.71","1",
"T-FBC175","1010","44.71","1",
"T-FBC176","1010","44.71","1",
"T-FBC177","1010","44.71","1",
"T-FBC178","1010","44.71","1",
"T-FBC179","1010","44.71","1",
"T-FBC180","1010","44.71","1",
"T-FBC181","1010","44.71","1",
"T-FBC182","1010","44.71","1",
"T-FBC183","1010","44.71","1",
"T-FBC184","1010","44.71","1",
"T-FBC185","1010","44.71","1",
"T-FBC186","1010","44.71","1",
"T-FBC187","1010","44.71","1",
"T-FBC188","1010","44.71","1",
"T-FBC189","1010","44.71","1",
"T-FBC190","1010","44.71","1",
"T-FBC191","1010","44.71","1",
"T-FBC192","1010","44.71","1",
"T-FBC193","1010","44.71","1",
"T-FBC194","1010","44.71","1",
"T-FBC195","1010","44.71","1",
"T-FBC196","1010","44.71","1",
"T-FBC197","1010","44.71","1",
"T-FBC198","1010","44.71","1",
"T-FBC199","1010","44.71","1",
"T-FBC200","1010","43.04","1",
"T-FBC201","1010","43.04","1",
"T-FBC202","1010","43.04","1",
"T-FBC203","1010","43.04","1",
"T-FBC204","1010","43.04","1",
"T-FBC205","1010","43.04","1",
"T-FBC206","1010","43.04","1",
"T-FBC207","1010","43.04","1",
"T-FBC208","1010","43.04","1",
"T-FBC209","1010","43.04","1",
"T-FBC210","1010","43.04","1",
"T-FBC211","1010","43.04","1",
"T-FBC212","1010","43.04","1",
"T-FBC213","1010","43.04","1",
"T-FBC214","1010","43.04","1",
"T-FBC215","1010","43.04","1",
"T-FBC216","1010","43.04","1",
"T-FBC217","1010","43.04","1",
"T-FBC218","1010","43.04","1",
"T-FBC219","1010","43.04","1",
"T-FBC220","1010","43.04","1",
"T-FBC221","1010","43.04","1",
"T-FBC222","1010","43.04","1",
"T-FBC223","1010","43.04","1",
"T-FBC224","1010","43.04","1",
"T-FBC225","1010","43.04","1",
"T-FBC226","1010","43.04","1",
"T-FBC227","1010","43.04","1",
"T-FBC228","1010","43.04","1",
"T-FBC229","1010","43.04","1",
"T-FBC230","1010","43.04","1",
"T-FBC231","1010","43.04","1",
"T-FBC232","1010","43.04","1",
"T-FBC233","1010","43.04","1",
"T-FBC234","1010","43.04","1",
"T-FBC235","1010","43.04","1",
"T-FBC236","1010","43.04","1",
"T-FBC237","1010","43.04","1",
"T-FBC238","1010","43.04","1",
"T-FBC239","1010","43.04","1",
"T-FBC240","1010","43.04","1",
"T-FBC241","1010","43.04","1",
"T-FBC242","1010","43.04","1",
"T-FBC243","1010","43.04","1",
"T-FBC244","1010","43.04","1",
"T-FBC245","1010","43.04","1",
"T-FBC246","1010","43.04","1",
"T-FBC247","1010","43.04","1",
"T-FBC248","1010","43.04","1",
"T-FBC249","1010","43.04","1",
"T-FBC250","1010","43.04","1",
"T-FBC251","1010","43.04","1",
"T-FBC252","1010","43.04","1",
"T-FBC253","1010","43.04","1",
"T-FBC254","1010","43.04","1",
"T-FBC255","1010","43.04","1",
"T-FBC256","1010","43.04","1",
"T-FBC257","1010","43.04","1",
"T-FBC258","1010","43.04","1",
"T-FBC259","1010","43.04","1",
"T-FBC260","1010","43.04","1",
"T-FBC261","1010","43.04","1",
"T-FBC262","1010","43.04","1",
"T-FBC263","1010","43.04","1",
"T-FBC264","1010","43.04","1",
"T-FBC265","1010","43.04","1",
"T-FBC266","1010","43.04","1",
"T-FBC267","1010","43.04","1",
"T-FBC268","1010","43.04","1",
"T-FBC269","1010","43.04","1",
"T-FBC270","1010","43.04","1",
"T-FBC271","1010","43.04","1",
"T-FBC272","1010","43.04","1",
"T-FBC273","1010","43.04","1",
"T-FBC274","1010","43.04","1",
"T-FBC275","1010","43.04","1",
"T-FBC276","1010","43.04","1",
"T-FBC277","1010","43.04","1",
"T-FBC278","1010","43.04","1",
"T-FBC279","1010","43.04","1",
"T-FBC280","1010","43.04","1",
"T-FBC281","1010","43.04","1",
"T-FBC282","1010","43.04","1",
"T-FBC283","1010","43.04","1",
"T-FBC284","1010","43.04","1",
"T-FBC285","1010","43.04","1",
"T-FBC286","1010","43.04","1",
"T-FBC287","1010","43.04","1",
"T-FBC288","1010","43.04","1",
"T-FBC289","1010","43.04","1",
"T-FBC290","1010","43.04","1",
"T-FBC291","1010","43.04","1",
"T-FBC292","1010","43.04","1",
"T-FBC293","1010","43.04","1",
"T-FBC294","1010","43.04","1",
"T-FBC295","1010","43.04","1",
"T-FBC296","1010","43.04","1",
"T-FBC297","1010","43.04","1",
"T-FBC298","1010","43.04","1",
"T-FBC299","1010","43.04","1",
"T-FBC300","1010","43.04","1",
"T-FBC301","1010","43.04","1",
"T-FBC302","1010","43.04","1",
"T-FBC303","1010","43.04","1",
"T-FBC304","1010","43.04","1",
"T-FBC305","1010","43.04","1",
"T-FBC306","1010","43.04","1",
"T-FBC307","1010","43.04","1",
"T-FBC308","1010","43.04","1",
"T-FBC309","1010","43.04","1",
"T-FBC310","1010","43.04","1",
"T-FBC311","1010","43.04","1",
"T-FBC312","1010","43.04","1",
"T-FBC313","1010","43.04","1",
"T-FBC314","1010","43.04","1",
"T-FBC315","1010","43.04","1",
"T-FBC316","1010","43.04","1",
"T-FBC317","1010","43.04","1",
"T-FBC318","1010","43.04","1",
"T-FBC319","1010","43.04","1",
"T-FBC320","1010","43.04","1",
"T-FBC321","1010","43.04","1",
"T-FBC322","1010","43.04","1",
"T-FBC323","1010","43.04","1",
"T-FBC324","1010","43.04","1",
"T-FBC325","1010","43.04","1",
"T-FBC326","1010","43.04","1",
"T-FBC327","1010","43.04","1",
"T-FBC328","1010","43.04","1",
"T-FBC329","1010","43.04","1",
"T-FBC330","1010","43.04","1",
"T-FBC331","1010","43.04","1",
"T-FBC332","1010","43.04","1",
"T-FBC333","1010","43.04","1",
"T-FBC334","1010","43.04","1",
"T-FBC335","1010","43.04","1",
"T-FBC336","1010","43.04","1",
"T-FBC337","1010","43.04","1",
"T-FBC338","1010","43.04","1",
"T-FBC339","1010","43.04","1",
"T-FBC340","1010","43.04","1",
"T-FBC341","1010","43.04","1",
"T-FBC342","1010","43.04","1",
"T-FBC343","1010","43.04","1",
"T-FBC344","1010","43.04","1",
"T-FBC345","1010","43.04","1",
"T-FBC346","1010","43.04","1",
"T-FBC347","1010","43.04","1",
"T-FBC348","1010","43.04","1",
"T-FBC349","1010","43.04","1",
"T-FBC350","1010","43.04","1",
"T-FBC351","1010","43.04","1",
"T-FBC352","1010","43.04","1",
"T-FBC353","1010","43.04","1",
"T-FBC354","1010","43.04","1",
"T-FBC355","1010","43.04","1",
"T-FBC356","1010","43.04","1",
"T-FBC357","1010","43.04","1",
"T-FBC358","1010","43.04","1",
"T-FBC359","1010","43.04","1",
"T-FBC360","1010","43.04","1",
"T-FBC361","1010","43.04","1",
"T-FBC362","1010","43.04","1",
"T-FBC363","1010","43.04","1",
"T-FBC364","1010","43.04","1",
"T-FBC365","1010","43.04","1",
"T-FBC366","1010","43.04","1",
"T-FBC367","1010","43.04","1",
"T-FBC368","1010","43.04","1",
"T-FBC369","1010","43.04","1",
"T-FBC370","1010","43.04","1",
"T-FBC371","1010","43.04","1",
"T-FBC372","1010","43.04","1",
"T-FBC373","1010","43.04","1",
"T-FBC374","1010","43.04","1",
"T-FBC375","1010","43.04","1",
"T-FBC376","1010","43.04","1",
"T-FBC377","1010","43.04","1",
"T-FBC378","1010","43.04","1",
"T-FBC379","1010","43.04","1",
"T-FBC380","1010","43.04","1",
"T-FBC381","1010","43.04","1",
"T-FBC382","1010","43.04","1",
"T-FBC383","1010","43.04","1",
"T-FBC384","1010","43.04","1",
"T-FBC385","1010","43.04","1",
"T-FBC386","1010","43.04","1",
"T-FBC387","1010","43.04","1",
"T-FBC388","1010","43.04","1",
"T-FBC389","1010","43.04","1",
"T-FBC390","1010","43.04","1",
"T-FBC391","1010","43.04","1",
"T-FBC392","1010","43.04","1",
"T-FBC393","1010","43.04","1",
"T-FBC394","1010","43.04","1",
"T-FBC395","1010","43.04","1",
"T-FBC396","1010","43.04","1",
"T-FBC397","1010","43.04","1",
"T-FBC398","1010","43.04","1",
"T-FBC399","1010","43.04","1",
"T-FBC400","1010","43.04","1",
"T-FBC401","1010","43.04","1",
"T-FBC402","1010","43.04","1",
"T-FBC403","1010","43.04","1",
"T-FBC404","1010","43.04","1",
"T-FBC405","1010","43.04","1",
"T-FBC406","1010","43.04","1",
"T-FBC407","1010","43.04","1",
"T-FBC408","1010","43.04","1",
"T-FBC409","1010","43.04","1",
"T-FBC410","1010","43.04","1",
"T-FBC411","1010","43.04","1",
"T-FBC412","1010","43.04","1",
"T-FBC413","1010","43.04","1",
"T-FBC414","1010","43.04","1",
"T-FBC415","1010","43.04","1",
"T-FBC416","1010","43.04","1",
"T-FBC417","1010","43.04","1",
"T-FBC418","1010","43.04","1",
"T-FBC419","1010","43.04","1",
"T-FBC420","1010","43.04","1",
"T-FBC421","1010","43.04","1",
"T-FBC422","1010","43.04","1",
"T-FBC423","1010","43.04","1",
"T-FBC424","1010","43.04","1",
"T-FBC425","1010","43.04","1",
"T-FBC426","1010","43.04","1",
"T-FBC427","1010","43.04","1",
"T-FBC428","1010","43.04","1",
"T-FBC429","1010","43.04","1",
"T-FBC430","1010","43.04","1",
"T-FBC431","1010","43.04","1",
"T-FBC432","1010","43.04","1",
"T-FBC433","1010","43.04","1",
"T-FBC434","1010","43.04","1",
"T-FBC435","1010","43.04","1",
"T-FBC436","1010","43.04","1",
"T-FBC437","1010","43.04","1",
"T-FBC438","1010","43.04","1",
"T-FBC439","1010","43.04","1",
"T-FBC440","1010","43.04","1",
"T-FBC441","1010","43.04","1",
"T-FBC442","1010","43.04","1",
"T-FBC443","1010","43.04","1",
"T-FBC444","1010","43.04","1",
"T-FBC445","1010","43.04","1",
"T-FBC446","1010","43.04","1",
"T-FBC447","1010","43.04","1",
"T-FBC448","1010","43.04","1",
"T-FBC449","1010","43.04","1",
"T-FBC450","1010","43.04","1",
"T-FBC451","1010","43.04","1",
"T-FBC452","1010","43.04","1",
"T-FBC453","1010","43.04","1",
"T-FBC454","1010","43.04","1",
"T-FBC455","1010","43.04","1",
"T-FBC456","1010","43.04","1",
"T-FBC457","1010","43.04","1",
"T-FBC458","1010","43.04","1",
"T-FBC459","1010","43.04","1",
"T-FBC460","1010","43.04","1",
"T-FBC461","1010","43.04","1",
"T-FBC462","1010","43.04","1",
"T-FBC463","1010","43.04","1",
"T-FBC464","1010","43.04","1",
"T-FBC465","1010","43.04","1",
"T-FBC466","1010","43.04","1",
"T-FBC467","1010","43.04","1",
"T-FBC468","1010","43.04","1",
"T-FBC469","1010","43.04","1",
"T-FBC470","1010","43.04","1",
"T-FBC471","1010","43.04","1",
"T-FBC472","1010","43.04","1",
"T-FBC473","1010","43.04","1",
"T-FBC474","1010","43.04","1",
"T-FBC475","1010","43.04","1",
"T-FBC476","1010","43.04","1",
"T-FBC477","1010","43.04","1",
"T-FBC478","1010","43.04","1",
"T-FBC479","1010","43.04","1",
"T-FBC480","1010","43.04","1",
"T-FBC481","1010","43.04","1",
"T-FBC482","1010","43.04","1",
"T-FBC483","1010","43.04","1",
"T-FBC484","1010","43.04","1",
"T-FBC485","1010","43.04","1",
"T-FBC486","1010","43.04","1",
"T-FBC487","1010","43.04","1",
"T-FBC488","1010","43.04","1",
"T-FBC489","1010","43.04","1",
"T-FBC490","1010","43.04","1",
"T-FBC491","1010","43.04","1",
"T-FBC492","1010","43.04","1",
"T-FBC493","1010","43.04","1",
"T-FBC494","1010","43.04","1",
"T-FBC495","1010","43.04","1",
"T-FBC496","1010","43.04","1",
"T-FBC497","1010","43.04","1",
"T-FBC498","1010","43.04","1",
"T-FBC499","1010","43.04","1",
"T-FC00","1010","28800.00","1",
"T-FC100","1010","7500.00","1",
"T-FC110","1010","28800.00","1",
"T-FC197","1010","28800.00","1",
"T-FC198","1010","7500.00","1",
"T-FC300","1010","7500.00","1",
"T-FC398","1010","7500.00","1",
"T-FC400","1010","7500.00","1",
"T-FC498","1010","7500.00","1",
"T-FC498-V1","1010","7690.72","1",
"T-FC498-V2","1010","7690.72","1",
"T-FC500","1010","7500.00","1",
"T-FC598","1010","7500.00","1",
"T-FC60","1010","28800.00","1",
"T-FC700","1010","7500.00","1",
"T-FC710","1010","7500.00","1",
"T-FC711","1010","1900.00","1",
"T-FC797","1010","7500.00","1",
"T-FC7971","1010","1900.00","1",
"T-FC798","1010","7500.00","1",
"T-FC7XX","1010","7500.00","1",
"T-FC7XX00","1010","7500.00","1",
"T-FC91","1010","28800.00","1",
"T-FC98","1010","28800.00","1",
"T-FC99","1010","28800.00","1",
"T-FCBC00","1010","150.00","1",
"T-FCBC01","1010","150.00","1",
"T-FCBC02","1010","150.00","1",
"T-FCBC03","1010","150.00","1",
"T-FCBC04","1010","150.00","1",
"T-FCBC05","1010","150.00","1",
"T-FCBC06","1010","150.00","1",
"T-FCBC07","1010","150.00","1",
"T-FCBC08","1010","150.00","1",
"T-FCBC09","1010","150.00","1",
"T-FCBC10","1010","150.00","1",
"T-FCBC11","1010","150.00","1",
"T-FCBC12","1010","150.00","1",
"T-FCBC13","1010","150.00","1",
"T-FCBC14","1010","150.00","1",
"T-FCBC15","1010","150.00","1",
"T-FCBC16","1010","150.00","1",
"T-FCBC17","1010","150.00","1",
"T-FCBC18","1010","150.00","1",
"T-FCBC19","1010","150.00","1",
"T-FCBC20","1010","150.00","1",
"T-FCBC21","1010","150.00","1",
"T-FCBC22","1010","150.00","1",
"T-FCBC23","1010","150.00","1",
"T-FCBC24","1010","150.00","1",
"T-FCBC25","1010","150.00","1",
"T-FCBC26","1010","150.00","1",
"T-FCBC27","1010","150.00","1",
"T-FCBC28","1010","150.00","1",
"T-FCBC29","1010","150.00","1",
"T-FCBC30","1010","150.00","1",
"T-FCBC31","1010","150.00","1",
"T-FCBC32","1010","150.00","1",
"T-FCBC33","1010","150.00","1",
"T-FCBC34","1010","150.00","1",
"T-FCBC35","1010","150.00","1",
"T-FCBC36","1010","150.00","1",
"T-FCBC37","1010","150.00","1",
"T-FCBC38","1010","150.00","1",
"T-FCBC39","1010","150.00","1",
"T-FCBC40","1010","150.00","1",
"T-FCBC41","1010","150.00","1",
"T-FCBC42","1010","150.00","1",
"T-FCBC43","1010","150.00","1",
"T-FCBC44","1010","150.00","1",
"T-FCBC45","1010","150.00","1",
"T-FCBC46","1010","150.00","1",
"T-FCBC47","1010","150.00","1",
"T-FCBC48","1010","150.00","1",
"T-FCBC49","1010","150.00","1",
"T-FCBC50","1010","150.00","1",
"T-FCBC51","1010","150.00","1",
"T-FCBC52","1010","150.00","1",
"T-FCBC53","1010","150.00","1",
"T-FCBC54","1010","150.00","1",
"T-FCBC55","1010","150.00","1",
"T-FCBC56","1010","150.00","1",
"T-FCBC57","1010","150.00","1",
"T-FCBC58","1010","150.00","1",
"T-FCBC59","1010","150.00","1",
"T-FCBC60","1010","150.00","1",
"T-FCBC61","1010","150.00","1",
"T-FCBC62","1010","150.00","1",
"T-FCBC63","1010","150.00","1",
"T-FCBC64","1010","150.00","1",
"T-FCBC65","1010","150.00","1",
"T-FCBC66","1010","150.00","1",
"T-FCBC67","1010","150.00","1",
"T-FCBC68","1010","150.00","1",
"T-FCBC69","1010","150.00","1",
"T-FCBC70","1010","150.00","1",
"T-FCBC71","1010","150.00","1",
"T-FCBC72","1010","150.00","1",
"T-FCBC73","1010","150.00","1",
"T-FCBC74","1010","150.00","1",
"T-FCBC75","1010","150.00","1",
"T-FCBC76","1010","150.00","1",
"T-FCBC77","1010","150.00","1",
"T-FCBC78","1010","150.00","1",
"T-FCBC79","1010","150.00","1",
"T-FCBC80","1010","150.00","1",
"T-FCBC81","1010","150.00","1",
"T-FCBC82","1010","150.00","1",
"T-FCBC83","1010","150.00","1",
"T-FCBC84","1010","150.00","1",
"T-FCBC85","1010","150.00","1",
"T-FCBC86","1010","150.00","1",
"T-FCBC87","1010","150.00","1",
"T-FCBC88","1010","150.00","1",
"T-FCBC89","1010","150.00","1",
"T-FCBC90","1010","150.00","1",
"T-FCBC91","1010","150.00","1",
"T-FCBC92","1010","150.00","1",
"T-FCBC93","1010","150.00","1",
"T-FCBC94","1010","150.00","1",
"T-FCBC95","1010","150.00","1",
"T-FCBC96","1010","150.00","1",
"T-FCBC97","1010","150.00","1",
"T-FCBC98","1010","150.00","1",
"T-FCBC99","1010","150.00","1",
"T-FCL","1010","22.58","1",
"T-FCL00","1010","28800.00","1",
"T-FCL00-1","1010","25000.00","1",
"T-FCL49","1010","28800.00","1",
"T-FCLA00","1010","28800.00","1",
"T-FCLA01","1010","28800.00","1",
"T-FCLA02","1010","28800.00","1",
"T-FCLA03","1010","28800.00","1",
"T-FCLA04","1010","28800.00","1",
"T-FCLA05","1010","28800.00","1",
"T-FCLA06","1010","28800.00","1",
"T-FCLA07","1010","28800.00","1",
"T-FCLA08","1010","28800.00","1",
"T-FCLA09","1010","28800.00","1",
"T-FCLA10","1010","28800.00","1",
"T-FCLA11","1010","28800.00","1",
"T-FCLA12","1010","28800.00","1",
"T-FCLA13","1010","28800.00","1",
"T-FCLA14","1010","28800.00","1",
"T-FCLA15","1010","28800.00","1",
"T-FCLA16","1010","28800.00","1",
"T-FCLA17","1010","28800.00","1",
"T-FCLA18","1010","28800.00","1",
"T-FCLA19","1010","28800.00","1",
"T-FCLA20","1010","28800.00","1",
"T-FCLA21","1010","28800.00","1",
"T-FCLA22","1010","28800.00","1",
"T-FCLA23","1010","28800.00","1",
"T-FCLA24","1010","28800.00","1",
"T-FCLA25","1010","28800.00","1",
"T-FCLA26","1010","28800.00","1",
"T-FCLA27","1010","28800.00","1",
"T-FCLA28","1010","28800.00","1",
"T-FCLA29","1010","28800.00","1",
"T-FCLA30","1010","28800.00","1",
"T-FCLA31","1010","28800.00","1",
"T-FCLA32","1010","28800.00","1",
"T-FCLA33","1010","28800.00","1",
"T-FCLA34","1010","28800.00","1",
"T-FCLA35","1010","28800.00","1",
"T-FCLA36","1010","28800.00","1",
"T-FCLA37","1010","28800.00","1",
"T-FCLA38","1010","28800.00","1",
"T-FCLA39","1010","28800.00","1",
"T-FCLA40","1010","28800.00","1",
"T-FCLA41","1010","28800.00","1",
"T-FCLA42","1010","28800.00","1",
"T-FCLA43","1010","28800.00","1",
"T-FCLA44","1010","28800.00","1",
"T-FCLA45","1010","28800.00","1",
"T-FCLA46","1010","28800.00","1",
"T-FCLA47","1010","28800.00","1",
"T-FCLA48","1010","28800.00","1",
"T-FCLA49","1010","28800.00","1",
"T-FCLA50","1010","28800.00","1",
"T-FCLA51","1010","28800.00","1",
"T-FCLA52","1010","28800.00","1",
"T-FCLA53","1010","28800.00","1",
"T-FCLA54","1010","28800.00","1",
"T-FCLA55","1010","28800.00","1",
"T-FCLA56","1010","28800.00","1",
"T-FCLA57","1010","28800.00","1",
"T-FCLA58","1010","28800.00","1",
"T-FCLA59","1010","28800.00","1",
"T-FCLA60","1010","28800.00","1",
"T-FCLA61","1010","28800.00","1",
"T-FCLA62","1010","28800.00","1",
"T-FCLA63","1010","28800.00","1",
"T-FCLA64","1010","28800.00","1",
"T-FCLA65","1010","28800.00","1",
"T-FCLA66","1010","28800.00","1",
"T-FCLA67","1010","28800.00","1",
"T-FCLA68","1010","28800.00","1",
"T-FCLA69","1010","28800.00","1",
"T-FCLA70","1010","28800.00","1",
"T-FCLA71","1010","28800.00","1",
"T-FCLA72","1010","28800.00","1",
"T-FCLA73","1010","28800.00","1",
"T-FCLA74","1010","28800.00","1",
"T-FCLA75","1010","28800.00","1",
"T-FCLA76","1010","28800.00","1",
"T-FCLA77","1010","28800.00","1",
"T-FCLA78","1010","28800.00","1",
"T-FCLA79","1010","28800.00","1",
"T-FCLA80","1010","28800.00","1",
"T-FCLA81","1010","28800.00","1",
"T-FCLA82","1010","28800.00","1",
"T-FCLA83","1010","28800.00","1",
"T-FCLA84","1010","28800.00","1",
"T-FCLA85","1010","28800.00","1",
"T-FCLA86","1010","28800.00","1",
"T-FCLA87","1010","28800.00","1",
"T-FCLA88","1010","28800.00","1",
"T-FCLA89","1010","28800.00","1",
"T-FCLA90","1010","28800.00","1",
"T-FCLA91","1010","28800.00","1",
"T-FCLA92","1010","28800.00","1",
"T-FCLA93","1010","28800.00","1",
"T-FCLA94","1010","28800.00","1",
"T-FCLA95","1010","28800.00","1",
"T-FCLA96","1010","28800.00","1",
"T-FCLA97","1010","28800.00","1",
"T-FCLA98","1010","28800.00","1",
"T-FCLA99","1010","28800.00","1",
"T-FCLAA00","1010","7500.00","1",
"T-FCLAA01","1010","7500.00","1",
"T-FCLAA02","1010","7500.00","1",
"T-FCLAA03","1010","7500.00","1",
"T-FCLAA04","1010","7500.00","1",
"T-FCLAA05","1010","7500.00","1",
"T-FCLAA06","1010","7500.00","1",
"T-FCLAA07","1010","7500.00","1",
"T-FCLAA08","1010","7500.00","1",
"T-FCLAA09","1010","7500.00","1",
"T-FCLAA10","1010","7500.00","1",
"T-FCLAA11","1010","7500.00","1",
"T-FCLAA12","1010","7500.00","1",
"T-FCLAA13","1010","7500.00","1",
"T-FCLAA14","1010","7500.00","1",
"T-FCLAA15","1010","7500.00","1",
"T-FCLAA16","1010","7500.00","1",
"T-FCLAA17","1010","7500.00","1",
"T-FCLAA18","1010","7500.00","1",
"T-FCLAA19","1010","7500.00","1",
"T-FCLAA20","1010","7500.00","1",
"T-FCLAA21","1010","7500.00","1",
"T-FCLAA22","1010","7500.00","1",
"T-FCLAA23","1010","7500.00","1",
"T-FCLAA24","1010","7500.00","1",
"T-FCLAA25","1010","7500.00","1",
"T-FCLAA26","1010","7500.00","1",
"T-FCLAA27","1010","7500.00","1",
"T-FCLAA28","1010","7500.00","1",
"T-FCLAA29","1010","7500.00","1",
"T-FCLAA30","1010","7500.00","1",
"T-FCLAA31","1010","7500.00","1",
"T-FCLAA32","1010","7500.00","1",
"T-FCLAA33","1010","7500.00","1",
"T-FCLAA34","1010","7500.00","1",
"T-FCLAA35","1010","7500.00","1",
"T-FCLAA36","1010","7500.00","1",
"T-FCLAA37","1010","7500.00","1",
"T-FCLAA38","1010","7500.00","1",
"T-FCLAA39","1010","7500.00","1",
"T-FCLAA40","1010","7500.00","1",
"T-FCLAA41","1010","7500.00","1",
"T-FCLAA42","1010","7500.00","1",
"T-FCLAA43","1010","7500.00","1",
"T-FCLAA44","1010","7500.00","1",
"T-FCLAA45","1010","7500.00","1",
"T-FCLAA46","1010","7500.00","1",
"T-FCLAA47","1010","7500.00","1",
"T-FCLAA48","1010","7500.00","1",
"T-FCLAA49","1010","7500.00","1",
"T-FCLAA50","1010","7500.00","1",
"T-FCLAA51","1010","7500.00","1",
"T-FCLAA52","1010","7500.00","1",
"T-FCLAA53","1010","7500.00","1",
"T-FCLAA54","1010","7500.00","1",
"T-FCLAA55","1010","7500.00","1",
"T-FCLAA56","1010","7500.00","1",
"T-FCLAA57","1010","7500.00","1",
"T-FCLAA58","1010","7500.00","1",
"T-FCLAA59","1010","7500.00","1",
"T-FCLAA60","1010","7500.00","1",
"T-FCLAA61","1010","7500.00","1",
"T-FCLAA62","1010","7500.00","1",
"T-FCLAA63","1010","7500.00","1",
"T-FCLAA64","1010","7500.00","1",
"T-FCLAA65","1010","7500.00","1",
"T-FCLAA66","1010","7500.00","1",
"T-FCLAA67","1010","7500.00","1",
"T-FCLAA68","1010","7500.00","1",
"T-FCLAA69","1010","7500.00","1",
"T-FCLAA70","1010","7500.00","1",
"T-FCLAA71","1010","7500.00","1",
"T-FCLAA72","1010","7500.00","1",
"T-FCLAA73","1010","7500.00","1",
"T-FCLAA74","1010","7500.00","1",
"T-FCLAA75","1010","7500.00","1",
"T-FCLAA76","1010","7500.00","1",
"T-FCLAA77","1010","7500.00","1",
"T-FCLAA78","1010","7500.00","1",
"T-FCLAA79","1010","7500.00","1",
"T-FCLAA80","1010","7500.00","1",
"T-FCLAA81","1010","7500.00","1",
"T-FCLAA82","1010","7500.00","1",
"T-FCLAA83","1010","7500.00","1",
"T-FCLAA84","1010","7500.00","1",
"T-FCLAA85","1010","7500.00","1",
"T-FCLAA86","1010","7500.00","1",
"T-FCLAA87","1010","7500.00","1",
"T-FCLAA88","1010","7500.00","1",
"T-FCLAA89","1010","7500.00","1",
"T-FCLAA90","1010","7500.00","1",
"T-FCLAA91","1010","7500.00","1",
"T-FCLAA92","1010","7500.00","1",
"T-FCLAA93","1010","7500.00","1",
"T-FCLAA94","1010","7500.00","1",
"T-FCLAA95","1010","7500.00","1",
"T-FCLAA96","1010","7500.00","1",
"T-FCLAA97","1010","7500.00","1",
"T-FCLAA98","1010","7500.00","1",
"T-FCLAA99","1010","7500.00","1",
"T-FCLB00","1010","7500.00","1",
"T-FCLB01","1010","7500.00","1",
"T-FCLB02","1010","7500.00","1",
"T-FCLB03","1010","7500.00","1",
"T-FCLB04","1010","7500.00","1",
"T-FCLB05","1010","7500.00","1",
"T-FCLB06","1010","7500.00","1",
"T-FCLB07","1010","7500.00","1",
"T-FCLB08","1010","7500.00","1",
"T-FCLB09","1010","7500.00","1",
"T-FCLB10","1010","7500.00","1",
"T-FCLB11","1010","7500.00","1",
"T-FCLB12","1010","7500.00","1",
"T-FCLB13","1010","7500.00","1",
"T-FCLB14","1010","7500.00","1",
"T-FCLB15","1010","7500.00","1",
"T-FCLB16","1010","7500.00","1",
"T-FCLB17","1010","7500.00","1",
"T-FCLB18","1010","7500.00","1",
"T-FCLB19","1010","7500.00","1",
"T-FCLB20","1010","7500.00","1",
"T-FCLB21","1010","7500.00","1",
"T-FCLB22","1010","7500.00","1",
"T-FCLB23","1010","7500.00","1",
"T-FCLB24","1010","7500.00","1",
"T-FCLB25","1010","7500.00","1",
"T-FCLB26","1010","7500.00","1",
"T-FCLB27","1010","7500.00","1",
"T-FCLB28","1010","7500.00","1",
"T-FCLB29","1010","7500.00","1",
"T-FCLB30","1010","7500.00","1",
"T-FCLB31","1010","7500.00","1",
"T-FCLB32","1010","7500.00","1",
"T-FCLB33","1010","7500.00","1",
"T-FCLB34","1010","7500.00","1",
"T-FCLB35","1010","7500.00","1",
"T-FCLB36","1010","7500.00","1",
"T-FCLB37","1010","7500.00","1",
"T-FCLB38","1010","7500.00","1",
"T-FCLB39","1010","7500.00","1",
"T-FCLB40","1010","7500.00","1",
"T-FCLB41","1010","7500.00","1",
"T-FCLB42","1010","7500.00","1",
"T-FCLB43","1010","7500.00","1",
"T-FCLB44","1010","7500.00","1",
"T-FCLB45","1010","7500.00","1",
"T-FCLB46","1010","7500.00","1",
"T-FCLB47","1010","7500.00","1",
"T-FCLB48","1010","7500.00","1",
"T-FCLB49","1010","7500.00","1",
"T-FCLB50","1010","7500.00","1",
"T-FCLB51","1010","7500.00","1",
"T-FCLB52","1010","7500.00","1",
"T-FCLB53","1010","7500.00","1",
"T-FCLB54","1010","7500.00","1",
"T-FCLB55","1010","7500.00","1",
"T-FCLB56","1010","7500.00","1",
"T-FCLB57","1010","7500.00","1",
"T-FCLB58","1010","7500.00","1",
"T-FCLB59","1010","7500.00","1",
"T-FCLB60","1010","7500.00","1",
"T-FCLB61","1010","7500.00","1",
"T-FCLB62","1010","7500.00","1",
"T-FCLB63","1010","7500.00","1",
"T-FCLB64","1010","7500.00","1",
"T-FCLB65","1010","7500.00","1",
"T-FCLB66","1010","7500.00","1",
"T-FCLB67","1010","7500.00","1",
"T-FCLB68","1010","7500.00","1",
"T-FCLB69","1010","7500.00","1",
"T-FCLB70","1010","7500.00","1",
"T-FCLB71","1010","7500.00","1",
"T-FCLB72","1010","7500.00","1",
"T-FCLB73","1010","7500.00","1",
"T-FCLB74","1010","7500.00","1",
"T-FCLB75","1010","7500.00","1",
"T-FCLB76","1010","7500.00","1",
"T-FCLB77","1010","7500.00","1",
"T-FCLB78","1010","7500.00","1",
"T-FCLB79","1010","7500.00","1",
"T-FCLB80","1010","7500.00","1",
"T-FCLB81","1010","7500.00","1",
"T-FCLB82","1010","7500.00","1",
"T-FCLB83","1010","7500.00","1",
"T-FCLB84","1010","7500.00","1",
"T-FCLB85","1010","7500.00","1",
"T-FCLB86","1010","7500.00","1",
"T-FCLB87","1010","7500.00","1",
"T-FCLB88","1010","7500.00","1",
"T-FCLB89","1010","7500.00","1",
"T-FCLB90","1010","7500.00","1",
"T-FCLB91","1010","7500.00","1",
"T-FCLB92","1010","7500.00","1",
"T-FCLB93","1010","7500.00","1",
"T-FCLB94","1010","7500.00","1",
"T-FCLB95","1010","7500.00","1",
"T-FCLB96","1010","7500.00","1",
"T-FCLB97","1010","7500.00","1",
"T-FCLB98","1010","7500.00","1",
"T-FCLB99","1010","7500.00","1",
"T-FCLLS1","1010","1900.00","1",
"T-FCLLS2","1010","1900.00","1",
"T-FCLLS3","1010","1900.00","1",
"T-FCLOVC00","1010","150.00","1",
"T-FCX00","1010","250.00","1",
"T-FCX49","1010","250.00","1",
"T-FCX80","1010","250.00","1",
"T-FG00","1010","0","1",
"T-FG00","1010","0","1",
"T-FG01","1010","0","1",
"T-FG01","1010","0","1",
"T-FG02","1010","0","1",
"T-FG02","1010","0","1",
"T-FG03","1010","0","1",
"T-FG03","1010","0","1",
"T-FG04","1010","0","1",
"T-FG04","1010","0","1",
"T-FG05","1010","0","1",
"T-FG05","1010","0","1",
"T-FG06","1010","0","1",
"T-FG06","1010","0","1",
"T-FG07","1010","0","1",
"T-FG07","1010","0","1",
"T-FG08","1010","0","1",
"T-FG08","1010","0","1",
"T-FG09","1010","0","1",
"T-FG09","1010","0","1",
"T-FG10","1010","0","1",
"T-FG10","1010","0","1",
"T-FG11","1010","0","1",
"T-FG11","1010","0","1",
"T-FG12","1010","0","1",
"T-FG12","1010","0","1",
"T-FG13","1010","0","1",
"T-FG13","1010","0","1",
"T-FG14","1010","0","1",
"T-FG14","1010","0","1",
"T-FG15","1010","0","1",
"T-FG15","1010","0","1",
"T-FG16","1010","0","1",
"T-FG16","1010","0","1",
"T-FG17","1010","0","1",
"T-FG17","1010","0","1",
"T-FG18","1010","0","1",
"T-FG18","1010","0","1",
"T-FG19","1010","0","1",
"T-FG19","1010","0","1",
"T-FG20","1010","0","1",
"T-FG20","1010","0","1",
"T-FG21","1010","0","1",
"T-FG21","1010","0","1",
"T-FG22","1010","0","1",
"T-FG22","1010","0","1",
"T-FG23","1010","0","1",
"T-FG23","1010","0","1",
"T-FG24","1010","0","1",
"T-FG24","1010","0","1",
"T-FG25","1010","0","1",
"T-FG25","1010","0","1",
"T-FG26","1010","0","1",
"T-FG26","1010","0","1",
"T-FG27","1010","0","1",
"T-FG27","1010","0","1",
"T-FG28","1010","0","1",
"T-FG28","1010","0","1",
"T-FG29","1010","0","1",
"T-FG29","1010","0","1",
"T-FG30","1010","0","1",
"T-FG30","1010","0","1",
"T-FG31","1010","0","1",
"T-FG31","1010","0","1",
"T-FG32","1010","0","1",
"T-FG32","1010","0","1",
"T-FG33","1010","0","1",
"T-FG33","1010","0","1",
"T-FG34","1010","0","1",
"T-FG34","1010","0","1",
"T-FG35","1010","0","1",
"T-FG35","1010","0","1",
"T-FG36","1010","0","1",
"T-FG36","1010","0","1",
"T-FG37","1010","0","1",
"T-FG37","1010","0","1",
"T-FG38","1010","0","1",
"T-FG38","1010","0","1",
"T-FG39","1010","0","1",
"T-FG39","1010","0","1",
"T-FG40","1010","0","1",
"T-FG40","1010","0","1",
"T-FG41","1010","0","1",
"T-FG41","1010","0","1",
"T-FG42","1010","0","1",
"T-FG42","1010","0","1",
"T-FG43","1010","0","1",
"T-FG43","1010","0","1",
"T-FG44","1010","0","1",
"T-FG44","1010","0","1",
"T-FG45","1010","0","1",
"T-FG45","1010","0","1",
"T-FG46","1010","0","1",
"T-FG46","1010","0","1",
"T-FG47","1010","0","1",
"T-FG47","1010","0","1",
"T-FG48","1010","0","1",
"T-FG48","1010","0","1",
"T-FG49","1010","0","1",
"T-FG49","1010","0","1",
"T-FG50","1010","0","1",
"T-FG50","1010","0","1",
"T-FG51","1010","0","1",
"T-FG51","1010","0","1",
"T-FG52","1010","0","1",
"T-FG52","1010","0","1",
"T-FG53","1010","0","1",
"T-FG53","1010","0","1",
"T-FG54","1010","0","1",
"T-FG54","1010","0","1",
"T-FG55","1010","0","1",
"T-FG55","1010","0","1",
"T-FG56","1010","0","1",
"T-FG56","1010","0","1",
"T-FG57","1010","0","1",
"T-FG57","1010","0","1",
"T-FG58","1010","0","1",
"T-FG58","1010","0","1",
"T-FG59","1010","0","1",
"T-FG59","1010","0","1",
"T-FG60","1010","0","1",
"T-FG60","1010","0","1",
"T-FG61","1010","0","1",
"T-FG61","1010","0","1",
"T-FG62","1010","0","1",
"T-FG62","1010","0","1",
"T-FG63","1010","0","1",
"T-FG63","1010","0","1",
"T-FG64","1010","0","1",
"T-FG64","1010","0","1",
"T-FG65","1010","0","1",
"T-FG65","1010","0","1",
"T-FG66","1010","0","1",
"T-FG66","1010","0","1",
"T-FG67","1010","0","1",
"T-FG67","1010","0","1",
"T-FG68","1010","0","1",
"T-FG68","1010","0","1",
"T-FG69","1010","0","1",
"T-FG69","1010","0","1",
"T-FG70","1010","0","1",
"T-FG70","1010","0","1",
"T-FG71","1010","0","1",
"T-FG71","1010","0","1",
"T-FG72","1010","0","1",
"T-FG72","1010","0","1",
"T-FG73","1010","0","1",
"T-FG73","1010","0","1",
"T-FG74","1010","0","1",
"T-FG74","1010","0","1",
"T-FG75","1010","0","1",
"T-FG75","1010","0","1",
"T-FG76","1010","0","1",
"T-FG76","1010","0","1",
"T-FG77","1010","0","1",
"T-FG77","1010","0","1",
"T-FG78","1010","0","1",
"T-FG78","1010","0","1",
"T-FG79","1010","0","1",
"T-FG79","1010","0","1",
"T-FG80","1010","0","1",
"T-FG80","1010","0","1",
"T-FG81","1010","0","1",
"T-FG81","1010","0","1",
"T-FG82","1010","0","1",
"T-FG82","1010","0","1",
"T-FG83","1010","0","1",
"T-FG83","1010","0","1",
"T-FG84","1010","0","1",
"T-FG84","1010","0","1",
"T-FG85","1010","0","1",
"T-FG85","1010","0","1",
"T-FG86","1010","0","1",
"T-FG86","1010","0","1",
"T-FG87","1010","0","1",
"T-FG87","1010","0","1",
"T-FG88","1010","0","1",
"T-FG88","1010","0","1",
"T-FG89","1010","0","1",
"T-FG89","1010","0","1",
"T-FG90","1010","0","1",
"T-FG90","1010","0","1",
"T-FG91","1010","0","1",
"T-FG91","1010","0","1",
"T-FG92","1010","0","1",
"T-FG92","1010","0","1",
"T-FG93","1010","0","1",
"T-FG93","1010","0","1",
"T-FG94","1010","0","1",
"T-FG94","1010","0","1",
"T-FG95","1010","0","1",
"T-FG95","1010","0","1",
"T-FG96","1010","0","1",
"T-FG96","1010","0","1",
"T-FG97","1010","0","1",
"T-FG97","1010","0","1",
"T-FG98","1010","0","1",
"T-FG98","1010","0","1",
"T-FG99","1010","0","1",
"T-FG99","1010","0","1",
"T-FL00","1010","40547.17","1",
"T-FL01","1010","40195.56","1",
"T-FL02","1010","40191.73","1",
"T-FL03","1010","40191.73","1",
"T-FL04","1010","40191.73","1",
"T-FL05","1010","40191.73","1",
"T-FL06","1010","40191.73","1",
"T-FL07","1010","40191.73","1",
"T-FL08","1010","40191.73","1",
"T-FL09","1010","40191.73","1",
"T-FL10","1010","40191.73","1",
"T-FL100","1010","10187.58","1",
"T-FL101","1010","9862.27","1",
"T-FL102","1010","9862.27","1",
"T-FL103","1010","9862.27","1",
"T-FL104","1010","9862.27","1",
"T-FL105","1010","9862.27","1",
"T-FL106","1010","9862.27","1",
"T-FL107","1010","9862.27","1",
"T-FL108","1010","9862.27","1",
"T-FL109","1010","9862.27","1",
"T-FL11","1010","40191.73","1",
"T-FL110","1010","9862.27","1",
"T-FL111","1010","9862.27","1",
"T-FL112","1010","9862.27","1",
"T-FL113","1010","9862.27","1",
"T-FL114","1010","9862.27","1",
"T-FL115","1010","9862.27","1",
"T-FL116","1010","9862.27","1",
"T-FL117","1010","9862.27","1",
"T-FL118","1010","9862.27","1",
"T-FL119","1010","9938.30","1",
"T-FL12","1010","40191.73","1",
"T-FL120","1010","9862.27","1",
"T-FL121","1010","9862.27","1",
"T-FL122","1010","9862.27","1",
"T-FL123","1010","9862.27","1",
"T-FL124","1010","9862.27","1",
"T-FL125","1010","9862.27","1",
"T-FL126","1010","9862.27","1",
"T-FL127","1010","9873.31","1",
"T-FL128","1010","9862.27","1",
"T-FL129","1010","9862.27","1",
"T-FL13","1010","40191.73","1",
"T-FL130","1010","9862.27","1",
"T-FL131","1010","10187.58","1",
"T-FL132","1010","10187.58","1",
"T-FL133","1010","10187.58","1",
"T-FL134","1010","10187.58","1",
"T-FL135","1010","10187.58","1",
"T-FL136","1010","10187.58","1",
"T-FL137","1010","10187.58","1",
"T-FL138","1010","10187.58","1",
"T-FL139","1010","10187.58","1",
"T-FL14","1010","40191.73","1",
"T-FL140","1010","10187.58","1",
"T-FL141","1010","10187.58","1",
"T-FL142","1010","10187.58","1",
"T-FL143","1010","10187.58","1",
"T-FL144","1010","10187.58","1",
"T-FL145","1010","10187.58","1",
"T-FL146","1010","10187.58","1",
"T-FL147","1010","10187.58","1",
"T-FL148","1010","10187.58","1",
"T-FL149","1010","10187.58","1",
"T-FL15","1010","40191.73","1",
"T-FL150","1010","10187.58","1",
"T-FL151","1010","10187.58","1",
"T-FL152","1010","10187.58","1",
"T-FL153","1010","10187.58","1",
"T-FL154","1010","10187.58","1",
"T-FL155","1010","10187.58","1",
"T-FL156","1010","10187.58","1",
"T-FL157","1010","10187.58","1",
"T-FL158","1010","10187.58","1",
"T-FL159","1010","10187.58","1",
"T-FL16","1010","40191.73","1",
"T-FL160","1010","10187.58","1",
"T-FL161","1010","10187.58","1",
"T-FL162","1010","10187.58","1",
"T-FL163","1010","10187.58","1",
"T-FL164","1010","10187.58","1",
"T-FL165","1010","10187.58","1",
"T-FL166","1010","10187.58","1",
"T-FL167","1010","10187.58","1",
"T-FL168","1010","10187.58","1",
"T-FL169","1010","10187.58","1",
"T-FL17","1010","40191.73","1",
"T-FL170","1010","10187.58","1",
"T-FL171","1010","10187.58","1",
"T-FL172","1010","10187.58","1",
"T-FL173","1010","10187.58","1",
"T-FL174","1010","10187.58","1",
"T-FL175","1010","10187.58","1",
"T-FL176","1010","10187.58","1",
"T-FL177","1010","10187.58","1",
"T-FL178","1010","10187.58","1",
"T-FL179","1010","10187.58","1",
"T-FL18","1010","40166.91","1",
"T-FL180","1010","10187.58","1",
"T-FL181","1010","10187.58","1",
"T-FL182","1010","10187.58","1",
"T-FL183","1010","10187.58","1",
"T-FL184","1010","10187.58","1",
"T-FL185","1010","10187.58","1",
"T-FL186","1010","10187.58","1",
"T-FL187","1010","10187.58","1",
"T-FL188","1010","10187.58","1",
"T-FL189","1010","10187.58","1",
"T-FL19","1010","40270.04","1",
"T-FL190","1010","10187.58","1",
"T-FL191","1010","10187.58","1",
"T-FL192","1010","10187.58","1",
"T-FL193","1010","10187.58","1",
"T-FL194","1010","10187.58","1",
"T-FL195","1010","10187.58","1",
"T-FL196","1010","10187.58","1",
"T-FL197","1010","10187.58","1",
"T-FL198","1010","10187.58","1",
"T-FL199","1010","10187.58","1",
"T-FL1A00","1010","6068.08","1",
"T-FL1A01","1010","5750.70","1",
"T-FL1A02","1010","5750.70","1",
"T-FL1A03","1010","5750.70","1",
"T-FL1A04","1010","5750.70","1",
"T-FL1A05","1010","5750.70","1",
"T-FL1A06","1010","5750.70","1",
"T-FL1A07","1010","5750.70","1",
"T-FL1A08","1010","5750.70","1",
"T-FL1A09","1010","5750.70","1",
"T-FL1A10","1010","5750.70","1",
"T-FL1A100","1010","2169.90","1",
"T-FL1A101","1010","2344.90","1",
"T-FL1A102","1010","2344.90","1",
"T-FL1A103","1010","2344.90","1",
"T-FL1A104","1010","2344.90","1",
"T-FL1A105","1010","2344.90","1",
"T-FL1A106","1010","2344.90","1",
"T-FL1A107","1010","2344.90","1",
"T-FL1A108","1010","2344.90","1",
"T-FL1A109","1010","2344.90","1",
"T-FL1A11","1010","5750.70","1",
"T-FL1A110","1010","2344.90","1",
"T-FL1A111","1010","2344.90","1",
"T-FL1A112","1010","2344.90","1",
"T-FL1A113","1010","2344.90","1",
"T-FL1A114","1010","2344.90","1",
"T-FL1A115","1010","2344.90","1",
"T-FL1A116","1010","2344.90","1",
"T-FL1A117","1010","2344.90","1",
"T-FL1A118","1010","2344.90","1",
"T-FL1A119","1010","2344.90","1",
"T-FL1A12","1010","5750.70","1",
"T-FL1A120","1010","2344.90","1",
"T-FL1A121","1010","2344.90","1",
"T-FL1A122","1010","2344.90","1",
"T-FL1A123","1010","2344.90","1",
"T-FL1A124","1010","2344.90","1",
"T-FL1A125","1010","2344.90","1",
"T-FL1A126","1010","2344.90","1",
"T-FL1A127","1010","2344.90","1",
"T-FL1A128","1010","2344.90","1",
"T-FL1A129","1010","2344.90","1",
"T-FL1A13","1010","5750.70","1",
"T-FL1A130","1010","2344.90","1",
"T-FL1A131","1010","2169.90","1",
"T-FL1A132","1010","2169.90","1",
"T-FL1A133","1010","2169.90","1",
"T-FL1A134","1010","2169.90","1",
"T-FL1A135","1010","2169.90","1",
"T-FL1A136","1010","2169.90","1",
"T-FL1A137","1010","2169.90","1",
"T-FL1A138","1010","2169.90","1",
"T-FL1A139","1010","2169.90","1",
"T-FL1A14","1010","5750.70","1",
"T-FL1A140","1010","2169.90","1",
"T-FL1A141","1010","2169.90","1",
"T-FL1A142","1010","2169.90","1",
"T-FL1A143","1010","2169.90","1",
"T-FL1A144","1010","2169.90","1",
"T-FL1A145","1010","2169.90","1",
"T-FL1A146","1010","2169.90","1",
"T-FL1A147","1010","2169.90","1",
"T-FL1A148","1010","2169.90","1",
"T-FL1A149","1010","2169.90","1",
"T-FL1A15","1010","5750.70","1",
"T-FL1A150","1010","2169.90","1",
"T-FL1A151","1010","2169.90","1",
"T-FL1A152","1010","2169.90","1",
"T-FL1A153","1010","2169.90","1",
"T-FL1A154","1010","2169.90","1",
"T-FL1A155","1010","2169.90","1",
"T-FL1A156","1010","2169.90","1",
"T-FL1A157","1010","2169.90","1",
"T-FL1A158","1010","2169.90","1",
"T-FL1A159","1010","2169.90","1",
"T-FL1A16","1010","5750.70","1",
"T-FL1A160","1010","2169.90","1",
"T-FL1A161","1010","2169.90","1",
"T-FL1A162","1010","2169.90","1",
"T-FL1A163","1010","2169.90","1",
"T-FL1A164","1010","2169.90","1",
"T-FL1A165","1010","2169.90","1",
"T-FL1A166","1010","2169.90","1",
"T-FL1A167","1010","2169.90","1",
"T-FL1A168","1010","2169.90","1",
"T-FL1A169","1010","2169.90","1",
"T-FL1A17","1010","5750.70","1",
"T-FL1A170","1010","2169.90","1",
"T-FL1A171","1010","2169.90","1",
"T-FL1A172","1010","2169.90","1",
"T-FL1A173","1010","2169.90","1",
"T-FL1A174","1010","2169.90","1",
"T-FL1A175","1010","2169.90","1",
"T-FL1A176","1010","2169.90","1",
"T-FL1A177","1010","2169.90","1",
"T-FL1A178","1010","2169.90","1",
"T-FL1A179","1010","2169.90","1",
"T-FL1A18","1010","5750.70","1",
"T-FL1A180","1010","2169.90","1",
"T-FL1A181","1010","2169.90","1",
"T-FL1A182","1010","2169.90","1",
"T-FL1A183","1010","2169.90","1",
"T-FL1A184","1010","2169.90","1",
"T-FL1A185","1010","2169.90","1",
"T-FL1A186","1010","2169.90","1",
"T-FL1A187","1010","2169.90","1",
"T-FL1A188","1010","2169.90","1",
"T-FL1A189","1010","2169.90","1",
"T-FL1A19","1010","5824.88","1",
"T-FL1A190","1010","2169.90","1",
"T-FL1A191","1010","2169.90","1",
"T-FL1A192","1010","2169.90","1",
"T-FL1A193","1010","2169.90","1",
"T-FL1A194","1010","2169.90","1",
"T-FL1A195","1010","2169.90","1",
"T-FL1A196","1010","2169.90","1",
"T-FL1A197","1010","2169.90","1",
"T-FL1A198","1010","2169.90","1",
"T-FL1A199","1010","2169.90","1",
"T-FL1A20","1010","5750.70","1",
"T-FL1A200","1010","1496.18","1",
"T-FL1A201","1010","1496.18","1",
"T-FL1A202","1010","1496.18","1",
"T-FL1A203","1010","1496.18","1",
"T-FL1A204","1010","1496.18","1",
"T-FL1A205","1010","1496.18","1",
"T-FL1A206","1010","1496.18","1",
"T-FL1A207","1010","1496.18","1",
"T-FL1A208","1010","1496.18","1",
"T-FL1A209","1010","1496.18","1",
"T-FL1A21","1010","5750.70","1",
"T-FL1A210","1010","1496.18","1",
"T-FL1A211","1010","1496.18","1",
"T-FL1A212","1010","1496.18","1",
"T-FL1A213","1010","1496.18","1",
"T-FL1A214","1010","1496.18","1",
"T-FL1A215","1010","1496.18","1",
"T-FL1A216","1010","1496.18","1",
"T-FL1A217","1010","1496.18","1",
"T-FL1A218","1010","1496.18","1",
"T-FL1A219","1010","1496.18","1",
"T-FL1A22","1010","5750.70","1",
"T-FL1A220","1010","1496.18","1",
"T-FL1A221","1010","1496.18","1",
"T-FL1A222","1010","1496.18","1",
"T-FL1A223","1010","1496.18","1",
"T-FL1A224","1010","1496.18","1",
"T-FL1A225","1010","1496.18","1",
"T-FL1A226","1010","1496.18","1",
"T-FL1A227","1010","1496.18","1",
"T-FL1A228","1010","1496.18","1",
"T-FL1A229","1010","1496.18","1",
"T-FL1A23","1010","5750.70","1",
"T-FL1A230","1010","1496.18","1",
"T-FL1A231","1010","1496.18","1",
"T-FL1A232","1010","1496.18","1",
"T-FL1A233","1010","1496.18","1",
"T-FL1A234","1010","1496.18","1",
"T-FL1A235","1010","1496.18","1",
"T-FL1A236","1010","1496.18","1",
"T-FL1A237","1010","1496.18","1",
"T-FL1A238","1010","1496.18","1",
"T-FL1A239","1010","1496.18","1",
"T-FL1A24","1010","5750.70","1",
"T-FL1A240","1010","1496.18","1",
"T-FL1A241","1010","1496.18","1",
"T-FL1A242","1010","1496.18","1",
"T-FL1A243","1010","1496.18","1",
"T-FL1A244","1010","1496.18","1",
"T-FL1A245","1010","1496.18","1",
"T-FL1A246","1010","1496.18","1",
"T-FL1A247","1010","1496.18","1",
"T-FL1A248","1010","1496.18","1",
"T-FL1A249","1010","1496.18","1",
"T-FL1A25","1010","5750.70","1",
"T-FL1A250","1010","1496.18","1",
"T-FL1A251","1010","1496.18","1",
"T-FL1A252","1010","1496.18","1",
"T-FL1A253","1010","1496.18","1",
"T-FL1A254","1010","1496.18","1",
"T-FL1A255","1010","1496.18","1",
"T-FL1A256","1010","1496.18","1",
"T-FL1A257","1010","1496.18","1",
"T-FL1A258","1010","1496.18","1",
"T-FL1A259","1010","1496.18","1",
"T-FL1A26","1010","5750.70","1",
"T-FL1A260","1010","1496.18","1",
"T-FL1A261","1010","1496.18","1",
"T-FL1A262","1010","1496.18","1",
"T-FL1A263","1010","1496.18","1",
"T-FL1A264","1010","1496.18","1",
"T-FL1A265","1010","1496.18","1",
"T-FL1A266","1010","1496.18","1",
"T-FL1A267","1010","1496.18","1",
"T-FL1A268","1010","1496.18","1",
"T-FL1A269","1010","1496.18","1",
"T-FL1A27","1010","5761.47","1",
"T-FL1A270","1010","1496.18","1",
"T-FL1A271","1010","1496.18","1",
"T-FL1A272","1010","1496.18","1",
"T-FL1A273","1010","1496.18","1",
"T-FL1A274","1010","1496.18","1",
"T-FL1A275","1010","1496.18","1",
"T-FL1A276","1010","1496.18","1",
"T-FL1A277","1010","1496.18","1",
"T-FL1A278","1010","1496.18","1",
"T-FL1A279","1010","1496.18","1",
"T-FL1A28","1010","5750.70","1",
"T-FL1A280","1010","1496.18","1",
"T-FL1A281","1010","1496.18","1",
"T-FL1A282","1010","1496.18","1",
"T-FL1A283","1010","1496.18","1",
"T-FL1A284","1010","1496.18","1",
"T-FL1A285","1010","1496.18","1",
"T-FL1A286","1010","1496.18","1",
"T-FL1A287","1010","1496.18","1",
"T-FL1A288","1010","1496.18","1",
"T-FL1A289","1010","1496.18","1",
"T-FL1A29","1010","5750.70","1",
"T-FL1A290","1010","1496.18","1",
"T-FL1A291","1010","1496.18","1",
"T-FL1A292","1010","1496.18","1",
"T-FL1A293","1010","1496.18","1",
"T-FL1A294","1010","1496.18","1",
"T-FL1A295","1010","1496.18","1",
"T-FL1A296","1010","1496.18","1",
"T-FL1A297","1010","1496.18","1",
"T-FL1A298","1010","1496.18","1",
"T-FL1A299","1010","1496.18","1",
"T-FL1A30","1010","5750.70","1",
"T-FL1A300","1010","965.73","1",
"T-FL1A301","1010","965.73","1",
"T-FL1A302","1010","965.73","1",
"T-FL1A303","1010","965.73","1",
"T-FL1A304","1010","965.73","1",
"T-FL1A305","1010","965.73","1",
"T-FL1A306","1010","965.73","1",
"T-FL1A307","1010","965.73","1",
"T-FL1A308","1010","965.73","1",
"T-FL1A309","1010","965.73","1",
"T-FL1A31","1010","6068.08","1",
"T-FL1A310","1010","965.73","1",
"T-FL1A311","1010","965.73","1",
"T-FL1A312","1010","965.73","1",
"T-FL1A313","1010","965.73","1",
"T-FL1A314","1010","965.73","1",
"T-FL1A315","1010","965.73","1",
"T-FL1A316","1010","965.73","1",
"T-FL1A317","1010","965.73","1",
"T-FL1A318","1010","965.73","1",
"T-FL1A319","1010","1038.10","1",
"T-FL1A32","1010","6068.08","1",
"T-FL1A320","1010","965.73","1",
"T-FL1A321","1010","965.73","1",
"T-FL1A322","1010","965.73","1",
"T-FL1A323","1010","965.73","1",
"T-FL1A324","1010","965.73","1",
"T-FL1A325","1010","965.73","1",
"T-FL1A326","1010","965.73","1",
"T-FL1A327","1010","965.73","1",
"T-FL1A328","1010","965.73","1",
"T-FL1A329","1010","965.73","1",
"T-FL1A33","1010","6068.08","1",
"T-FL1A330","1010","965.73","1",
"T-FL1A331","1010","965.73","1",
"T-FL1A332","1010","965.73","1",
"T-FL1A333","1010","965.73","1",
"T-FL1A334","1010","965.73","1",
"T-FL1A335","1010","965.73","1",
"T-FL1A336","1010","965.73","1",
"T-FL1A337","1010","965.73","1",
"T-FL1A338","1010","965.73","1",
"T-FL1A339","1010","965.73","1",
"T-FL1A34","1010","6068.08","1",
"T-FL1A340","1010","965.73","1",
"T-FL1A341","1010","965.73","1",
"T-FL1A342","1010","965.73","1",
"T-FL1A343","1010","965.73","1",
"T-FL1A344","1010","965.73","1",
"T-FL1A345","1010","965.73","1",
"T-FL1A346","1010","965.73","1",
"T-FL1A347","1010","965.73","1",
"T-FL1A348","1010","965.73","1",
"T-FL1A349","1010","965.73","1",
"T-FL1A35","1010","6068.08","1",
"T-FL1A350","1010","965.73","1",
"T-FL1A351","1010","965.73","1",
"T-FL1A352","1010","965.73","1",
"T-FL1A353","1010","965.73","1",
"T-FL1A354","1010","965.73","1",
"T-FL1A355","1010","965.73","1",
"T-FL1A356","1010","965.73","1",
"T-FL1A357","1010","965.73","1",
"T-FL1A358","1010","965.73","1",
"T-FL1A359","1010","965.73","1",
"T-FL1A36","1010","6068.08","1",
"T-FL1A360","1010","965.73","1",
"T-FL1A361","1010","965.73","1",
"T-FL1A362","1010","965.73","1",
"T-FL1A363","1010","965.73","1",
"T-FL1A364","1010","965.73","1",
"T-FL1A365","1010","965.73","1",
"T-FL1A366","1010","965.73","1",
"T-FL1A367","1010","965.73","1",
"T-FL1A368","1010","965.73","1",
"T-FL1A369","1010","965.73","1",
"T-FL1A37","1010","6068.08","1",
"T-FL1A370","1010","965.73","1",
"T-FL1A371","1010","965.73","1",
"T-FL1A372","1010","965.73","1",
"T-FL1A373","1010","965.73","1",
"T-FL1A374","1010","965.73","1",
"T-FL1A375","1010","965.73","1",
"T-FL1A376","1010","965.73","1",
"T-FL1A377","1010","965.73","1",
"T-FL1A378","1010","965.73","1",
"T-FL1A379","1010","965.73","1",
"T-FL1A38","1010","6068.08","1",
"T-FL1A380","1010","965.73","1",
"T-FL1A381","1010","965.73","1",
"T-FL1A382","1010","965.73","1",
"T-FL1A383","1010","965.73","1",
"T-FL1A384","1010","965.73","1",
"T-FL1A385","1010","965.73","1",
"T-FL1A386","1010","965.73","1",
"T-FL1A387","1010","965.73","1",
"T-FL1A388","1010","965.73","1",
"T-FL1A389","1010","965.73","1",
"T-FL1A39","1010","6068.08","1",
"T-FL1A390","1010","965.73","1",
"T-FL1A391","1010","965.73","1",
"T-FL1A392","1010","965.73","1",
"T-FL1A393","1010","965.73","1",
"T-FL1A394","1010","965.73","1",
"T-FL1A395","1010","965.73","1",
"T-FL1A396","1010","965.73","1",
"T-FL1A397","1010","965.73","1",
"T-FL1A398","1010","965.73","1",
"T-FL1A399","1010","965.73","1",
"T-FL1A40","1010","6068.08","1",
"T-FL1A400","1010","700.50","1",
"T-FL1A401","1010","440.00","1",
"T-FL1A402","1010","440.00","1",
"T-FL1A403","1010","440.00","1",
"T-FL1A404","1010","440.00","1",
"T-FL1A405","1010","440.00","1",
"T-FL1A406","1010","440.00","1",
"T-FL1A407","1010","440.00","1",
"T-FL1A408","1010","440.00","1",
"T-FL1A409","1010","440.00","1",
"T-FL1A41","1010","6068.08","1",
"T-FL1A410","1010","440.00","1",
"T-FL1A411","1010","440.00","1",
"T-FL1A412","1010","440.00","1",
"T-FL1A413","1010","440.00","1",
"T-FL1A414","1010","440.00","1",
"T-FL1A415","1010","440.00","1",
"T-FL1A416","1010","440.00","1",
"T-FL1A417","1010","440.00","1",
"T-FL1A418","1010","440.00","1",
"T-FL1A419","1010","440.00","1",
"T-FL1A42","1010","6068.08","1",
"T-FL1A420","1010","440.00","1",
"T-FL1A421","1010","440.00","1",
"T-FL1A422","1010","440.00","1",
"T-FL1A423","1010","440.00","1",
"T-FL1A424","1010","440.00","1",
"T-FL1A425","1010","440.00","1",
"T-FL1A426","1010","440.00","1",
"T-FL1A427","1010","440.00","1",
"T-FL1A428","1010","440.00","1",
"T-FL1A429","1010","440.00","1",
"T-FL1A43","1010","6068.08","1",
"T-FL1A430","1010","440.00","1",
"T-FL1A431","1010","700.50","1",
"T-FL1A432","1010","700.50","1",
"T-FL1A433","1010","700.50","1",
"T-FL1A434","1010","700.50","1",
"T-FL1A435","1010","700.50","1",
"T-FL1A436","1010","700.50","1",
"T-FL1A437","1010","700.50","1",
"T-FL1A438","1010","700.50","1",
"T-FL1A439","1010","700.50","1",
"T-FL1A44","1010","6068.08","1",
"T-FL1A440","1010","700.50","1",
"T-FL1A441","1010","700.50","1",
"T-FL1A442","1010","700.50","1",
"T-FL1A443","1010","700.50","1",
"T-FL1A444","1010","700.50","1",
"T-FL1A445","1010","700.50","1",
"T-FL1A446","1010","700.50","1",
"T-FL1A447","1010","700.50","1",
"T-FL1A448","1010","700.50","1",
"T-FL1A449","1010","700.50","1",
"T-FL1A45","1010","6068.08","1",
"T-FL1A450","1010","700.50","1",
"T-FL1A451","1010","700.50","1",
"T-FL1A452","1010","700.50","1",
"T-FL1A453","1010","700.50","1",
"T-FL1A454","1010","700.50","1",
"T-FL1A455","1010","700.50","1",
"T-FL1A456","1010","700.50","1",
"T-FL1A457","1010","700.50","1",
"T-FL1A458","1010","700.50","1",
"T-FL1A459","1010","700.50","1",
"T-FL1A46","1010","6068.08","1",
"T-FL1A460","1010","700.50","1",
"T-FL1A461","1010","700.50","1",
"T-FL1A462","1010","700.50","1",
"T-FL1A463","1010","700.50","1",
"T-FL1A464","1010","700.50","1",
"T-FL1A465","1010","700.50","1",
"T-FL1A466","1010","700.50","1",
"T-FL1A467","1010","700.50","1",
"T-FL1A468","1010","700.50","1",
"T-FL1A469","1010","700.50","1",
"T-FL1A47","1010","6068.08","1",
"T-FL1A470","1010","700.50","1",
"T-FL1A471","1010","700.50","1",
"T-FL1A472","1010","700.50","1",
"T-FL1A473","1010","700.50","1",
"T-FL1A474","1010","700.50","1",
"T-FL1A475","1010","700.50","1",
"T-FL1A476","1010","700.50","1",
"T-FL1A477","1010","700.50","1",
"T-FL1A478","1010","700.50","1",
"T-FL1A479","1010","700.50","1",
"T-FL1A48","1010","6068.08","1",
"T-FL1A480","1010","700.50","1",
"T-FL1A481","1010","700.50","1",
"T-FL1A482","1010","700.50","1",
"T-FL1A483","1010","700.50","1",
"T-FL1A484","1010","700.50","1",
"T-FL1A485","1010","700.50","1",
"T-FL1A486","1010","700.50","1",
"T-FL1A487","1010","700.50","1",
"T-FL1A488","1010","700.50","1",
"T-FL1A489","1010","700.50","1",
"T-FL1A49","1010","6068.08","1",
"T-FL1A490","1010","700.50","1",
"T-FL1A491","1010","700.50","1",
"T-FL1A492","1010","700.50","1",
"T-FL1A493","1010","700.50","1",
"T-FL1A494","1010","700.50","1",
"T-FL1A495","1010","700.50","1",
"T-FL1A496","1010","700.50","1",
"T-FL1A497","1010","700.50","1",
"T-FL1A498","1010","700.50","1",
"T-FL1A499","1010","700.50","1",
"T-FL1A50","1010","6068.08","1",
"T-FL1A500","1010","276.14","1",
"T-FL1A501","1010","52.00","1",
"T-FL1A502","1010","52.00","1",
"T-FL1A503","1010","52.00","1",
"T-FL1A504","1010","52.00","1",
"T-FL1A505","1010","52.00","1",
"T-FL1A506","1010","52.00","1",
"T-FL1A507","1010","52.00","1",
"T-FL1A508","1010","52.00","1",
"T-FL1A509","1010","52.00","1",
"T-FL1A51","1010","6068.08","1",
"T-FL1A510","1010","52.00","1",
"T-FL1A511","1010","52.00","1",
"T-FL1A512","1010","52.00","1",
"T-FL1A513","1010","52.00","1",
"T-FL1A514","1010","52.00","1",
"T-FL1A515","1010","52.00","1",
"T-FL1A516","1010","52.00","1",
"T-FL1A517","1010","52.00","1",
"T-FL1A518","1010","52.00","1",
"T-FL1A519","1010","52.00","1",
"T-FL1A52","1010","6068.08","1",
"T-FL1A520","1010","52.00","1",
"T-FL1A521","1010","52.00","1",
"T-FL1A522","1010","52.00","1",
"T-FL1A523","1010","52.00","1",
"T-FL1A524","1010","52.00","1",
"T-FL1A525","1010","52.00","1",
"T-FL1A526","1010","52.00","1",
"T-FL1A527","1010","62.51","1",
"T-FL1A528","1010","52.00","1",
"T-FL1A529","1010","52.00","1",
"T-FL1A53","1010","6068.08","1",
"T-FL1A530","1010","52.00","1",
"T-FL1A531","1010","276.14","1",
"T-FL1A532","1010","276.14","1",
"T-FL1A533","1010","276.14","1",
"T-FL1A534","1010","276.14","1",
"T-FL1A535","1010","276.14","1",
"T-FL1A536","1010","276.14","1",
"T-FL1A537","1010","276.14","1",
"T-FL1A538","1010","276.14","1",
"T-FL1A539","1010","276.14","1",
"T-FL1A54","1010","6068.08","1",
"T-FL1A540","1010","276.14","1",
"T-FL1A541","1010","276.14","1",
"T-FL1A542","1010","276.14","1",
"T-FL1A543","1010","276.14","1",
"T-FL1A544","1010","276.14","1",
"T-FL1A545","1010","276.14","1",
"T-FL1A546","1010","276.14","1",
"T-FL1A547","1010","276.14","1",
"T-FL1A548","1010","276.14","1",
"T-FL1A549","1010","276.14","1",
"T-FL1A55","1010","6068.08","1",
"T-FL1A550","1010","276.14","1",
"T-FL1A551","1010","276.14","1",
"T-FL1A552","1010","276.14","1",
"T-FL1A553","1010","276.14","1",
"T-FL1A554","1010","276.14","1",
"T-FL1A555","1010","276.14","1",
"T-FL1A556","1010","276.14","1",
"T-FL1A557","1010","276.14","1",
"T-FL1A558","1010","276.14","1",
"T-FL1A559","1010","276.14","1",
"T-FL1A56","1010","6068.08","1",
"T-FL1A560","1010","276.14","1",
"T-FL1A561","1010","276.14","1",
"T-FL1A562","1010","276.14","1",
"T-FL1A563","1010","276.14","1",
"T-FL1A564","1010","276.14","1",
"T-FL1A565","1010","276.14","1",
"T-FL1A566","1010","276.14","1",
"T-FL1A567","1010","276.14","1",
"T-FL1A568","1010","276.14","1",
"T-FL1A569","1010","276.14","1",
"T-FL1A57","1010","6068.08","1",
"T-FL1A570","1010","276.14","1",
"T-FL1A571","1010","276.14","1",
"T-FL1A572","1010","276.14","1",
"T-FL1A573","1010","276.14","1",
"T-FL1A574","1010","276.14","1",
"T-FL1A575","1010","276.14","1",
"T-FL1A576","1010","276.14","1",
"T-FL1A577","1010","276.14","1",
"T-FL1A578","1010","276.14","1",
"T-FL1A579","1010","276.14","1",
"T-FL1A58","1010","6068.08","1",
"T-FL1A580","1010","276.14","1",
"T-FL1A581","1010","276.14","1",
"T-FL1A582","1010","276.14","1",
"T-FL1A583","1010","276.14","1",
"T-FL1A584","1010","276.14","1",
"T-FL1A585","1010","276.14","1",
"T-FL1A586","1010","276.14","1",
"T-FL1A587","1010","276.14","1",
"T-FL1A588","1010","276.14","1",
"T-FL1A589","1010","276.14","1",
"T-FL1A59","1010","6068.08","1",
"T-FL1A590","1010","276.14","1",
"T-FL1A591","1010","276.14","1",
"T-FL1A592","1010","276.14","1",
"T-FL1A593","1010","276.14","1",
"T-FL1A594","1010","276.14","1",
"T-FL1A595","1010","276.14","1",
"T-FL1A596","1010","276.14","1",
"T-FL1A597","1010","276.14","1",
"T-FL1A598","1010","276.14","1",
"T-FL1A599","1010","276.14","1",
"T-FL1A60","1010","6068.08","1",
"T-FL1A61","1010","6068.08","1",
"T-FL1A62","1010","6068.08","1",
"T-FL1A63","1010","6068.08","1",
"T-FL1A64","1010","6068.08","1",
"T-FL1A65","1010","6068.08","1",
"T-FL1A66","1010","6068.08","1",
"T-FL1A67","1010","6068.08","1",
"T-FL1A68","1010","6068.08","1",
"T-FL1A69","1010","6068.08","1",
"T-FL1A70","1010","6068.08","1",
"T-FL1A71","1010","6068.08","1",
"T-FL1A72","1010","6068.08","1",
"T-FL1A73","1010","6068.08","1",
"T-FL1A74","1010","6068.08","1",
"T-FL1A75","1010","6068.08","1",
"T-FL1A76","1010","6068.08","1",
"T-FL1A77","1010","6068.08","1",
"T-FL1A78","1010","6068.08","1",
"T-FL1A79","1010","6068.08","1",
"T-FL1A80","1010","6068.08","1",
"T-FL1A81","1010","6068.08","1",
"T-FL1A82","1010","6068.08","1",
"T-FL1A83","1010","6068.08","1",
"T-FL1A84","1010","6068.08","1",
"T-FL1A85","1010","6068.08","1",
"T-FL1A86","1010","6068.08","1",
"T-FL1A87","1010","6068.08","1",
"T-FL1A88","1010","6068.08","1",
"T-FL1A89","1010","6068.08","1",
"T-FL1A90","1010","6068.08","1",
"T-FL1A91","1010","6068.08","1",
"T-FL1A92","1010","6068.08","1",
"T-FL1A93","1010","6068.08","1",
"T-FL1A94","1010","6068.08","1",
"T-FL1A95","1010","6068.08","1",
"T-FL1A96","1010","6068.08","1",
"T-FL1A97","1010","6068.08","1",
"T-FL1A98","1010","6068.08","1",
"T-FL1A99","1010","6068.08","1",
"T-FL1B00","1010","1253.10","1",
"T-FL1B01","1010","1253.10","1",
"T-FL1B02","1010","1253.10","1",
"T-FL1B03","1010","1253.10","1",
"T-FL1B04","1010","1253.10","1",
"T-FL1B05","1010","1253.10","1",
"T-FL1B06","1010","1253.10","1",
"T-FL1B07","1010","1253.10","1",
"T-FL1B08","1010","1253.10","1",
"T-FL1B09","1010","1253.10","1",
"T-FL1B10","1010","1253.10","1",
"T-FL1B11","1010","1253.10","1",
"T-FL1B12","1010","1253.10","1",
"T-FL1B13","1010","1253.10","1",
"T-FL1B14","1010","1253.10","1",
"T-FL1B15","1010","1253.10","1",
"T-FL1B16","1010","1253.10","1",
"T-FL1B17","1010","1253.10","1",
"T-FL1B18","1010","1253.10","1",
"T-FL1B19","1010","1253.10","1",
"T-FL1B20","1010","1253.10","1",
"T-FL1B21","1010","1253.10","1",
"T-FL1B22","1010","1253.10","1",
"T-FL1B23","1010","1253.10","1",
"T-FL1B24","1010","1253.10","1",
"T-FL1B25","1010","1253.10","1",
"T-FL1B26","1010","1253.10","1",
"T-FL1B27","1010","1253.10","1",
"T-FL1B28","1010","1253.10","1",
"T-FL1B29","1010","1253.10","1",
"T-FL1B30","1010","1253.10","1",
"T-FL1B31","1010","1253.10","1",
"T-FL1B32","1010","1253.10","1",
"T-FL1B33","1010","1253.10","1",
"T-FL1B34","1010","1253.10","1",
"T-FL1B35","1010","1253.10","1",
"T-FL1B36","1010","1253.10","1",
"T-FL1B37","1010","1253.10","1",
"T-FL1B38","1010","1253.10","1",
"T-FL1B39","1010","1253.10","1",
"T-FL1B40","1010","1253.10","1",
"T-FL1B41","1010","1253.10","1",
"T-FL1B42","1010","1253.10","1",
"T-FL1B43","1010","1253.10","1",
"T-FL1B44","1010","1253.10","1",
"T-FL1B45","1010","1253.10","1",
"T-FL1B46","1010","1253.10","1",
"T-FL1B47","1010","1253.10","1",
"T-FL1B48","1010","1253.10","1",
"T-FL1B49","1010","1253.10","1",
"T-FL1B50","1010","1253.10","1",
"T-FL1B51","1010","1253.10","1",
"T-FL1B52","1010","1253.10","1",
"T-FL1B53","1010","1253.10","1",
"T-FL1B54","1010","1253.10","1",
"T-FL1B55","1010","1253.10","1",
"T-FL1B56","1010","1253.10","1",
"T-FL1B57","1010","1253.10","1",
"T-FL1B58","1010","1253.10","1",
"T-FL1B59","1010","1253.10","1",
"T-FL1B60","1010","1253.10","1",
"T-FL1B61","1010","1253.10","1",
"T-FL1B62","1010","1253.10","1",
"T-FL1B63","1010","1253.10","1",
"T-FL1B64","1010","1253.10","1",
"T-FL1B65","1010","1253.10","1",
"T-FL1B66","1010","1253.10","1",
"T-FL1B67","1010","1253.10","1",
"T-FL1B68","1010","1253.10","1",
"T-FL1B69","1010","1253.10","1",
"T-FL1B70","1010","1253.10","1",
"T-FL1B71","1010","1253.10","1",
"T-FL1B72","1010","1253.10","1",
"T-FL1B73","1010","1253.10","1",
"T-FL1B74","1010","1253.10","1",
"T-FL1B75","1010","1253.10","1",
"T-FL1B76","1010","1253.10","1",
"T-FL1B77","1010","1253.10","1",
"T-FL1B78","1010","1253.10","1",
"T-FL1B79","1010","1253.10","1",
"T-FL1B80","1010","1253.10","1",
"T-FL1B81","1010","1253.10","1",
"T-FL1B82","1010","1253.10","1",
"T-FL1B83","1010","1253.10","1",
"T-FL1B84","1010","1253.10","1",
"T-FL1B85","1010","1253.10","1",
"T-FL1B86","1010","1253.10","1",
"T-FL1B87","1010","1253.10","1",
"T-FL1B88","1010","1253.10","1",
"T-FL1B89","1010","1253.10","1",
"T-FL1B90","1010","1253.10","1",
"T-FL1B91","1010","1253.10","1",
"T-FL1B92","1010","1253.10","1",
"T-FL1B93","1010","1253.10","1",
"T-FL1B94","1010","1253.10","1",
"T-FL1B95","1010","1253.10","1",
"T-FL1B96","1010","1253.10","1",
"T-FL1B97","1010","1253.10","1",
"T-FL1B98","1010","1253.10","1",
"T-FL1B99","1010","1253.10","1",
"T-FL1C00","1010","1459.10","1",
"T-FL1C01","1010","1459.10","1",
"T-FL1C02","1010","1459.10","1",
"T-FL1C03","1010","1459.10","1",
"T-FL1C04","1010","1459.10","1",
"T-FL1C05","1010","1459.10","1",
"T-FL1C06","1010","1459.10","1",
"T-FL1C07","1010","1459.10","1",
"T-FL1C08","1010","1459.10","1",
"T-FL1C09","1010","1459.10","1",
"T-FL1C10","1010","1459.10","1",
"T-FL1C11","1010","1459.10","1",
"T-FL1C12","1010","1459.10","1",
"T-FL1C13","1010","1459.10","1",
"T-FL1C14","1010","1459.10","1",
"T-FL1C15","1010","1459.10","1",
"T-FL1C16","1010","1459.10","1",
"T-FL1C17","1010","1459.10","1",
"T-FL1C18","1010","1459.10","1",
"T-FL1C19","1010","1459.10","1",
"T-FL1C20","1010","1459.10","1",
"T-FL1C21","1010","1459.10","1",
"T-FL1C22","1010","1459.10","1",
"T-FL1C23","1010","1459.10","1",
"T-FL1C24","1010","1459.10","1",
"T-FL1C25","1010","1459.10","1",
"T-FL1C26","1010","1459.10","1",
"T-FL1C27","1010","1459.10","1",
"T-FL1C28","1010","1459.10","1",
"T-FL1C29","1010","1459.10","1",
"T-FL1C30","1010","1459.10","1",
"T-FL1C31","1010","1459.10","1",
"T-FL1C32","1010","1459.10","1",
"T-FL1C33","1010","1459.10","1",
"T-FL1C34","1010","1459.10","1",
"T-FL1C35","1010","1459.10","1",
"T-FL1C36","1010","1459.10","1",
"T-FL1C37","1010","1459.10","1",
"T-FL1C38","1010","1459.10","1",
"T-FL1C39","1010","1459.10","1",
"T-FL1C40","1010","1459.10","1",
"T-FL1C41","1010","1459.10","1",
"T-FL1C42","1010","1459.10","1",
"T-FL1C43","1010","1459.10","1",
"T-FL1C44","1010","1459.10","1",
"T-FL1C45","1010","1459.10","1",
"T-FL1C46","1010","1459.10","1",
"T-FL1C47","1010","1459.10","1",
"T-FL1C48","1010","1459.10","1",
"T-FL1C49","1010","1459.10","1",
"T-FL1C50","1010","1459.10","1",
"T-FL1C51","1010","1459.10","1",
"T-FL1C52","1010","1459.10","1",
"T-FL1C53","1010","1459.10","1",
"T-FL1C54","1010","1459.10","1",
"T-FL1C55","1010","1459.10","1",
"T-FL1C56","1010","1459.10","1",
"T-FL1C57","1010","1459.10","1",
"T-FL1C58","1010","1459.10","1",
"T-FL1C59","1010","1459.10","1",
"T-FL1C60","1010","1459.10","1",
"T-FL1C61","1010","1459.10","1",
"T-FL1C62","1010","1459.10","1",
"T-FL1C63","1010","1459.10","1",
"T-FL1C64","1010","1459.10","1",
"T-FL1C65","1010","1459.10","1",
"T-FL1C66","1010","1459.10","1",
"T-FL1C67","1010","1459.10","1",
"T-FL1C68","1010","1459.10","1",
"T-FL1C69","1010","1459.10","1",
"T-FL1C70","1010","1459.10","1",
"T-FL1C71","1010","1459.10","1",
"T-FL1C72","1010","1459.10","1",
"T-FL1C73","1010","1459.10","1",
"T-FL1C74","1010","1459.10","1",
"T-FL1C75","1010","1459.10","1",
"T-FL1C76","1010","1459.10","1",
"T-FL1C77","1010","1459.10","1",
"T-FL1C78","1010","1459.10","1",
"T-FL1C79","1010","1459.10","1",
"T-FL1C80","1010","1459.10","1",
"T-FL1C81","1010","1459.10","1",
"T-FL1C82","1010","1459.10","1",
"T-FL1C83","1010","1459.10","1",
"T-FL1C84","1010","1459.10","1",
"T-FL1C85","1010","1459.10","1",
"T-FL1C86","1010","1459.10","1",
"T-FL1C87","1010","1459.10","1",
"T-FL1C88","1010","1459.10","1",
"T-FL1C89","1010","1459.10","1",
"T-FL1C90","1010","1459.10","1",
"T-FL1C91","1010","1459.10","1",
"T-FL1C92","1010","1459.10","1",
"T-FL1C93","1010","1459.10","1",
"T-FL1C94","1010","1459.10","1",
"T-FL1C95","1010","1459.10","1",
"T-FL1C96","1010","1459.10","1",
"T-FL1C97","1010","1459.10","1",
"T-FL1C98","1010","1459.10","1",
"T-FL1C99","1010","1459.10","1",
"T-FL1D00","1010","1047.10","1",
"T-FL1D01","1010","1047.10","1",
"T-FL1D02","1010","1047.10","1",
"T-FL1D03","1010","1047.10","1",
"T-FL1D04","1010","1047.10","1",
"T-FL1D05","1010","1047.10","1",
"T-FL1D06","1010","1047.10","1",
"T-FL1D07","1010","1047.10","1",
"T-FL1D08","1010","1047.10","1",
"T-FL1D09","1010","1047.10","1",
"T-FL1D10","1010","1047.10","1",
"T-FL1D11","1010","1047.10","1",
"T-FL1D12","1010","1047.10","1",
"T-FL1D13","1010","1047.10","1",
"T-FL1D14","1010","1047.10","1",
"T-FL1D15","1010","1047.10","1",
"T-FL1D16","1010","1047.10","1",
"T-FL1D17","1010","1047.10","1",
"T-FL1D18","1010","1047.10","1",
"T-FL1D19","1010","1047.10","1",
"T-FL1D20","1010","1047.10","1",
"T-FL1D21","1010","1047.10","1",
"T-FL1D22","1010","1047.10","1",
"T-FL1D23","1010","1047.10","1",
"T-FL1D24","1010","1047.10","1",
"T-FL1D25","1010","1047.10","1",
"T-FL1D26","1010","1047.10","1",
"T-FL1D27","1010","1047.10","1",
"T-FL1D28","1010","1047.10","1",
"T-FL1D29","1010","1047.10","1",
"T-FL1D30","1010","1047.10","1",
"T-FL1D31","1010","1047.10","1",
"T-FL1D32","1010","1047.10","1",
"T-FL1D33","1010","1047.10","1",
"T-FL1D34","1010","1047.10","1",
"T-FL1D35","1010","1047.10","1",
"T-FL1D36","1010","1047.10","1",
"T-FL1D37","1010","1047.10","1",
"T-FL1D38","1010","1047.10","1",
"T-FL1D39","1010","1047.10","1",
"T-FL1D40","1010","1047.10","1",
"T-FL1D41","1010","1047.10","1",
"T-FL1D42","1010","1047.10","1",
"T-FL1D43","1010","1047.10","1",
"T-FL1D44","1010","1047.10","1",
"T-FL1D45","1010","1047.10","1",
"T-FL1D46","1010","1047.10","1",
"T-FL1D47","1010","1047.10","1",
"T-FL1D48","1010","1047.10","1",
"T-FL1D49","1010","1047.10","1",
"T-FL1D50","1010","1047.10","1",
"T-FL1D51","1010","1047.10","1",
"T-FL1D52","1010","1047.10","1",
"T-FL1D53","1010","1047.10","1",
"T-FL1D54","1010","1047.10","1",
"T-FL1D55","1010","1047.10","1",
"T-FL1D56","1010","1047.10","1",
"T-FL1D57","1010","1047.10","1",
"T-FL1D58","1010","1047.10","1",
"T-FL1D59","1010","1047.10","1",
"T-FL1D60","1010","1047.10","1",
"T-FL1D61","1010","1047.10","1",
"T-FL1D62","1010","1047.10","1",
"T-FL1D63","1010","1047.10","1",
"T-FL1D64","1010","1047.10","1",
"T-FL1D65","1010","1047.10","1",
"T-FL1D66","1010","1047.10","1",
"T-FL1D67","1010","1047.10","1",
"T-FL1D68","1010","1047.10","1",
"T-FL1D69","1010","1047.10","1",
"T-FL1D70","1010","1047.10","1",
"T-FL1D71","1010","1047.10","1",
"T-FL1D72","1010","1047.10","1",
"T-FL1D73","1010","1047.10","1",
"T-FL1D74","1010","1047.10","1",
"T-FL1D75","1010","1047.10","1",
"T-FL1D76","1010","1047.10","1",
"T-FL1D77","1010","1047.10","1",
"T-FL1D78","1010","1047.10","1",
"T-FL1D79","1010","1047.10","1",
"T-FL1D80","1010","1047.10","1",
"T-FL1D81","1010","1047.10","1",
"T-FL1D82","1010","1047.10","1",
"T-FL1D83","1010","1047.10","1",
"T-FL1D84","1010","1047.10","1",
"T-FL1D85","1010","1047.10","1",
"T-FL1D86","1010","1047.10","1",
"T-FL1D87","1010","1047.10","1",
"T-FL1D88","1010","1047.10","1",
"T-FL1D89","1010","1047.10","1",
"T-FL1D90","1010","1047.10","1",
"T-FL1D91","1010","1047.10","1",
"T-FL1D92","1010","1047.10","1",
"T-FL1D93","1010","1047.10","1",
"T-FL1D94","1010","1047.10","1",
"T-FL1D95","1010","1047.10","1",
"T-FL1D96","1010","1047.10","1",
"T-FL1D97","1010","1047.10","1",
"T-FL1D98","1010","1047.10","1",
"T-FL1D99","1010","1047.10","1",
"T-FL20","1010","40191.73","1",
"T-FL200","1010","507.94","1",
"T-FL201","1010","642.36","1",
"T-FL202","1010","507.94","1",
"T-FL203","1010","507.94","1",
"T-FL204","1010","507.94","1",
"T-FL205","1010","507.94","1",
"T-FL206","1010","507.94","1",
"T-FL207","1010","507.94","1",
"T-FL208","1010","507.94","1",
"T-FL209","1010","507.94","1",
"T-FL21","1010","39963.41","1",
"T-FL210","1010","507.94","1",
"T-FL211","1010","507.94","1",
"T-FL212","1010","507.94","1",
"T-FL213","1010","507.94","1",
"T-FL214","1010","507.94","1",
"T-FL215","1010","507.94","1",
"T-FL216","1010","507.94","1",
"T-FL217","1010","507.94","1",
"T-FL218","1010","507.94","1",
"T-FL219","1010","507.94","1",
"T-FL22","1010","39963.41","1",
"T-FL220","1010","507.94","1",
"T-FL221","1010","507.94","1",
"T-FL222","1010","507.94","1",
"T-FL223","1010","507.94","1",
"T-FL224","1010","507.94","1",
"T-FL225","1010","522.64","1",
"T-FL226","1010","522.64","1",
"T-FL227","1010","507.94","1",
"T-FL228","1010","507.94","1",
"T-FL229","1010","507.94","1",
"T-FL23","1010","39963.41","1",
"T-FL230","1010","507.94","1",
"T-FL231","1010","507.94","1",
"T-FL232","1010","507.94","1",
"T-FL233","1010","507.94","1",
"T-FL234","1010","507.94","1",
"T-FL235","1010","507.94","1",
"T-FL236","1010","507.94","1",
"T-FL237","1010","507.94","1",
"T-FL238","1010","507.94","1",
"T-FL239","1010","507.94","1",
"T-FL24","1010","40191.73","1",
"T-FL240","1010","507.94","1",
"T-FL241","1010","507.94","1",
"T-FL242","1010","507.94","1",
"T-FL243","1010","507.94","1",
"T-FL244","1010","507.94","1",
"T-FL245","1010","507.94","1",
"T-FL246","1010","507.94","1",
"T-FL247","1010","507.94","1",
"T-FL248","1010","507.94","1",
"T-FL249","1010","507.94","1",
"T-FL25","1010","40206.96","1",
"T-FL250","1010","507.94","1",
"T-FL251","1010","507.94","1",
"T-FL252","1010","507.94","1",
"T-FL253","1010","507.94","1",
"T-FL254","1010","507.94","1",
"T-FL255","1010","507.94","1",
"T-FL256","1010","507.94","1",
"T-FL257","1010","507.94","1",
"T-FL258","1010","507.94","1",
"T-FL259","1010","507.94","1",
"T-FL26","1010","40206.96","1",
"T-FL260","1010","507.94","1",
"T-FL261","1010","507.94","1",
"T-FL262","1010","507.94","1",
"T-FL263","1010","507.94","1",
"T-FL264","1010","507.94","1",
"T-FL265","1010","507.94","1",
"T-FL266","1010","507.94","1",
"T-FL267","1010","507.94","1",
"T-FL268","1010","507.94","1",
"T-FL269","1010","507.94","1",
"T-FL27","1010","40203.10","1",
"T-FL270","1010","507.94","1",
"T-FL271","1010","507.94","1",
"T-FL272","1010","507.94","1",
"T-FL273","1010","507.94","1",
"T-FL274","1010","507.94","1",
"T-FL275","1010","507.94","1",
"T-FL276","1010","507.94","1",
"T-FL277","1010","507.94","1",
"T-FL278","1010","507.94","1",
"T-FL279","1010","507.94","1",
"T-FL28","1010","40191.73","1",
"T-FL280","1010","507.94","1",
"T-FL281","1010","507.94","1",
"T-FL282","1010","507.94","1",
"T-FL283","1010","507.94","1",
"T-FL284","1010","507.94","1",
"T-FL285","1010","507.94","1",
"T-FL286","1010","507.94","1",
"T-FL287","1010","507.94","1",
"T-FL288","1010","507.94","1",
"T-FL289","1010","507.94","1",
"T-FL29","1010","40191.73","1",
"T-FL290","1010","507.94","1",
"T-FL291","1010","507.94","1",
"T-FL292","1010","507.94","1",
"T-FL293","1010","507.94","1",
"T-FL294","1010","507.94","1",
"T-FL295","1010","507.94","1",
"T-FL296","1010","507.94","1",
"T-FL297","1010","507.94","1",
"T-FL298","1010","507.94","1",
"T-FL299","1010","0","1",
"T-FL2A00","1010","180.00","1",
"T-FL2A01","1010","180.00","1",
"T-FL2A02","1010","180.00","1",
"T-FL2A03","1010","180.00","1",
"T-FL2A04","1010","180.00","1",
"T-FL2A05","1010","180.00","1",
"T-FL2A06","1010","180.00","1",
"T-FL2A07","1010","180.00","1",
"T-FL2A08","1010","180.00","1",
"T-FL2A09","1010","180.00","1",
"T-FL2A10","1010","180.00","1",
"T-FL2A11","1010","180.00","1",
"T-FL2A12","1010","180.00","1",
"T-FL2A13","1010","180.00","1",
"T-FL2A14","1010","180.00","1",
"T-FL2A15","1010","180.00","1",
"T-FL2A16","1010","180.00","1",
"T-FL2A17","1010","180.00","1",
"T-FL2A18","1010","180.00","1",
"T-FL2A19","1010","180.00","1",
"T-FL2A20","1010","180.00","1",
"T-FL2A21","1010","180.00","1",
"T-FL2A22","1010","180.00","1",
"T-FL2A23","1010","180.00","1",
"T-FL2A24","1010","180.00","1",
"T-FL2A25","1010","194.35","1",
"T-FL2A26","1010","194.35","1",
"T-FL2A27","1010","180.00","1",
"T-FL2A28","1010","180.00","1",
"T-FL2A29","1010","180.00","1",
"T-FL2A30","1010","180.00","1",
"T-FL2A31","1010","180.00","1",
"T-FL2A32","1010","180.00","1",
"T-FL2A33","1010","180.00","1",
"T-FL2A34","1010","180.00","1",
"T-FL2A35","1010","180.00","1",
"T-FL2A36","1010","180.00","1",
"T-FL2A37","1010","180.00","1",
"T-FL2A38","1010","180.00","1",
"T-FL2A39","1010","180.00","1",
"T-FL2A40","1010","180.00","1",
"T-FL2A41","1010","180.00","1",
"T-FL2A42","1010","180.00","1",
"T-FL2A43","1010","180.00","1",
"T-FL2A44","1010","180.00","1",
"T-FL2A45","1010","180.00","1",
"T-FL2A46","1010","180.00","1",
"T-FL2A47","1010","180.00","1",
"T-FL2A48","1010","180.00","1",
"T-FL2A49","1010","180.00","1",
"T-FL2A50","1010","180.00","1",
"T-FL2A51","1010","180.00","1",
"T-FL2A52","1010","180.00","1",
"T-FL2A53","1010","180.00","1",
"T-FL2A54","1010","180.00","1",
"T-FL2A55","1010","180.00","1",
"T-FL2A56","1010","180.00","1",
"T-FL2A57","1010","180.00","1",
"T-FL2A58","1010","180.00","1",
"T-FL2A59","1010","180.00","1",
"T-FL2A60","1010","180.00","1",
"T-FL2A61","1010","180.00","1",
"T-FL2A62","1010","180.00","1",
"T-FL2A63","1010","180.00","1",
"T-FL2A64","1010","180.00","1",
"T-FL2A65","1010","180.00","1",
"T-FL2A66","1010","180.00","1",
"T-FL2A67","1010","180.00","1",
"T-FL2A68","1010","180.00","1",
"T-FL2A69","1010","180.00","1",
"T-FL2A70","1010","180.00","1",
"T-FL2A71","1010","180.00","1",
"T-FL2A72","1010","180.00","1",
"T-FL2A73","1010","180.00","1",
"T-FL2A74","1010","180.00","1",
"T-FL2A75","1010","180.00","1",
"T-FL2A76","1010","180.00","1",
"T-FL2A77","1010","180.00","1",
"T-FL2A78","1010","180.00","1",
"T-FL2A79","1010","180.00","1",
"T-FL2A80","1010","180.00","1",
"T-FL2A81","1010","180.00","1",
"T-FL2A82","1010","180.00","1",
"T-FL2A83","1010","180.00","1",
"T-FL2A84","1010","180.00","1",
"T-FL2A85","1010","180.00","1",
"T-FL2A86","1010","180.00","1",
"T-FL2A87","1010","180.00","1",
"T-FL2A88","1010","180.00","1",
"T-FL2A89","1010","180.00","1",
"T-FL2A90","1010","180.00","1",
"T-FL2A91","1010","180.00","1",
"T-FL2A92","1010","180.00","1",
"T-FL2A93","1010","180.00","1",
"T-FL2A94","1010","180.00","1",
"T-FL2A95","1010","180.00","1",
"T-FL2A96","1010","180.00","1",
"T-FL2A97","1010","180.00","1",
"T-FL2A98","1010","180.00","1",
"T-FL2A99","1010","180.00","1",
"T-FL2B00","1010","130.00","1",
"T-FL2B01","1010","261.15","1",
"T-FL2B02","1010","130.00","1",
"T-FL2B03","1010","130.00","1",
"T-FL2B04","1010","130.00","1",
"T-FL2B05","1010","130.00","1",
"T-FL2B06","1010","130.00","1",
"T-FL2B07","1010","130.00","1",
"T-FL2B08","1010","130.00","1",
"T-FL2B09","1010","130.00","1",
"T-FL2B10","1010","130.00","1",
"T-FL2B11","1010","130.00","1",
"T-FL2B12","1010","130.00","1",
"T-FL2B13","1010","130.00","1",
"T-FL2B14","1010","130.00","1",
"T-FL2B15","1010","130.00","1",
"T-FL2B16","1010","130.00","1",
"T-FL2B17","1010","130.00","1",
"T-FL2B18","1010","130.00","1",
"T-FL2B19","1010","130.00","1",
"T-FL2B20","1010","130.00","1",
"T-FL2B21","1010","130.00","1",
"T-FL2B22","1010","130.00","1",
"T-FL2B23","1010","130.00","1",
"T-FL2B24","1010","130.00","1",
"T-FL2B25","1010","130.00","1",
"T-FL2B26","1010","130.00","1",
"T-FL2B27","1010","130.00","1",
"T-FL2B28","1010","130.00","1",
"T-FL2B29","1010","130.00","1",
"T-FL2B30","1010","130.00","1",
"T-FL2B31","1010","130.00","1",
"T-FL2B32","1010","130.00","1",
"T-FL2B33","1010","130.00","1",
"T-FL2B34","1010","130.00","1",
"T-FL2B35","1010","130.00","1",
"T-FL2B36","1010","130.00","1",
"T-FL2B37","1010","130.00","1",
"T-FL2B38","1010","130.00","1",
"T-FL2B39","1010","130.00","1",
"T-FL2B40","1010","130.00","1",
"T-FL2B41","1010","130.00","1",
"T-FL2B42","1010","130.00","1",
"T-FL2B43","1010","130.00","1",
"T-FL2B44","1010","130.00","1",
"T-FL2B45","1010","130.00","1",
"T-FL2B46","1010","130.00","1",
"T-FL2B47","1010","130.00","1",
"T-FL2B48","1010","130.00","1",
"T-FL2B49","1010","130.00","1",
"T-FL2B50","1010","130.00","1",
"T-FL2B51","1010","130.00","1",
"T-FL2B52","1010","130.00","1",
"T-FL2B53","1010","130.00","1",
"T-FL2B54","1010","130.00","1",
"T-FL2B55","1010","130.00","1",
"T-FL2B56","1010","130.00","1",
"T-FL2B57","1010","130.00","1",
"T-FL2B58","1010","130.00","1",
"T-FL2B59","1010","130.00","1",
"T-FL2B60","1010","130.00","1",
"T-FL2B61","1010","130.00","1",
"T-FL2B62","1010","130.00","1",
"T-FL2B63","1010","130.00","1",
"T-FL2B64","1010","130.00","1",
"T-FL2B65","1010","130.00","1",
"T-FL2B66","1010","130.00","1",
"T-FL2B67","1010","130.00","1",
"T-FL2B68","1010","130.00","1",
"T-FL2B69","1010","130.00","1",
"T-FL2B70","1010","130.00","1",
"T-FL2B71","1010","130.00","1",
"T-FL2B72","1010","130.00","1",
"T-FL2B73","1010","130.00","1",
"T-FL2B74","1010","130.00","1",
"T-FL2B75","1010","130.00","1",
"T-FL2B76","1010","130.00","1",
"T-FL2B77","1010","130.00","1",
"T-FL2B78","1010","130.00","1",
"T-FL2B79","1010","130.00","1",
"T-FL2B80","1010","130.00","1",
"T-FL2B81","1010","130.00","1",
"T-FL2B82","1010","130.00","1",
"T-FL2B83","1010","130.00","1",
"T-FL2B84","1010","130.00","1",
"T-FL2B85","1010","130.00","1",
"T-FL2B86","1010","130.00","1",
"T-FL2B87","1010","130.00","1",
"T-FL2B88","1010","130.00","1",
"T-FL2B89","1010","130.00","1",
"T-FL2B90","1010","130.00","1",
"T-FL2B91","1010","130.00","1",
"T-FL2B92","1010","130.00","1",
"T-FL2B93","1010","130.00","1",
"T-FL2B94","1010","130.00","1",
"T-FL2B95","1010","130.00","1",
"T-FL2B96","1010","130.00","1",
"T-FL2B97","1010","130.00","1",
"T-FL2B98","1010","130.00","1",
"T-FL2B99","1010","130.00","1",
"T-FL30","1010","38984.61","1",
"T-FL300","1010","4427.26","1",
"T-FL301","1010","4399.48","1",
"T-FL302","1010","4399.48","1",
"T-FL303","1010","4399.48","1",
"T-FL304","1010","4399.48","1",
"T-FL305","1010","4399.48","1",
"T-FL306","1010","4399.48","1",
"T-FL307","1010","4399.48","1",
"T-FL308","1010","4399.48","1",
"T-FL309","1010","4399.48","1",
"T-FL31","1010","39337.70","1",
"T-FL310","1010","4399.48","1",
"T-FL311","1010","4399.48","1",
"T-FL312","1010","4399.48","1",
"T-FL313","1010","4399.48","1",
"T-FL314","1010","4399.48","1",
"T-FL315","1010","4399.48","1",
"T-FL316","1010","4399.48","1",
"T-FL317","1010","4399.48","1",
"T-FL318","1010","4399.48","1",
"T-FL319","1010","4399.48","1",
"T-FL32","1010","39337.70","1",
"T-FL320","1010","4399.48","1",
"T-FL321","1010","4399.48","1",
"T-FL322","1010","4399.48","1",
"T-FL323","1010","4399.48","1",
"T-FL324","1010","4399.48","1",
"T-FL325","1010","4399.48","1",
"T-FL326","1010","4399.48","1",
"T-FL327","1010","4399.48","1",
"T-FL328","1010","4399.48","1",
"T-FL329","1010","4399.48","1",
"T-FL33","1010","39337.70","1",
"T-FL330","1010","4399.48","1",
"T-FL331","1010","4427.26","1",
"T-FL332","1010","4427.26","1",
"T-FL333","1010","4427.26","1",
"T-FL334","1010","4427.26","1",
"T-FL335","1010","4427.26","1",
"T-FL336","1010","4427.26","1",
"T-FL337","1010","4427.26","1",
"T-FL338","1010","4427.26","1",
"T-FL339","1010","4427.26","1",
"T-FL34","1010","39337.70","1",
"T-FL340","1010","4427.26","1",
"T-FL341","1010","4427.26","1",
"T-FL342","1010","4427.26","1",
"T-FL343","1010","4427.26","1",
"T-FL344","1010","4427.26","1",
"T-FL345","1010","4427.26","1",
"T-FL346","1010","4427.26","1",
"T-FL347","1010","4427.26","1",
"T-FL348","1010","4427.26","1",
"T-FL349","1010","4427.26","1",
"T-FL35","1010","39337.70","1",
"T-FL350","1010","4427.26","1",
"T-FL351","1010","4427.26","1",
"T-FL352","1010","4427.26","1",
"T-FL353","1010","4427.26","1",
"T-FL354","1010","4427.26","1",
"T-FL355","1010","4427.26","1",
"T-FL356","1010","4427.26","1",
"T-FL357","1010","4427.26","1",
"T-FL358","1010","4427.26","1",
"T-FL359","1010","4427.26","1",
"T-FL36","1010","39337.70","1",
"T-FL360","1010","4427.26","1",
"T-FL361","1010","4427.26","1",
"T-FL362","1010","4427.26","1",
"T-FL363","1010","4427.26","1",
"T-FL364","1010","4427.26","1",
"T-FL365","1010","4427.26","1",
"T-FL366","1010","4427.26","1",
"T-FL367","1010","4427.26","1",
"T-FL368","1010","4427.26","1",
"T-FL369","1010","4427.26","1",
"T-FL37","1010","39337.70","1",
"T-FL370","1010","4427.26","1",
"T-FL371","1010","4427.26","1",
"T-FL372","1010","4427.26","1",
"T-FL373","1010","4427.26","1",
"T-FL374","1010","4427.26","1",
"T-FL375","1010","4427.26","1",
"T-FL376","1010","4427.26","1",
"T-FL377","1010","4427.26","1",
"T-FL378","1010","4427.26","1",
"T-FL379","1010","4427.26","1",
"T-FL38","1010","39337.70","1",
"T-FL380","1010","4427.26","1",
"T-FL381","1010","4427.26","1",
"T-FL382","1010","4427.26","1",
"T-FL383","1010","4427.26","1",
"T-FL384","1010","4427.26","1",
"T-FL385","1010","4427.26","1",
"T-FL386","1010","4427.26","1",
"T-FL387","1010","4427.26","1",
"T-FL388","1010","4427.26","1",
"T-FL389","1010","4427.26","1",
"T-FL39","1010","39337.70","1",
"T-FL390","1010","4427.26","1",
"T-FL391","1010","4427.26","1",
"T-FL392","1010","4427.26","1",
"T-FL393","1010","4427.26","1",
"T-FL394","1010","4427.26","1",
"T-FL395","1010","4427.26","1",
"T-FL396","1010","4427.26","1",
"T-FL397","1010","4427.26","1",
"T-FL398","1010","4427.26","1",
"T-FL399","1010","4427.26","1",
"T-FL3A00","1010","2826.80","1",
"T-FL3A01","1010","2826.80","1",
"T-FL3A02","1010","2826.80","1",
"T-FL3A03","1010","2826.80","1",
"T-FL3A04","1010","2826.80","1",
"T-FL3A05","1010","2826.80","1",
"T-FL3A06","1010","2826.80","1",
"T-FL3A07","1010","2826.80","1",
"T-FL3A08","1010","2826.80","1",
"T-FL3A09","1010","2826.80","1",
"T-FL3A10","1010","2826.80","1",
"T-FL3A11","1010","2826.80","1",
"T-FL3A12","1010","2826.80","1",
"T-FL3A13","1010","2826.80","1",
"T-FL3A14","1010","2826.80","1",
"T-FL3A15","1010","2826.80","1",
"T-FL3A16","1010","2826.80","1",
"T-FL3A17","1010","2826.80","1",
"T-FL3A18","1010","2826.80","1",
"T-FL3A19","1010","2826.80","1",
"T-FL3A20","1010","2826.80","1",
"T-FL3A21","1010","2826.80","1",
"T-FL3A22","1010","2826.80","1",
"T-FL3A23","1010","2826.80","1",
"T-FL3A24","1010","2826.80","1",
"T-FL3A25","1010","2826.80","1",
"T-FL3A26","1010","2826.80","1",
"T-FL3A27","1010","2800.00","1",
"T-FL3A28","1010","2826.80","1",
"T-FL3A29","1010","2826.80","1",
"T-FL3A30","1010","2826.80","1",
"T-FL3A31","1010","2826.80","1",
"T-FL3A32","1010","2826.80","1",
"T-FL3A33","1010","2826.80","1",
"T-FL3A34","1010","2826.80","1",
"T-FL3A35","1010","2826.80","1",
"T-FL3A36","1010","2826.80","1",
"T-FL3A37","1010","2826.80","1",
"T-FL3A38","1010","2826.80","1",
"T-FL3A39","1010","2826.80","1",
"T-FL3A40","1010","2826.80","1",
"T-FL3A41","1010","2826.80","1",
"T-FL3A42","1010","2826.80","1",
"T-FL3A43","1010","2826.80","1",
"T-FL3A44","1010","2826.80","1",
"T-FL3A45","1010","2826.80","1",
"T-FL3A46","1010","2826.80","1",
"T-FL3A47","1010","2826.80","1",
"T-FL3A48","1010","2826.80","1",
"T-FL3A49","1010","2826.80","1",
"T-FL3A50","1010","2826.80","1",
"T-FL3A51","1010","2826.80","1",
"T-FL3A52","1010","2826.80","1",
"T-FL3A53","1010","2826.80","1",
"T-FL3A54","1010","2826.80","1",
"T-FL3A55","1010","2826.80","1",
"T-FL3A56","1010","2826.80","1",
"T-FL3A57","1010","2826.80","1",
"T-FL3A58","1010","2826.80","1",
"T-FL3A59","1010","2826.80","1",
"T-FL3A60","1010","2826.80","1",
"T-FL3A61","1010","2826.80","1",
"T-FL3A62","1010","2826.80","1",
"T-FL3A63","1010","2826.80","1",
"T-FL3A64","1010","2826.80","1",
"T-FL3A65","1010","2826.80","1",
"T-FL3A66","1010","2826.80","1",
"T-FL3A67","1010","2826.80","1",
"T-FL3A68","1010","2826.80","1",
"T-FL3A69","1010","2826.80","1",
"T-FL3A70","1010","2826.80","1",
"T-FL3A71","1010","2826.80","1",
"T-FL3A72","1010","2826.80","1",
"T-FL3A73","1010","2826.80","1",
"T-FL3A74","1010","2826.80","1",
"T-FL3A75","1010","2826.80","1",
"T-FL3A76","1010","2826.80","1",
"T-FL3A77","1010","2826.80","1",
"T-FL3A78","1010","2826.80","1",
"T-FL3A79","1010","2826.80","1",
"T-FL3A80","1010","2826.80","1",
"T-FL3A81","1010","2826.80","1",
"T-FL3A82","1010","2826.80","1",
"T-FL3A83","1010","2826.80","1",
"T-FL3A84","1010","2826.80","1",
"T-FL3A85","1010","2826.80","1",
"T-FL3A86","1010","2826.80","1",
"T-FL3A87","1010","2826.80","1",
"T-FL3A88","1010","2826.80","1",
"T-FL3A89","1010","2826.80","1",
"T-FL3A90","1010","2826.80","1",
"T-FL3A91","1010","2826.80","1",
"T-FL3A92","1010","2826.80","1",
"T-FL3A93","1010","2826.80","1",
"T-FL3A94","1010","2826.80","1",
"T-FL3A95","1010","2826.80","1",
"T-FL3A96","1010","2826.80","1",
"T-FL3A97","1010","2826.80","1",
"T-FL3A98","1010","2826.80","1",
"T-FL3A99","1010","2826.80","1",
"T-FL3B00","1010","1026.80","1",
"T-FL3B01","1010","1026.80","1",
"T-FL3B02","1010","1026.80","1",
"T-FL3B03","1010","1026.80","1",
"T-FL3B04","1010","1026.80","1",
"T-FL3B05","1010","1026.80","1",
"T-FL3B06","1010","1026.80","1",
"T-FL3B07","1010","1026.80","1",
"T-FL3B08","1010","1026.80","1",
"T-FL3B09","1010","1026.80","1",
"T-FL3B10","1010","1026.80","1",
"T-FL3B11","1010","1026.80","1",
"T-FL3B12","1010","1026.80","1",
"T-FL3B13","1010","1026.80","1",
"T-FL3B14","1010","1026.80","1",
"T-FL3B15","1010","1026.80","1",
"T-FL3B16","1010","1026.80","1",
"T-FL3B17","1010","1026.80","1",
"T-FL3B18","1010","1026.80","1",
"T-FL3B19","1010","1026.80","1",
"T-FL3B20","1010","1026.80","1",
"T-FL3B21","1010","1026.80","1",
"T-FL3B22","1010","1026.80","1",
"T-FL3B23","1010","1026.80","1",
"T-FL3B24","1010","1026.80","1",
"T-FL3B25","1010","1026.80","1",
"T-FL3B26","1010","1026.80","1",
"T-FL3B27","1010","1000.00","1",
"T-FL3B28","1010","1026.80","1",
"T-FL3B29","1010","1026.80","1",
"T-FL3B30","1010","1026.80","1",
"T-FL3B31","1010","1026.80","1",
"T-FL3B32","1010","1026.80","1",
"T-FL3B33","1010","1026.80","1",
"T-FL3B34","1010","1026.80","1",
"T-FL3B35","1010","1026.80","1",
"T-FL3B36","1010","1026.80","1",
"T-FL3B37","1010","1026.80","1",
"T-FL3B38","1010","1026.80","1",
"T-FL3B39","1010","1026.80","1",
"T-FL3B40","1010","1026.80","1",
"T-FL3B41","1010","1026.80","1",
"T-FL3B42","1010","1026.80","1",
"T-FL3B43","1010","1026.80","1",
"T-FL3B44","1010","1026.80","1",
"T-FL3B45","1010","1026.80","1",
"T-FL3B46","1010","1026.80","1",
"T-FL3B47","1010","1026.80","1",
"T-FL3B48","1010","1026.80","1",
"T-FL3B49","1010","1026.80","1",
"T-FL3B50","1010","1026.80","1",
"T-FL3B51","1010","1026.80","1",
"T-FL3B52","1010","1026.80","1",
"T-FL3B53","1010","1026.80","1",
"T-FL3B54","1010","1026.80","1",
"T-FL3B55","1010","1026.80","1",
"T-FL3B56","1010","1026.80","1",
"T-FL3B57","1010","1026.80","1",
"T-FL3B58","1010","1026.80","1",
"T-FL3B59","1010","1026.80","1",
"T-FL3B60","1010","1026.80","1",
"T-FL3B61","1010","1026.80","1",
"T-FL3B62","1010","1026.80","1",
"T-FL3B63","1010","1026.80","1",
"T-FL3B64","1010","1026.80","1",
"T-FL3B65","1010","1026.80","1",
"T-FL3B66","1010","1026.80","1",
"T-FL3B67","1010","1026.80","1",
"T-FL3B68","1010","1026.80","1",
"T-FL3B69","1010","1026.80","1",
"T-FL3B70","1010","1026.80","1",
"T-FL3B71","1010","1026.80","1",
"T-FL3B72","1010","1026.80","1",
"T-FL3B73","1010","1026.80","1",
"T-FL3B74","1010","1026.80","1",
"T-FL3B75","1010","1026.80","1",
"T-FL3B76","1010","1026.80","1",
"T-FL3B77","1010","1026.80","1",
"T-FL3B78","1010","1026.80","1",
"T-FL3B79","1010","1026.80","1",
"T-FL3B80","1010","1026.80","1",
"T-FL3B81","1010","1026.80","1",
"T-FL3B82","1010","1026.80","1",
"T-FL3B83","1010","1026.80","1",
"T-FL3B84","1010","1026.80","1",
"T-FL3B85","1010","1026.80","1",
"T-FL3B86","1010","1026.80","1",
"T-FL3B87","1010","1026.80","1",
"T-FL3B88","1010","1026.80","1",
"T-FL3B89","1010","1026.80","1",
"T-FL3B90","1010","1026.80","1",
"T-FL3B91","1010","1026.80","1",
"T-FL3B92","1010","1026.80","1",
"T-FL3B93","1010","1026.80","1",
"T-FL3B94","1010","1026.80","1",
"T-FL3B95","1010","1026.80","1",
"T-FL3B96","1010","1026.80","1",
"T-FL3B97","1010","1026.80","1",
"T-FL3B98","1010","1026.80","1",
"T-FL3B99","1010","1026.80","1",
"T-FL3C00","1010","226.80","1",
"T-FL3C01","1010","226.80","1",
"T-FL3C02","1010","226.80","1",
"T-FL3C03","1010","226.80","1",
"T-FL3C04","1010","226.80","1",
"T-FL3C05","1010","226.80","1",
"T-FL3C06","1010","226.80","1",
"T-FL3C07","1010","226.80","1",
"T-FL3C08","1010","226.80","1",
"T-FL3C09","1010","226.80","1",
"T-FL3C10","1010","226.80","1",
"T-FL3C11","1010","226.80","1",
"T-FL3C12","1010","226.80","1",
"T-FL3C13","1010","226.80","1",
"T-FL3C14","1010","226.80","1",
"T-FL3C15","1010","226.80","1",
"T-FL3C16","1010","226.80","1",
"T-FL3C17","1010","226.80","1",
"T-FL3C18","1010","226.80","1",
"T-FL3C19","1010","226.80","1",
"T-FL3C20","1010","226.80","1",
"T-FL3C21","1010","226.80","1",
"T-FL3C22","1010","226.80","1",
"T-FL3C23","1010","226.80","1",
"T-FL3C24","1010","226.80","1",
"T-FL3C25","1010","226.80","1",
"T-FL3C26","1010","226.80","1",
"T-FL3C27","1010","226.80","1",
"T-FL3C28","1010","226.80","1",
"T-FL3C29","1010","226.80","1",
"T-FL3C30","1010","226.80","1",
"T-FL3C31","1010","226.80","1",
"T-FL3C32","1010","226.80","1",
"T-FL3C33","1010","226.80","1",
"T-FL3C34","1010","226.80","1",
"T-FL3C35","1010","226.80","1",
"T-FL3C36","1010","226.80","1",
"T-FL3C37","1010","226.80","1",
"T-FL3C38","1010","226.80","1",
"T-FL3C39","1010","226.80","1",
"T-FL3C40","1010","226.80","1",
"T-FL3C41","1010","226.80","1",
"T-FL3C42","1010","226.80","1",
"T-FL3C43","1010","226.80","1",
"T-FL3C44","1010","226.80","1",
"T-FL3C45","1010","226.80","1",
"T-FL3C46","1010","226.80","1",
"T-FL3C47","1010","226.80","1",
"T-FL3C48","1010","226.80","1",
"T-FL3C49","1010","226.80","1",
"T-FL3C50","1010","226.80","1",
"T-FL3C51","1010","226.80","1",
"T-FL3C52","1010","226.80","1",
"T-FL3C53","1010","226.80","1",
"T-FL3C54","1010","226.80","1",
"T-FL3C55","1010","226.80","1",
"T-FL3C56","1010","226.80","1",
"T-FL3C57","1010","226.80","1",
"T-FL3C58","1010","226.80","1",
"T-FL3C59","1010","226.80","1",
"T-FL3C60","1010","226.80","1",
"T-FL3C61","1010","226.80","1",
"T-FL3C62","1010","226.80","1",
"T-FL3C63","1010","226.80","1",
"T-FL3C64","1010","226.80","1",
"T-FL3C65","1010","226.80","1",
"T-FL3C66","1010","226.80","1",
"T-FL3C67","1010","226.80","1",
"T-FL3C68","1010","226.80","1",
"T-FL3C69","1010","226.80","1",
"T-FL3C70","1010","226.80","1",
"T-FL3C71","1010","226.80","1",
"T-FL3C72","1010","226.80","1",
"T-FL3C73","1010","226.80","1",
"T-FL3C74","1010","226.80","1",
"T-FL3C75","1010","226.80","1",
"T-FL3C76","1010","226.80","1",
"T-FL3C77","1010","226.80","1",
"T-FL3C78","1010","226.80","1",
"T-FL3C79","1010","226.80","1",
"T-FL3C80","1010","226.80","1",
"T-FL3C81","1010","226.80","1",
"T-FL3C82","1010","226.80","1",
"T-FL3C83","1010","226.80","1",
"T-FL3C84","1010","226.80","1",
"T-FL3C85","1010","226.80","1",
"T-FL3C86","1010","226.80","1",
"T-FL3C87","1010","226.80","1",
"T-FL3C88","1010","226.80","1",
"T-FL3C89","1010","226.80","1",
"T-FL3C90","1010","226.80","1",
"T-FL3C91","1010","226.80","1",
"T-FL3C92","1010","226.80","1",
"T-FL3C93","1010","226.80","1",
"T-FL3C94","1010","226.80","1",
"T-FL3C95","1010","226.80","1",
"T-FL3C96","1010","226.80","1",
"T-FL3C97","1010","226.80","1",
"T-FL3C98","1010","226.80","1",
"T-FL3C99","1010","226.80","1",
"T-FL40","1010","39337.70","1",
"T-FL400","1010","7677.56","1",
"T-FL401","1010","7677.56","1",
"T-FL402","1010","7677.56","1",
"T-FL403","1010","7677.56","1",
"T-FL404","1010","7677.56","1",
"T-FL405","1010","7677.56","1",
"T-FL406","1010","7677.56","1",
"T-FL407","1010","7677.56","1",
"T-FL408","1010","7677.56","1",
"T-FL409","1010","7677.56","1",
"T-FL41","1010","39337.70","1",
"T-FL410","1010","7677.56","1",
"T-FL411","1010","7677.56","1",
"T-FL412","1010","7677.56","1",
"T-FL413","1010","7677.56","1",
"T-FL414","1010","7677.56","1",
"T-FL415","1010","7677.56","1",
"T-FL416","1010","7677.56","1",
"T-FL417","1010","7677.56","1",
"T-FL418","1010","7677.56","1",
"T-FL419","1010","7677.56","1",
"T-FL42","1010","39337.70","1",
"T-FL420","1010","7677.56","1",
"T-FL421","1010","7677.56","1",
"T-FL422","1010","7677.56","1",
"T-FL423","1010","7677.56","1",
"T-FL424","1010","7677.56","1",
"T-FL425","1010","7677.56","1",
"T-FL426","1010","7677.56","1",
"T-FL427","1010","7677.56","1",
"T-FL428","1010","7677.56","1",
"T-FL429","1010","7677.56","1",
"T-FL43","1010","39337.70","1",
"T-FL430","1010","7677.56","1",
"T-FL431","1010","7677.56","1",
"T-FL432","1010","7677.56","1",
"T-FL433","1010","7677.56","1",
"T-FL434","1010","7677.56","1",
"T-FL435","1010","7677.56","1",
"T-FL436","1010","7677.56","1",
"T-FL437","1010","7677.56","1",
"T-FL438","1010","7677.56","1",
"T-FL439","1010","7677.56","1",
"T-FL44","1010","39337.70","1",
"T-FL440","1010","7677.56","1",
"T-FL441","1010","7677.56","1",
"T-FL442","1010","7677.56","1",
"T-FL443","1010","7677.56","1",
"T-FL444","1010","7677.56","1",
"T-FL445","1010","7677.56","1",
"T-FL446","1010","7677.56","1",
"T-FL447","1010","7677.56","1",
"T-FL448","1010","7677.56","1",
"T-FL449","1010","7677.56","1",
"T-FL45","1010","39337.70","1",
"T-FL450","1010","7677.56","1",
"T-FL451","1010","7677.56","1",
"T-FL452","1010","7677.56","1",
"T-FL453","1010","7677.56","1",
"T-FL454","1010","7677.56","1",
"T-FL455","1010","7677.56","1",
"T-FL456","1010","7677.56","1",
"T-FL457","1010","7677.56","1",
"T-FL458","1010","7677.56","1",
"T-FL459","1010","7677.56","1",
"T-FL46","1010","39337.70","1",
"T-FL460","1010","7677.56","1",
"T-FL461","1010","7677.56","1",
"T-FL462","1010","7677.56","1",
"T-FL463","1010","7677.56","1",
"T-FL464","1010","7677.56","1",
"T-FL465","1010","7677.56","1",
"T-FL466","1010","7677.56","1",
"T-FL467","1010","7677.56","1",
"T-FL468","1010","7677.56","1",
"T-FL469","1010","7677.56","1",
"T-FL47","1010","39337.70","1",
"T-FL470","1010","7677.56","1",
"T-FL471","1010","7677.56","1",
"T-FL472","1010","7677.56","1",
"T-FL473","1010","7677.56","1",
"T-FL474","1010","7677.56","1",
"T-FL475","1010","7677.56","1",
"T-FL476","1010","7677.56","1",
"T-FL477","1010","7677.56","1",
"T-FL478","1010","7677.56","1",
"T-FL479","1010","7677.56","1",
"T-FL48","1010","39337.70","1",
"T-FL480","1010","7677.56","1",
"T-FL481","1010","7677.56","1",
"T-FL482","1010","7677.56","1",
"T-FL483","1010","7677.56","1",
"T-FL484","1010","7677.56","1",
"T-FL485","1010","7677.56","1",
"T-FL486","1010","7677.56","1",
"T-FL487","1010","7677.56","1",
"T-FL488","1010","7677.56","1",
"T-FL489","1010","7677.56","1",
"T-FL49","1010","39337.70","1",
"T-FL490","1010","7677.56","1",
"T-FL491","1010","7677.56","1",
"T-FL492","1010","7677.56","1",
"T-FL493","1010","7677.56","1",
"T-FL494","1010","7677.56","1",
"T-FL495","1010","7677.56","1",
"T-FL496","1010","7677.56","1",
"T-FL497","1010","7677.56","1",
"T-FL498","1010","7677.56","1",
"T-FL499","1010","7677.56","1",
"T-FL4A00","1010","754.38","1",
"T-FL4A01","1010","754.38","1",
"T-FL4A02","1010","754.38","1",
"T-FL4A03","1010","754.38","1",
"T-FL4A04","1010","754.38","1",
"T-FL4A05","1010","754.38","1",
"T-FL4A06","1010","754.38","1",
"T-FL4A07","1010","754.38","1",
"T-FL4A08","1010","754.38","1",
"T-FL4A09","1010","754.38","1",
"T-FL4A10","1010","754.38","1",
"T-FL4A100","1010","326.80","1",
"T-FL4A101","1010","326.80","1",
"T-FL4A102","1010","326.80","1",
"T-FL4A103","1010","326.80","1",
"T-FL4A104","1010","326.80","1",
"T-FL4A105","1010","326.80","1",
"T-FL4A106","1010","326.80","1",
"T-FL4A107","1010","326.80","1",
"T-FL4A108","1010","326.80","1",
"T-FL4A109","1010","326.80","1",
"T-FL4A11","1010","754.38","1",
"T-FL4A110","1010","326.80","1",
"T-FL4A111","1010","326.80","1",
"T-FL4A112","1010","326.80","1",
"T-FL4A113","1010","326.80","1",
"T-FL4A114","1010","326.80","1",
"T-FL4A115","1010","326.80","1",
"T-FL4A116","1010","326.80","1",
"T-FL4A117","1010","326.80","1",
"T-FL4A118","1010","326.80","1",
"T-FL4A119","1010","326.80","1",
"T-FL4A12","1010","754.38","1",
"T-FL4A120","1010","326.80","1",
"T-FL4A121","1010","326.80","1",
"T-FL4A122","1010","326.80","1",
"T-FL4A123","1010","326.80","1",
"T-FL4A124","1010","326.80","1",
"T-FL4A125","1010","326.80","1",
"T-FL4A126","1010","326.80","1",
"T-FL4A127","1010","326.80","1",
"T-FL4A128","1010","326.80","1",
"T-FL4A129","1010","326.80","1",
"T-FL4A13","1010","754.38","1",
"T-FL4A130","1010","326.80","1",
"T-FL4A131","1010","326.80","1",
"T-FL4A132","1010","326.80","1",
"T-FL4A133","1010","326.80","1",
"T-FL4A134","1010","326.80","1",
"T-FL4A135","1010","326.80","1",
"T-FL4A136","1010","326.80","1",
"T-FL4A137","1010","326.80","1",
"T-FL4A138","1010","326.80","1",
"T-FL4A139","1010","326.80","1",
"T-FL4A14","1010","754.38","1",
"T-FL4A140","1010","326.80","1",
"T-FL4A141","1010","326.80","1",
"T-FL4A142","1010","326.80","1",
"T-FL4A143","1010","326.80","1",
"T-FL4A144","1010","326.80","1",
"T-FL4A145","1010","326.80","1",
"T-FL4A146","1010","326.80","1",
"T-FL4A147","1010","326.80","1",
"T-FL4A148","1010","326.80","1",
"T-FL4A149","1010","326.80","1",
"T-FL4A15","1010","754.38","1",
"T-FL4A150","1010","326.80","1",
"T-FL4A151","1010","326.80","1",
"T-FL4A152","1010","326.80","1",
"T-FL4A153","1010","326.80","1",
"T-FL4A154","1010","326.80","1",
"T-FL4A155","1010","326.80","1",
"T-FL4A156","1010","326.80","1",
"T-FL4A157","1010","326.80","1",
"T-FL4A158","1010","326.80","1",
"T-FL4A159","1010","326.80","1",
"T-FL4A16","1010","754.38","1",
"T-FL4A160","1010","326.80","1",
"T-FL4A161","1010","326.80","1",
"T-FL4A162","1010","326.80","1",
"T-FL4A163","1010","326.80","1",
"T-FL4A164","1010","326.80","1",
"T-FL4A165","1010","326.80","1",
"T-FL4A166","1010","326.80","1",
"T-FL4A167","1010","326.80","1",
"T-FL4A168","1010","326.80","1",
"T-FL4A169","1010","326.80","1",
"T-FL4A17","1010","754.38","1",
"T-FL4A170","1010","326.80","1",
"T-FL4A171","1010","326.80","1",
"T-FL4A172","1010","326.80","1",
"T-FL4A173","1010","326.80","1",
"T-FL4A174","1010","326.80","1",
"T-FL4A175","1010","326.80","1",
"T-FL4A176","1010","326.80","1",
"T-FL4A177","1010","326.80","1",
"T-FL4A178","1010","326.80","1",
"T-FL4A179","1010","326.80","1",
"T-FL4A18","1010","754.38","1",
"T-FL4A180","1010","326.80","1",
"T-FL4A181","1010","326.80","1",
"T-FL4A182","1010","326.80","1",
"T-FL4A183","1010","326.80","1",
"T-FL4A184","1010","326.80","1",
"T-FL4A185","1010","326.80","1",
"T-FL4A186","1010","326.80","1",
"T-FL4A187","1010","326.80","1",
"T-FL4A188","1010","326.80","1",
"T-FL4A189","1010","326.80","1",
"T-FL4A19","1010","754.38","1",
"T-FL4A190","1010","326.80","1",
"T-FL4A191","1010","326.80","1",
"T-FL4A192","1010","326.80","1",
"T-FL4A193","1010","326.80","1",
"T-FL4A194","1010","326.80","1",
"T-FL4A195","1010","326.80","1",
"T-FL4A196","1010","326.80","1",
"T-FL4A197","1010","326.80","1",
"T-FL4A198","1010","326.80","1",
"T-FL4A199","1010","326.80","1",
"T-FL4A20","1010","754.38","1",
"T-FL4A200","1010","196.80","1",
"T-FL4A201","1010","196.80","1",
"T-FL4A202","1010","196.80","1",
"T-FL4A203","1010","196.80","1",
"T-FL4A204","1010","196.80","1",
"T-FL4A205","1010","196.80","1",
"T-FL4A206","1010","196.80","1",
"T-FL4A207","1010","196.80","1",
"T-FL4A208","1010","196.80","1",
"T-FL4A209","1010","196.80","1",
"T-FL4A21","1010","754.38","1",
"T-FL4A210","1010","196.80","1",
"T-FL4A211","1010","196.80","1",
"T-FL4A212","1010","196.80","1",
"T-FL4A213","1010","196.80","1",
"T-FL4A214","1010","196.80","1",
"T-FL4A215","1010","196.80","1",
"T-FL4A216","1010","196.80","1",
"T-FL4A217","1010","196.80","1",
"T-FL4A218","1010","196.80","1",
"T-FL4A219","1010","196.80","1",
"T-FL4A22","1010","754.38","1",
"T-FL4A220","1010","196.80","1",
"T-FL4A221","1010","196.80","1",
"T-FL4A222","1010","196.80","1",
"T-FL4A223","1010","196.80","1",
"T-FL4A224","1010","196.80","1",
"T-FL4A225","1010","196.80","1",
"T-FL4A226","1010","196.80","1",
"T-FL4A227","1010","196.80","1",
"T-FL4A228","1010","196.80","1",
"T-FL4A229","1010","196.80","1",
"T-FL4A23","1010","754.38","1",
"T-FL4A230","1010","196.80","1",
"T-FL4A231","1010","196.80","1",
"T-FL4A232","1010","196.80","1",
"T-FL4A233","1010","196.80","1",
"T-FL4A234","1010","196.80","1",
"T-FL4A235","1010","196.80","1",
"T-FL4A236","1010","196.80","1",
"T-FL4A237","1010","196.80","1",
"T-FL4A238","1010","196.80","1",
"T-FL4A239","1010","196.80","1",
"T-FL4A24","1010","754.38","1",
"T-FL4A240","1010","196.80","1",
"T-FL4A241","1010","196.80","1",
"T-FL4A242","1010","196.80","1",
"T-FL4A243","1010","196.80","1",
"T-FL4A244","1010","196.80","1",
"T-FL4A245","1010","196.80","1",
"T-FL4A246","1010","196.80","1",
"T-FL4A247","1010","196.80","1",
"T-FL4A248","1010","196.80","1",
"T-FL4A249","1010","196.80","1",
"T-FL4A25","1010","754.38","1",
"T-FL4A250","1010","196.80","1",
"T-FL4A251","1010","196.80","1",
"T-FL4A252","1010","196.80","1",
"T-FL4A253","1010","196.80","1",
"T-FL4A254","1010","196.80","1",
"T-FL4A255","1010","196.80","1",
"T-FL4A256","1010","196.80","1",
"T-FL4A257","1010","196.80","1",
"T-FL4A258","1010","196.80","1",
"T-FL4A259","1010","196.80","1",
"T-FL4A26","1010","754.38","1",
"T-FL4A260","1010","196.80","1",
"T-FL4A261","1010","196.80","1",
"T-FL4A262","1010","196.80","1",
"T-FL4A263","1010","196.80","1",
"T-FL4A264","1010","196.80","1",
"T-FL4A265","1010","196.80","1",
"T-FL4A266","1010","196.80","1",
"T-FL4A267","1010","196.80","1",
"T-FL4A268","1010","196.80","1",
"T-FL4A269","1010","196.80","1",
"T-FL4A27","1010","754.38","1",
"T-FL4A270","1010","196.80","1",
"T-FL4A271","1010","196.80","1",
"T-FL4A272","1010","196.80","1",
"T-FL4A273","1010","196.80","1",
"T-FL4A274","1010","196.80","1",
"T-FL4A275","1010","196.80","1",
"T-FL4A276","1010","196.80","1",
"T-FL4A277","1010","196.80","1",
"T-FL4A278","1010","196.80","1",
"T-FL4A279","1010","196.80","1",
"T-FL4A28","1010","754.38","1",
"T-FL4A280","1010","196.80","1",
"T-FL4A281","1010","196.80","1",
"T-FL4A282","1010","196.80","1",
"T-FL4A283","1010","196.80","1",
"T-FL4A284","1010","196.80","1",
"T-FL4A285","1010","196.80","1",
"T-FL4A286","1010","196.80","1",
"T-FL4A287","1010","196.80","1",
"T-FL4A288","1010","196.80","1",
"T-FL4A289","1010","196.80","1",
"T-FL4A29","1010","754.38","1",
"T-FL4A290","1010","196.80","1",
"T-FL4A291","1010","196.80","1",
"T-FL4A292","1010","196.80","1",
"T-FL4A293","1010","196.80","1",
"T-FL4A294","1010","196.80","1",
"T-FL4A295","1010","196.80","1",
"T-FL4A296","1010","196.80","1",
"T-FL4A297","1010","196.80","1",
"T-FL4A298","1010","196.80","1",
"T-FL4A299","1010","196.80","1",
"T-FL4A30","1010","754.38","1",
"T-FL4A300","1010","76.80","1",
"T-FL4A301","1010","76.80","1",
"T-FL4A302","1010","76.80","1",
"T-FL4A303","1010","76.80","1",
"T-FL4A304","1010","76.80","1",
"T-FL4A305","1010","76.80","1",
"T-FL4A306","1010","76.80","1",
"T-FL4A307","1010","76.80","1",
"T-FL4A308","1010","76.80","1",
"T-FL4A309","1010","76.80","1",
"T-FL4A31","1010","754.38","1",
"T-FL4A310","1010","76.80","1",
"T-FL4A311","1010","76.80","1",
"T-FL4A312","1010","76.80","1",
"T-FL4A313","1010","76.80","1",
"T-FL4A314","1010","76.80","1",
"T-FL4A315","1010","76.80","1",
"T-FL4A316","1010","76.80","1",
"T-FL4A317","1010","76.80","1",
"T-FL4A318","1010","76.80","1",
"T-FL4A319","1010","76.80","1",
"T-FL4A32","1010","754.38","1",
"T-FL4A320","1010","76.80","1",
"T-FL4A321","1010","76.80","1",
"T-FL4A322","1010","76.80","1",
"T-FL4A323","1010","76.80","1",
"T-FL4A324","1010","76.80","1",
"T-FL4A325","1010","76.80","1",
"T-FL4A326","1010","76.80","1",
"T-FL4A327","1010","76.80","1",
"T-FL4A328","1010","76.80","1",
"T-FL4A329","1010","76.80","1",
"T-FL4A33","1010","754.38","1",
"T-FL4A330","1010","76.80","1",
"T-FL4A331","1010","76.80","1",
"T-FL4A332","1010","76.80","1",
"T-FL4A333","1010","76.80","1",
"T-FL4A334","1010","76.80","1",
"T-FL4A335","1010","76.80","1",
"T-FL4A336","1010","76.80","1",
"T-FL4A337","1010","76.80","1",
"T-FL4A338","1010","76.80","1",
"T-FL4A339","1010","76.80","1",
"T-FL4A34","1010","754.38","1",
"T-FL4A340","1010","76.80","1",
"T-FL4A341","1010","76.80","1",
"T-FL4A342","1010","76.80","1",
"T-FL4A343","1010","76.80","1",
"T-FL4A344","1010","76.80","1",
"T-FL4A345","1010","76.80","1",
"T-FL4A346","1010","76.80","1",
"T-FL4A347","1010","76.80","1",
"T-FL4A348","1010","76.80","1",
"T-FL4A349","1010","76.80","1",
"T-FL4A35","1010","754.38","1",
"T-FL4A350","1010","76.80","1",
"T-FL4A351","1010","76.80","1",
"T-FL4A352","1010","76.80","1",
"T-FL4A353","1010","76.80","1",
"T-FL4A354","1010","76.80","1",
"T-FL4A355","1010","76.80","1",
"T-FL4A356","1010","76.80","1",
"T-FL4A357","1010","76.80","1",
"T-FL4A358","1010","76.80","1",
"T-FL4A359","1010","76.80","1",
"T-FL4A36","1010","754.38","1",
"T-FL4A360","1010","76.80","1",
"T-FL4A361","1010","76.80","1",
"T-FL4A362","1010","76.80","1",
"T-FL4A363","1010","76.80","1",
"T-FL4A364","1010","76.80","1",
"T-FL4A365","1010","76.80","1",
"T-FL4A366","1010","76.80","1",
"T-FL4A367","1010","76.80","1",
"T-FL4A368","1010","76.80","1",
"T-FL4A369","1010","76.80","1",
"T-FL4A37","1010","754.38","1",
"T-FL4A370","1010","76.80","1",
"T-FL4A371","1010","76.80","1",
"T-FL4A372","1010","76.80","1",
"T-FL4A373","1010","76.80","1",
"T-FL4A374","1010","76.80","1",
"T-FL4A375","1010","76.80","1",
"T-FL4A376","1010","76.80","1",
"T-FL4A377","1010","76.80","1",
"T-FL4A378","1010","76.80","1",
"T-FL4A379","1010","76.80","1",
"T-FL4A38","1010","754.38","1",
"T-FL4A380","1010","76.80","1",
"T-FL4A381","1010","76.80","1",
"T-FL4A382","1010","76.80","1",
"T-FL4A383","1010","76.80","1",
"T-FL4A384","1010","76.80","1",
"T-FL4A385","1010","76.80","1",
"T-FL4A386","1010","76.80","1",
"T-FL4A387","1010","76.80","1",
"T-FL4A388","1010","76.80","1",
"T-FL4A389","1010","76.80","1",
"T-FL4A39","1010","754.38","1",
"T-FL4A390","1010","76.80","1",
"T-FL4A391","1010","76.80","1",
"T-FL4A392","1010","76.80","1",
"T-FL4A393","1010","76.80","1",
"T-FL4A394","1010","76.80","1",
"T-FL4A395","1010","76.80","1",
"T-FL4A396","1010","76.80","1",
"T-FL4A397","1010","76.80","1",
"T-FL4A398","1010","76.80","1",
"T-FL4A399","1010","76.80","1",
"T-FL4A40","1010","754.38","1",
"T-FL4A400","1010","96.80","1",
"T-FL4A401","1010","96.80","1",
"T-FL4A402","1010","96.80","1",
"T-FL4A403","1010","96.80","1",
"T-FL4A404","1010","96.80","1",
"T-FL4A405","1010","96.80","1",
"T-FL4A406","1010","96.80","1",
"T-FL4A407","1010","96.80","1",
"T-FL4A408","1010","96.80","1",
"T-FL4A409","1010","96.80","1",
"T-FL4A41","1010","754.38","1",
"T-FL4A410","1010","96.80","1",
"T-FL4A411","1010","96.80","1",
"T-FL4A412","1010","96.80","1",
"T-FL4A413","1010","96.80","1",
"T-FL4A414","1010","96.80","1",
"T-FL4A415","1010","96.80","1",
"T-FL4A416","1010","96.80","1",
"T-FL4A417","1010","96.80","1",
"T-FL4A418","1010","96.80","1",
"T-FL4A419","1010","96.80","1",
"T-FL4A42","1010","754.38","1",
"T-FL4A420","1010","96.80","1",
"T-FL4A421","1010","96.80","1",
"T-FL4A422","1010","96.80","1",
"T-FL4A423","1010","96.80","1",
"T-FL4A424","1010","96.80","1",
"T-FL4A425","1010","96.80","1",
"T-FL4A426","1010","96.80","1",
"T-FL4A427","1010","96.80","1",
"T-FL4A428","1010","96.80","1",
"T-FL4A429","1010","96.80","1",
"T-FL4A43","1010","754.38","1",
"T-FL4A430","1010","96.80","1",
"T-FL4A431","1010","96.80","1",
"T-FL4A432","1010","96.80","1",
"T-FL4A433","1010","96.80","1",
"T-FL4A434","1010","96.80","1",
"T-FL4A435","1010","96.80","1",
"T-FL4A436","1010","96.80","1",
"T-FL4A437","1010","96.80","1",
"T-FL4A438","1010","96.80","1",
"T-FL4A439","1010","96.80","1",
"T-FL4A44","1010","754.38","1",
"T-FL4A440","1010","96.80","1",
"T-FL4A441","1010","96.80","1",
"T-FL4A442","1010","96.80","1",
"T-FL4A443","1010","96.80","1",
"T-FL4A444","1010","96.80","1",
"T-FL4A445","1010","96.80","1",
"T-FL4A446","1010","96.80","1",
"T-FL4A447","1010","96.80","1",
"T-FL4A448","1010","96.80","1",
"T-FL4A449","1010","96.80","1",
"T-FL4A45","1010","754.38","1",
"T-FL4A450","1010","96.80","1",
"T-FL4A451","1010","96.80","1",
"T-FL4A452","1010","96.80","1",
"T-FL4A453","1010","96.80","1",
"T-FL4A454","1010","96.80","1",
"T-FL4A455","1010","96.80","1",
"T-FL4A456","1010","96.80","1",
"T-FL4A457","1010","96.80","1",
"T-FL4A458","1010","96.80","1",
"T-FL4A459","1010","96.80","1",
"T-FL4A46","1010","754.38","1",
"T-FL4A460","1010","96.80","1",
"T-FL4A461","1010","96.80","1",
"T-FL4A462","1010","96.80","1",
"T-FL4A463","1010","96.80","1",
"T-FL4A464","1010","96.80","1",
"T-FL4A465","1010","96.80","1",
"T-FL4A466","1010","96.80","1",
"T-FL4A467","1010","96.80","1",
"T-FL4A468","1010","96.80","1",
"T-FL4A469","1010","96.80","1",
"T-FL4A47","1010","754.38","1",
"T-FL4A470","1010","96.80","1",
"T-FL4A471","1010","96.80","1",
"T-FL4A472","1010","96.80","1",
"T-FL4A473","1010","96.80","1",
"T-FL4A474","1010","96.80","1",
"T-FL4A475","1010","96.80","1",
"T-FL4A476","1010","96.80","1",
"T-FL4A477","1010","96.80","1",
"T-FL4A478","1010","96.80","1",
"T-FL4A479","1010","96.80","1",
"T-FL4A48","1010","754.38","1",
"T-FL4A480","1010","96.80","1",
"T-FL4A481","1010","96.80","1",
"T-FL4A482","1010","96.80","1",
"T-FL4A483","1010","96.80","1",
"T-FL4A484","1010","96.80","1",
"T-FL4A485","1010","96.80","1",
"T-FL4A486","1010","96.80","1",
"T-FL4A487","1010","96.80","1",
"T-FL4A488","1010","96.80","1",
"T-FL4A489","1010","96.80","1",
"T-FL4A49","1010","754.38","1",
"T-FL4A490","1010","96.80","1",
"T-FL4A491","1010","96.80","1",
"T-FL4A492","1010","96.80","1",
"T-FL4A493","1010","96.80","1",
"T-FL4A494","1010","96.80","1",
"T-FL4A495","1010","96.80","1",
"T-FL4A496","1010","96.80","1",
"T-FL4A497","1010","96.80","1",
"T-FL4A498","1010","96.80","1",
"T-FL4A499","1010","96.80","1",
"T-FL4A50","1010","754.38","1",
"T-FL4A51","1010","754.38","1",
"T-FL4A52","1010","754.38","1",
"T-FL4A53","1010","754.38","1",
"T-FL4A54","1010","754.38","1",
"T-FL4A55","1010","754.38","1",
"T-FL4A56","1010","754.38","1",
"T-FL4A57","1010","754.38","1",
"T-FL4A58","1010","754.38","1",
"T-FL4A59","1010","754.38","1",
"T-FL4A60","1010","754.38","1",
"T-FL4A61","1010","754.38","1",
"T-FL4A62","1010","754.38","1",
"T-FL4A63","1010","754.38","1",
"T-FL4A64","1010","754.38","1",
"T-FL4A65","1010","754.38","1",
"T-FL4A66","1010","754.38","1",
"T-FL4A67","1010","754.38","1",
"T-FL4A68","1010","754.38","1",
"T-FL4A69","1010","754.38","1",
"T-FL4A70","1010","754.38","1",
"T-FL4A71","1010","754.38","1",
"T-FL4A72","1010","754.38","1",
"T-FL4A73","1010","754.38","1",
"T-FL4A74","1010","754.38","1",
"T-FL4A75","1010","754.38","1",
"T-FL4A76","1010","754.38","1",
"T-FL4A77","1010","754.38","1",
"T-FL4A78","1010","754.38","1",
"T-FL4A79","1010","754.38","1",
"T-FL4A80","1010","754.38","1",
"T-FL4A81","1010","754.38","1",
"T-FL4A82","1010","754.38","1",
"T-FL4A83","1010","754.38","1",
"T-FL4A84","1010","754.38","1",
"T-FL4A85","1010","754.38","1",
"T-FL4A86","1010","754.38","1",
"T-FL4A87","1010","754.38","1",
"T-FL4A88","1010","754.38","1",
"T-FL4A89","1010","754.38","1",
"T-FL4A90","1010","754.38","1",
"T-FL4A91","1010","754.38","1",
"T-FL4A92","1010","754.38","1",
"T-FL4A93","1010","754.38","1",
"T-FL4A94","1010","754.38","1",
"T-FL4A95","1010","754.38","1",
"T-FL4A96","1010","754.38","1",
"T-FL4A97","1010","754.38","1",
"T-FL4A98","1010","754.38","1",
"T-FL4A99","1010","754.38","1",
"T-FL4B00","1010","826.80","1",
"T-FL4B01","1010","826.80","1",
"T-FL4B02","1010","826.80","1",
"T-FL4B03","1010","826.80","1",
"T-FL4B04","1010","826.80","1",
"T-FL4B05","1010","826.80","1",
"T-FL4B06","1010","826.80","1",
"T-FL4B07","1010","826.80","1",
"T-FL4B08","1010","826.80","1",
"T-FL4B09","1010","826.80","1",
"T-FL4B10","1010","826.80","1",
"T-FL4B11","1010","826.80","1",
"T-FL4B12","1010","826.80","1",
"T-FL4B13","1010","826.80","1",
"T-FL4B14","1010","826.80","1",
"T-FL4B15","1010","826.80","1",
"T-FL4B16","1010","826.80","1",
"T-FL4B17","1010","826.80","1",
"T-FL4B18","1010","826.80","1",
"T-FL4B19","1010","826.80","1",
"T-FL4B20","1010","826.80","1",
"T-FL4B21","1010","826.80","1",
"T-FL4B22","1010","826.80","1",
"T-FL4B23","1010","826.80","1",
"T-FL4B24","1010","826.80","1",
"T-FL4B25","1010","826.80","1",
"T-FL4B26","1010","826.80","1",
"T-FL4B27","1010","826.80","1",
"T-FL4B28","1010","826.80","1",
"T-FL4B29","1010","826.80","1",
"T-FL4B30","1010","826.80","1",
"T-FL4B31","1010","826.80","1",
"T-FL4B32","1010","826.80","1",
"T-FL4B33","1010","826.80","1",
"T-FL4B34","1010","826.80","1",
"T-FL4B35","1010","826.80","1",
"T-FL4B36","1010","826.80","1",
"T-FL4B37","1010","826.80","1",
"T-FL4B38","1010","826.80","1",
"T-FL4B39","1010","826.80","1",
"T-FL4B40","1010","826.80","1",
"T-FL4B41","1010","826.80","1",
"T-FL4B42","1010","826.80","1",
"T-FL4B43","1010","826.80","1",
"T-FL4B44","1010","826.80","1",
"T-FL4B45","1010","826.80","1",
"T-FL4B46","1010","826.80","1",
"T-FL4B47","1010","826.80","1",
"T-FL4B48","1010","826.80","1",
"T-FL4B49","1010","826.80","1",
"T-FL4B50","1010","826.80","1",
"T-FL4B51","1010","826.80","1",
"T-FL4B52","1010","826.80","1",
"T-FL4B53","1010","826.80","1",
"T-FL4B54","1010","826.80","1",
"T-FL4B55","1010","826.80","1",
"T-FL4B56","1010","826.80","1",
"T-FL4B57","1010","826.80","1",
"T-FL4B58","1010","826.80","1",
"T-FL4B59","1010","826.80","1",
"T-FL4B60","1010","826.80","1",
"T-FL4B61","1010","826.80","1",
"T-FL4B62","1010","826.80","1",
"T-FL4B63","1010","826.80","1",
"T-FL4B64","1010","826.80","1",
"T-FL4B65","1010","826.80","1",
"T-FL4B66","1010","826.80","1",
"T-FL4B67","1010","826.80","1",
"T-FL4B68","1010","826.80","1",
"T-FL4B69","1010","826.80","1",
"T-FL4B70","1010","826.80","1",
"T-FL4B71","1010","826.80","1",
"T-FL4B72","1010","826.80","1",
"T-FL4B73","1010","826.80","1",
"T-FL4B74","1010","826.80","1",
"T-FL4B75","1010","826.80","1",
"T-FL4B76","1010","826.80","1",
"T-FL4B77","1010","826.80","1",
"T-FL4B78","1010","826.80","1",
"T-FL4B79","1010","826.80","1",
"T-FL4B80","1010","826.80","1",
"T-FL4B81","1010","826.80","1",
"T-FL4B82","1010","826.80","1",
"T-FL4B83","1010","826.80","1",
"T-FL4B84","1010","826.80","1",
"T-FL4B85","1010","826.80","1",
"T-FL4B86","1010","826.80","1",
"T-FL4B87","1010","826.80","1",
"T-FL4B88","1010","826.80","1",
"T-FL4B89","1010","826.80","1",
"T-FL4B90","1010","826.80","1",
"T-FL4B91","1010","826.80","1",
"T-FL4B92","1010","826.80","1",
"T-FL4B93","1010","826.80","1",
"T-FL4B94","1010","826.80","1",
"T-FL4B95","1010","826.80","1",
"T-FL4B96","1010","826.80","1",
"T-FL4B97","1010","826.80","1",
"T-FL4B98","1010","826.80","1",
"T-FL4B99","1010","826.80","1",
"T-FL4C00","1010","1026.80","1",
"T-FL4C01","1010","1026.80","1",
"T-FL4C02","1010","1026.80","1",
"T-FL4C03","1010","1026.80","1",
"T-FL4C04","1010","1026.80","1",
"T-FL4C05","1010","1026.80","1",
"T-FL4C06","1010","1026.80","1",
"T-FL4C07","1010","1026.80","1",
"T-FL4C08","1010","1026.80","1",
"T-FL4C09","1010","1026.80","1",
"T-FL4C10","1010","1026.80","1",
"T-FL4C11","1010","1026.80","1",
"T-FL4C12","1010","1026.80","1",
"T-FL4C13","1010","1026.80","1",
"T-FL4C14","1010","1026.80","1",
"T-FL4C15","1010","1026.80","1",
"T-FL4C16","1010","1026.80","1",
"T-FL4C17","1010","1026.80","1",
"T-FL4C18","1010","1026.80","1",
"T-FL4C19","1010","1026.80","1",
"T-FL4C20","1010","1026.80","1",
"T-FL4C21","1010","1026.80","1",
"T-FL4C22","1010","1026.80","1",
"T-FL4C23","1010","1026.80","1",
"T-FL4C24","1010","1026.80","1",
"T-FL4C25","1010","1026.80","1",
"T-FL4C26","1010","1026.80","1",
"T-FL4C27","1010","1026.80","1",
"T-FL4C28","1010","1026.80","1",
"T-FL4C29","1010","1026.80","1",
"T-FL4C30","1010","1026.80","1",
"T-FL4C31","1010","1026.80","1",
"T-FL4C32","1010","1026.80","1",
"T-FL4C33","1010","1026.80","1",
"T-FL4C34","1010","1026.80","1",
"T-FL4C35","1010","1026.80","1",
"T-FL4C36","1010","1026.80","1",
"T-FL4C37","1010","1026.80","1",
"T-FL4C38","1010","1026.80","1",
"T-FL4C39","1010","1026.80","1",
"T-FL4C40","1010","1026.80","1",
"T-FL4C41","1010","1026.80","1",
"T-FL4C42","1010","1026.80","1",
"T-FL4C43","1010","1026.80","1",
"T-FL4C44","1010","1026.80","1",
"T-FL4C45","1010","1026.80","1",
"T-FL4C46","1010","1026.80","1",
"T-FL4C47","1010","1026.80","1",
"T-FL4C48","1010","1026.80","1",
"T-FL4C49","1010","1026.80","1",
"T-FL4C50","1010","1026.80","1",
"T-FL4C51","1010","1026.80","1",
"T-FL4C52","1010","1026.80","1",
"T-FL4C53","1010","1026.80","1",
"T-FL4C54","1010","1026.80","1",
"T-FL4C55","1010","1026.80","1",
"T-FL4C56","1010","1026.80","1",
"T-FL4C57","1010","1026.80","1",
"T-FL4C58","1010","1026.80","1",
"T-FL4C59","1010","1026.80","1",
"T-FL4C60","1010","1026.80","1",
"T-FL4C61","1010","1026.80","1",
"T-FL4C62","1010","1026.80","1",
"T-FL4C63","1010","1026.80","1",
"T-FL4C64","1010","1026.80","1",
"T-FL4C65","1010","1026.80","1",
"T-FL4C66","1010","1026.80","1",
"T-FL4C67","1010","1026.80","1",
"T-FL4C68","1010","1026.80","1",
"T-FL4C69","1010","1026.80","1",
"T-FL4C70","1010","1026.80","1",
"T-FL4C71","1010","1026.80","1",
"T-FL4C72","1010","1026.80","1",
"T-FL4C73","1010","1026.80","1",
"T-FL4C74","1010","1026.80","1",
"T-FL4C75","1010","1026.80","1",
"T-FL4C76","1010","1026.80","1",
"T-FL4C77","1010","1026.80","1",
"T-FL4C78","1010","1026.80","1",
"T-FL4C79","1010","1026.80","1",
"T-FL4C80","1010","1026.80","1",
"T-FL4C81","1010","1026.80","1",
"T-FL4C82","1010","1026.80","1",
"T-FL4C83","1010","1026.80","1",
"T-FL4C84","1010","1026.80","1",
"T-FL4C85","1010","1026.80","1",
"T-FL4C86","1010","1026.80","1",
"T-FL4C87","1010","1026.80","1",
"T-FL4C88","1010","1026.80","1",
"T-FL4C89","1010","1026.80","1",
"T-FL4C90","1010","1026.80","1",
"T-FL4C91","1010","1026.80","1",
"T-FL4C92","1010","1026.80","1",
"T-FL4C93","1010","1026.80","1",
"T-FL4C94","1010","1026.80","1",
"T-FL4C95","1010","1026.80","1",
"T-FL4C96","1010","1026.80","1",
"T-FL4C97","1010","1026.80","1",
"T-FL4C98","1010","1026.80","1",
"T-FL4C99","1010","1026.80","1",
"T-FL50","1010","39337.70","1",
"T-FL500","1010","8761.82","1",
"T-FL501","1010","8630.45","1",
"T-FL502","1010","8761.82","1",
"T-FL503","1010","8761.82","1",
"T-FL504","1010","8761.82","1",
"T-FL505","1010","8761.82","1",
"T-FL506","1010","8761.82","1",
"T-FL507","1010","8761.82","1",
"T-FL508","1010","8761.82","1",
"T-FL509","1010","8761.82","1",
"T-FL51","1010","39337.70","1",
"T-FL510","1010","8761.82","1",
"T-FL511","1010","8761.82","1",
"T-FL512","1010","8761.82","1",
"T-FL513","1010","8761.82","1",
"T-FL514","1010","8761.82","1",
"T-FL515","1010","8761.82","1",
"T-FL516","1010","8761.82","1",
"T-FL517","1010","8761.82","1",
"T-FL518","1010","8761.82","1",
"T-FL519","1010","8761.82","1",
"T-FL52","1010","39337.70","1",
"T-FL520","1010","8761.82","1",
"T-FL521","1010","8761.82","1",
"T-FL522","1010","8761.82","1",
"T-FL523","1010","8761.82","1",
"T-FL524","1010","8761.82","1",
"T-FL525","1010","8761.82","1",
"T-FL526","1010","8761.82","1",
"T-FL527","1010","8761.82","1",
"T-FL528","1010","8761.82","1",
"T-FL529","1010","8761.82","1",
"T-FL53","1010","39337.70","1",
"T-FL530","1010","8761.82","1",
"T-FL531","1010","8761.82","1",
"T-FL532","1010","8761.82","1",
"T-FL533","1010","8761.82","1",
"T-FL534","1010","8761.82","1",
"T-FL535","1010","8761.82","1",
"T-FL536","1010","8761.82","1",
"T-FL537","1010","8761.82","1",
"T-FL538","1010","8761.82","1",
"T-FL539","1010","8761.82","1",
"T-FL54","1010","39337.70","1",
"T-FL540","1010","8761.82","1",
"T-FL541","1010","8761.82","1",
"T-FL542","1010","8761.82","1",
"T-FL543","1010","8761.82","1",
"T-FL544","1010","8761.82","1",
"T-FL545","1010","8761.82","1",
"T-FL546","1010","8761.82","1",
"T-FL547","1010","8761.82","1",
"T-FL548","1010","8761.82","1",
"T-FL549","1010","8761.82","1",
"T-FL55","1010","39337.70","1",
"T-FL550","1010","8761.82","1",
"T-FL551","1010","8761.82","1",
"T-FL552","1010","8761.82","1",
"T-FL553","1010","8761.82","1",
"T-FL554","1010","8761.82","1",
"T-FL555","1010","8761.82","1",
"T-FL556","1010","8761.82","1",
"T-FL557","1010","8761.82","1",
"T-FL558","1010","8761.82","1",
"T-FL559","1010","8761.82","1",
"T-FL56","1010","39337.70","1",
"T-FL560","1010","8761.82","1",
"T-FL561","1010","8761.82","1",
"T-FL562","1010","8761.82","1",
"T-FL563","1010","8761.82","1",
"T-FL564","1010","8761.82","1",
"T-FL565","1010","8761.82","1",
"T-FL566","1010","8761.82","1",
"T-FL567","1010","8761.82","1",
"T-FL568","1010","8761.82","1",
"T-FL569","1010","8761.82","1",
"T-FL57","1010","39337.70","1",
"T-FL570","1010","8761.82","1",
"T-FL571","1010","8761.82","1",
"T-FL572","1010","8761.82","1",
"T-FL573","1010","8761.82","1",
"T-FL574","1010","8761.82","1",
"T-FL575","1010","8761.82","1",
"T-FL576","1010","8761.82","1",
"T-FL577","1010","8761.82","1",
"T-FL578","1010","8761.82","1",
"T-FL579","1010","8761.82","1",
"T-FL58","1010","39337.70","1",
"T-FL580","1010","8761.82","1",
"T-FL581","1010","8761.82","1",
"T-FL582","1010","8761.82","1",
"T-FL583","1010","8761.82","1",
"T-FL584","1010","8761.82","1",
"T-FL585","1010","8761.82","1",
"T-FL586","1010","8761.82","1",
"T-FL587","1010","8761.82","1",
"T-FL588","1010","8761.82","1",
"T-FL589","1010","8761.82","1",
"T-FL59","1010","39337.70","1",
"T-FL590","1010","8761.82","1",
"T-FL591","1010","8761.82","1",
"T-FL592","1010","8761.82","1",
"T-FL593","1010","8761.82","1",
"T-FL594","1010","8761.82","1",
"T-FL595","1010","8761.82","1",
"T-FL596","1010","8761.82","1",
"T-FL597","1010","8761.82","1",
"T-FL598","1010","8761.82","1",
"T-FL599","1010","8761.82","1",
"T-FL5A00","1010","4896.64","1",
"T-FL5A01","1010","4768.47","1",
"T-FL5A02","1010","4896.64","1",
"T-FL5A03","1010","4896.64","1",
"T-FL5A04","1010","4896.64","1",
"T-FL5A05","1010","4896.64","1",
"T-FL5A06","1010","4896.64","1",
"T-FL5A07","1010","4896.64","1",
"T-FL5A08","1010","4896.64","1",
"T-FL5A09","1010","4896.64","1",
"T-FL5A10","1010","4896.64","1",
"T-FL5A100","1010","1526.80","1",
"T-FL5A101","1010","1526.80","1",
"T-FL5A102","1010","1526.80","1",
"T-FL5A103","1010","1526.80","1",
"T-FL5A104","1010","1526.80","1",
"T-FL5A105","1010","1526.80","1",
"T-FL5A106","1010","1526.80","1",
"T-FL5A107","1010","1526.80","1",
"T-FL5A108","1010","1526.80","1",
"T-FL5A109","1010","1526.80","1",
"T-FL5A11","1010","4896.64","1",
"T-FL5A110","1010","1526.80","1",
"T-FL5A111","1010","1526.80","1",
"T-FL5A112","1010","1526.80","1",
"T-FL5A113","1010","1526.80","1",
"T-FL5A114","1010","1526.80","1",
"T-FL5A115","1010","1526.80","1",
"T-FL5A116","1010","1526.80","1",
"T-FL5A117","1010","1526.80","1",
"T-FL5A118","1010","1526.80","1",
"T-FL5A119","1010","1526.80","1",
"T-FL5A12","1010","4896.64","1",
"T-FL5A120","1010","1526.80","1",
"T-FL5A121","1010","1526.80","1",
"T-FL5A122","1010","1526.80","1",
"T-FL5A123","1010","1526.80","1",
"T-FL5A124","1010","1526.80","1",
"T-FL5A125","1010","1526.80","1",
"T-FL5A126","1010","1526.80","1",
"T-FL5A127","1010","1526.80","1",
"T-FL5A128","1010","1526.80","1",
"T-FL5A129","1010","1526.80","1",
"T-FL5A13","1010","4896.64","1",
"T-FL5A130","1010","1526.80","1",
"T-FL5A131","1010","1526.80","1",
"T-FL5A132","1010","1526.80","1",
"T-FL5A133","1010","1526.80","1",
"T-FL5A134","1010","1526.80","1",
"T-FL5A135","1010","1526.80","1",
"T-FL5A136","1010","1526.80","1",
"T-FL5A137","1010","1526.80","1",
"T-FL5A138","1010","1526.80","1",
"T-FL5A139","1010","1526.80","1",
"T-FL5A14","1010","4896.64","1",
"T-FL5A140","1010","1526.80","1",
"T-FL5A141","1010","1526.80","1",
"T-FL5A142","1010","1526.80","1",
"T-FL5A143","1010","1526.80","1",
"T-FL5A144","1010","1526.80","1",
"T-FL5A145","1010","1526.80","1",
"T-FL5A146","1010","1526.80","1",
"T-FL5A147","1010","1526.80","1",
"T-FL5A148","1010","1526.80","1",
"T-FL5A149","1010","1526.80","1",
"T-FL5A15","1010","4896.64","1",
"T-FL5A150","1010","1526.80","1",
"T-FL5A151","1010","1526.80","1",
"T-FL5A152","1010","1526.80","1",
"T-FL5A153","1010","1526.80","1",
"T-FL5A154","1010","1526.80","1",
"T-FL5A155","1010","1526.80","1",
"T-FL5A156","1010","1526.80","1",
"T-FL5A157","1010","1526.80","1",
"T-FL5A158","1010","1526.80","1",
"T-FL5A159","1010","1526.80","1",
"T-FL5A16","1010","4896.64","1",
"T-FL5A160","1010","1526.80","1",
"T-FL5A161","1010","1526.80","1",
"T-FL5A162","1010","1526.80","1",
"T-FL5A163","1010","1526.80","1",
"T-FL5A164","1010","1526.80","1",
"T-FL5A165","1010","1526.80","1",
"T-FL5A166","1010","1526.80","1",
"T-FL5A167","1010","1526.80","1",
"T-FL5A168","1010","1526.80","1",
"T-FL5A169","1010","1526.80","1",
"T-FL5A17","1010","4896.64","1",
"T-FL5A170","1010","1526.80","1",
"T-FL5A171","1010","1526.80","1",
"T-FL5A172","1010","1526.80","1",
"T-FL5A173","1010","1526.80","1",
"T-FL5A174","1010","1526.80","1",
"T-FL5A175","1010","1526.80","1",
"T-FL5A176","1010","1526.80","1",
"T-FL5A177","1010","1526.80","1",
"T-FL5A178","1010","1526.80","1",
"T-FL5A179","1010","1526.80","1",
"T-FL5A18","1010","4896.64","1",
"T-FL5A180","1010","1526.80","1",
"T-FL5A181","1010","1526.80","1",
"T-FL5A182","1010","1526.80","1",
"T-FL5A183","1010","1526.80","1",
"T-FL5A184","1010","1526.80","1",
"T-FL5A185","1010","1526.80","1",
"T-FL5A186","1010","1526.80","1",
"T-FL5A187","1010","1526.80","1",
"T-FL5A188","1010","1526.80","1",
"T-FL5A189","1010","1526.80","1",
"T-FL5A19","1010","4896.64","1",
"T-FL5A190","1010","1526.80","1",
"T-FL5A191","1010","1526.80","1",
"T-FL5A192","1010","1526.80","1",
"T-FL5A193","1010","1526.80","1",
"T-FL5A194","1010","1526.80","1",
"T-FL5A195","1010","1526.80","1",
"T-FL5A196","1010","1526.80","1",
"T-FL5A197","1010","1526.80","1",
"T-FL5A198","1010","1526.80","1",
"T-FL5A199","1010","1526.80","1",
"T-FL5A20","1010","4896.64","1",
"T-FL5A200","1010","826.80","1",
"T-FL5A201","1010","826.80","1",
"T-FL5A202","1010","826.80","1",
"T-FL5A203","1010","826.80","1",
"T-FL5A204","1010","826.80","1",
"T-FL5A205","1010","826.80","1",
"T-FL5A206","1010","826.80","1",
"T-FL5A207","1010","826.80","1",
"T-FL5A208","1010","826.80","1",
"T-FL5A209","1010","826.80","1",
"T-FL5A21","1010","4896.64","1",
"T-FL5A210","1010","826.80","1",
"T-FL5A211","1010","826.80","1",
"T-FL5A212","1010","826.80","1",
"T-FL5A213","1010","826.80","1",
"T-FL5A214","1010","826.80","1",
"T-FL5A215","1010","826.80","1",
"T-FL5A216","1010","826.80","1",
"T-FL5A217","1010","826.80","1",
"T-FL5A218","1010","826.80","1",
"T-FL5A219","1010","826.80","1",
"T-FL5A22","1010","4896.64","1",
"T-FL5A220","1010","826.80","1",
"T-FL5A221","1010","826.80","1",
"T-FL5A222","1010","826.80","1",
"T-FL5A223","1010","826.80","1",
"T-FL5A224","1010","826.80","1",
"T-FL5A225","1010","826.80","1",
"T-FL5A226","1010","826.80","1",
"T-FL5A227","1010","826.80","1",
"T-FL5A228","1010","826.80","1",
"T-FL5A229","1010","826.80","1",
"T-FL5A23","1010","4896.64","1",
"T-FL5A230","1010","826.80","1",
"T-FL5A231","1010","826.80","1",
"T-FL5A232","1010","826.80","1",
"T-FL5A233","1010","826.80","1",
"T-FL5A234","1010","826.80","1",
"T-FL5A235","1010","826.80","1",
"T-FL5A236","1010","826.80","1",
"T-FL5A237","1010","826.80","1",
"T-FL5A238","1010","826.80","1",
"T-FL5A239","1010","826.80","1",
"T-FL5A24","1010","4896.64","1",
"T-FL5A240","1010","826.80","1",
"T-FL5A241","1010","826.80","1",
"T-FL5A242","1010","826.80","1",
"T-FL5A243","1010","826.80","1",
"T-FL5A244","1010","826.80","1",
"T-FL5A245","1010","826.80","1",
"T-FL5A246","1010","826.80","1",
"T-FL5A247","1010","826.80","1",
"T-FL5A248","1010","826.80","1",
"T-FL5A249","1010","826.80","1",
"T-FL5A25","1010","4896.64","1",
"T-FL5A250","1010","826.80","1",
"T-FL5A251","1010","826.80","1",
"T-FL5A252","1010","826.80","1",
"T-FL5A253","1010","826.80","1",
"T-FL5A254","1010","826.80","1",
"T-FL5A255","1010","826.80","1",
"T-FL5A256","1010","826.80","1",
"T-FL5A257","1010","826.80","1",
"T-FL5A258","1010","826.80","1",
"T-FL5A259","1010","826.80","1",
"T-FL5A26","1010","4896.64","1",
"T-FL5A260","1010","826.80","1",
"T-FL5A261","1010","826.80","1",
"T-FL5A262","1010","826.80","1",
"T-FL5A263","1010","826.80","1",
"T-FL5A264","1010","826.80","1",
"T-FL5A265","1010","826.80","1",
"T-FL5A266","1010","826.80","1",
"T-FL5A267","1010","826.80","1",
"T-FL5A268","1010","826.80","1",
"T-FL5A269","1010","826.80","1",
"T-FL5A27","1010","4896.64","1",
"T-FL5A270","1010","826.80","1",
"T-FL5A271","1010","826.80","1",
"T-FL5A272","1010","826.80","1",
"T-FL5A273","1010","826.80","1",
"T-FL5A274","1010","826.80","1",
"T-FL5A275","1010","826.80","1",
"T-FL5A276","1010","826.80","1",
"T-FL5A277","1010","826.80","1",
"T-FL5A278","1010","826.80","1",
"T-FL5A279","1010","826.80","1",
"T-FL5A28","1010","4896.64","1",
"T-FL5A280","1010","826.80","1",
"T-FL5A281","1010","826.80","1",
"T-FL5A282","1010","826.80","1",
"T-FL5A283","1010","826.80","1",
"T-FL5A284","1010","826.80","1",
"T-FL5A285","1010","826.80","1",
"T-FL5A286","1010","826.80","1",
"T-FL5A287","1010","826.80","1",
"T-FL5A288","1010","826.80","1",
"T-FL5A289","1010","826.80","1",
"T-FL5A29","1010","4896.64","1",
"T-FL5A290","1010","826.80","1",
"T-FL5A291","1010","826.80","1",
"T-FL5A292","1010","826.80","1",
"T-FL5A293","1010","826.80","1",
"T-FL5A294","1010","826.80","1",
"T-FL5A295","1010","826.80","1",
"T-FL5A296","1010","826.80","1",
"T-FL5A297","1010","826.80","1",
"T-FL5A298","1010","826.80","1",
"T-FL5A299","1010","826.80","1",
"T-FL5A30","1010","4896.64","1",
"T-FL5A300","1010","1126.80","1",
"T-FL5A301","1010","1126.80","1",
"T-FL5A302","1010","1126.80","1",
"T-FL5A303","1010","1126.80","1",
"T-FL5A304","1010","1126.80","1",
"T-FL5A305","1010","1126.80","1",
"T-FL5A306","1010","1126.80","1",
"T-FL5A307","1010","1126.80","1",
"T-FL5A308","1010","1126.80","1",
"T-FL5A309","1010","1126.80","1",
"T-FL5A31","1010","4896.64","1",
"T-FL5A310","1010","1126.80","1",
"T-FL5A311","1010","1126.80","1",
"T-FL5A312","1010","1126.80","1",
"T-FL5A313","1010","1126.80","1",
"T-FL5A314","1010","1126.80","1",
"T-FL5A315","1010","1126.80","1",
"T-FL5A316","1010","1126.80","1",
"T-FL5A317","1010","1126.80","1",
"T-FL5A318","1010","1126.80","1",
"T-FL5A319","1010","1126.80","1",
"T-FL5A32","1010","4896.64","1",
"T-FL5A320","1010","1126.80","1",
"T-FL5A321","1010","1126.80","1",
"T-FL5A322","1010","1126.80","1",
"T-FL5A323","1010","1126.80","1",
"T-FL5A324","1010","1126.80","1",
"T-FL5A325","1010","1126.80","1",
"T-FL5A326","1010","1126.80","1",
"T-FL5A327","1010","1126.80","1",
"T-FL5A328","1010","1126.80","1",
"T-FL5A329","1010","1126.80","1",
"T-FL5A33","1010","4896.64","1",
"T-FL5A330","1010","1126.80","1",
"T-FL5A331","1010","1126.80","1",
"T-FL5A332","1010","1126.80","1",
"T-FL5A333","1010","1126.80","1",
"T-FL5A334","1010","1126.80","1",
"T-FL5A335","1010","1126.80","1",
"T-FL5A336","1010","1126.80","1",
"T-FL5A337","1010","1126.80","1",
"T-FL5A338","1010","1126.80","1",
"T-FL5A339","1010","1126.80","1",
"T-FL5A34","1010","4896.64","1",
"T-FL5A340","1010","1126.80","1",
"T-FL5A341","1010","1126.80","1",
"T-FL5A342","1010","1126.80","1",
"T-FL5A343","1010","1126.80","1",
"T-FL5A344","1010","1126.80","1",
"T-FL5A345","1010","1126.80","1",
"T-FL5A346","1010","1126.80","1",
"T-FL5A347","1010","1126.80","1",
"T-FL5A348","1010","1126.80","1",
"T-FL5A349","1010","1126.80","1",
"T-FL5A35","1010","4896.64","1",
"T-FL5A350","1010","1126.80","1",
"T-FL5A351","1010","1126.80","1",
"T-FL5A352","1010","1126.80","1",
"T-FL5A353","1010","1126.80","1",
"T-FL5A354","1010","1126.80","1",
"T-FL5A355","1010","1126.80","1",
"T-FL5A356","1010","1126.80","1",
"T-FL5A357","1010","1126.80","1",
"T-FL5A358","1010","1126.80","1",
"T-FL5A359","1010","1126.80","1",
"T-FL5A36","1010","4896.64","1",
"T-FL5A360","1010","1126.80","1",
"T-FL5A361","1010","1126.80","1",
"T-FL5A362","1010","1126.80","1",
"T-FL5A363","1010","1126.80","1",
"T-FL5A364","1010","1126.80","1",
"T-FL5A365","1010","1126.80","1",
"T-FL5A366","1010","1126.80","1",
"T-FL5A367","1010","1126.80","1",
"T-FL5A368","1010","1126.80","1",
"T-FL5A369","1010","1126.80","1",
"T-FL5A37","1010","4896.64","1",
"T-FL5A370","1010","1126.80","1",
"T-FL5A371","1010","1126.80","1",
"T-FL5A372","1010","1126.80","1",
"T-FL5A373","1010","1126.80","1",
"T-FL5A374","1010","1126.80","1",
"T-FL5A375","1010","1126.80","1",
"T-FL5A376","1010","1126.80","1",
"T-FL5A377","1010","1126.80","1",
"T-FL5A378","1010","1126.80","1",
"T-FL5A379","1010","1126.80","1",
"T-FL5A38","1010","4896.64","1",
"T-FL5A380","1010","1126.80","1",
"T-FL5A381","1010","1126.80","1",
"T-FL5A382","1010","1126.80","1",
"T-FL5A383","1010","1126.80","1",
"T-FL5A384","1010","1126.80","1",
"T-FL5A385","1010","1126.80","1",
"T-FL5A386","1010","1126.80","1",
"T-FL5A387","1010","1126.80","1",
"T-FL5A388","1010","1126.80","1",
"T-FL5A389","1010","1126.80","1",
"T-FL5A39","1010","4896.64","1",
"T-FL5A390","1010","1126.80","1",
"T-FL5A391","1010","1126.80","1",
"T-FL5A392","1010","1126.80","1",
"T-FL5A393","1010","1126.80","1",
"T-FL5A394","1010","1126.80","1",
"T-FL5A395","1010","1126.80","1",
"T-FL5A396","1010","1126.80","1",
"T-FL5A397","1010","1126.80","1",
"T-FL5A398","1010","1126.80","1",
"T-FL5A399","1010","1126.80","1",
"T-FL5A40","1010","4896.64","1",
"T-FL5A400","1010","1226.80","1",
"T-FL5A401","1010","1226.80","1",
"T-FL5A402","1010","1226.80","1",
"T-FL5A403","1010","1226.80","1",
"T-FL5A404","1010","1226.80","1",
"T-FL5A405","1010","1226.80","1",
"T-FL5A406","1010","1226.80","1",
"T-FL5A407","1010","1226.80","1",
"T-FL5A408","1010","1226.80","1",
"T-FL5A409","1010","1226.80","1",
"T-FL5A41","1010","4896.64","1",
"T-FL5A410","1010","1226.80","1",
"T-FL5A411","1010","1226.80","1",
"T-FL5A412","1010","1226.80","1",
"T-FL5A413","1010","1226.80","1",
"T-FL5A414","1010","1226.80","1",
"T-FL5A415","1010","1226.80","1",
"T-FL5A416","1010","1226.80","1",
"T-FL5A417","1010","1226.80","1",
"T-FL5A418","1010","1226.80","1",
"T-FL5A419","1010","1226.80","1",
"T-FL5A42","1010","4896.64","1",
"T-FL5A420","1010","1226.80","1",
"T-FL5A421","1010","1226.80","1",
"T-FL5A422","1010","1226.80","1",
"T-FL5A423","1010","1226.80","1",
"T-FL5A424","1010","1226.80","1",
"T-FL5A425","1010","1226.80","1",
"T-FL5A426","1010","1226.80","1",
"T-FL5A427","1010","1226.80","1",
"T-FL5A428","1010","1226.80","1",
"T-FL5A429","1010","1226.80","1",
"T-FL5A43","1010","4896.64","1",
"T-FL5A430","1010","1226.80","1",
"T-FL5A431","1010","1226.80","1",
"T-FL5A432","1010","1226.80","1",
"T-FL5A433","1010","1226.80","1",
"T-FL5A434","1010","1226.80","1",
"T-FL5A435","1010","1226.80","1",
"T-FL5A436","1010","1226.80","1",
"T-FL5A437","1010","1226.80","1",
"T-FL5A438","1010","1226.80","1",
"T-FL5A439","1010","1226.80","1",
"T-FL5A44","1010","4896.64","1",
"T-FL5A440","1010","1226.80","1",
"T-FL5A441","1010","1226.80","1",
"T-FL5A442","1010","1226.80","1",
"T-FL5A443","1010","1226.80","1",
"T-FL5A444","1010","1226.80","1",
"T-FL5A445","1010","1226.80","1",
"T-FL5A446","1010","1226.80","1",
"T-FL5A447","1010","1226.80","1",
"T-FL5A448","1010","1226.80","1",
"T-FL5A449","1010","1226.80","1",
"T-FL5A45","1010","4896.64","1",
"T-FL5A450","1010","1226.80","1",
"T-FL5A451","1010","1226.80","1",
"T-FL5A452","1010","1226.80","1",
"T-FL5A453","1010","1226.80","1",
"T-FL5A454","1010","1226.80","1",
"T-FL5A455","1010","1226.80","1",
"T-FL5A456","1010","1226.80","1",
"T-FL5A457","1010","1226.80","1",
"T-FL5A458","1010","1226.80","1",
"T-FL5A459","1010","1226.80","1",
"T-FL5A46","1010","4896.64","1",
"T-FL5A460","1010","1226.80","1",
"T-FL5A461","1010","1226.80","1",
"T-FL5A462","1010","1226.80","1",
"T-FL5A463","1010","1226.80","1",
"T-FL5A464","1010","1226.80","1",
"T-FL5A465","1010","1226.80","1",
"T-FL5A466","1010","1226.80","1",
"T-FL5A467","1010","1226.80","1",
"T-FL5A468","1010","1226.80","1",
"T-FL5A469","1010","1226.80","1",
"T-FL5A47","1010","4896.64","1",
"T-FL5A470","1010","1226.80","1",
"T-FL5A471","1010","1226.80","1",
"T-FL5A472","1010","1226.80","1",
"T-FL5A473","1010","1226.80","1",
"T-FL5A474","1010","1226.80","1",
"T-FL5A475","1010","1226.80","1",
"T-FL5A476","1010","1226.80","1",
"T-FL5A477","1010","1226.80","1",
"T-FL5A478","1010","1226.80","1",
"T-FL5A479","1010","1226.80","1",
"T-FL5A48","1010","4896.64","1",
"T-FL5A480","1010","1226.80","1",
"T-FL5A481","1010","1226.80","1",
"T-FL5A482","1010","1226.80","1",
"T-FL5A483","1010","1226.80","1",
"T-FL5A484","1010","1226.80","1",
"T-FL5A485","1010","1226.80","1",
"T-FL5A486","1010","1226.80","1",
"T-FL5A487","1010","1226.80","1",
"T-FL5A488","1010","1226.80","1",
"T-FL5A489","1010","1226.80","1",
"T-FL5A49","1010","4896.64","1",
"T-FL5A490","1010","1226.80","1",
"T-FL5A491","1010","1226.80","1",
"T-FL5A492","1010","1226.80","1",
"T-FL5A493","1010","1226.80","1",
"T-FL5A494","1010","1226.80","1",
"T-FL5A495","1010","1226.80","1",
"T-FL5A496","1010","1226.80","1",
"T-FL5A497","1010","1226.80","1",
"T-FL5A498","1010","1226.80","1",
"T-FL5A499","1010","1226.80","1",
"T-FL5A50","1010","4896.64","1",
"T-FL5A51","1010","4896.64","1",
"T-FL5A52","1010","4896.64","1",
"T-FL5A53","1010","4896.64","1",
"T-FL5A54","1010","4896.64","1",
"T-FL5A55","1010","4896.64","1",
"T-FL5A56","1010","4896.64","1",
"T-FL5A57","1010","4896.64","1",
"T-FL5A58","1010","4896.64","1",
"T-FL5A59","1010","4896.64","1",
"T-FL5A60","1010","4896.64","1",
"T-FL5A61","1010","4896.64","1",
"T-FL5A62","1010","4896.64","1",
"T-FL5A63","1010","4896.64","1",
"T-FL5A64","1010","4896.64","1",
"T-FL5A65","1010","4896.64","1",
"T-FL5A66","1010","4896.64","1",
"T-FL5A67","1010","4896.64","1",
"T-FL5A68","1010","4896.64","1",
"T-FL5A69","1010","4896.64","1",
"T-FL5A70","1010","4896.64","1",
"T-FL5A71","1010","4896.64","1",
"T-FL5A72","1010","4896.64","1",
"T-FL5A73","1010","4896.64","1",
"T-FL5A74","1010","4896.64","1",
"T-FL5A75","1010","4896.64","1",
"T-FL5A76","1010","4896.64","1",
"T-FL5A77","1010","4896.64","1",
"T-FL5A78","1010","4896.64","1",
"T-FL5A79","1010","4896.64","1",
"T-FL5A80","1010","4896.64","1",
"T-FL5A81","1010","4896.64","1",
"T-FL5A82","1010","4896.64","1",
"T-FL5A83","1010","4896.64","1",
"T-FL5A84","1010","4896.64","1",
"T-FL5A85","1010","4896.64","1",
"T-FL5A86","1010","4896.64","1",
"T-FL5A87","1010","4896.64","1",
"T-FL5A88","1010","4896.64","1",
"T-FL5A89","1010","4896.64","1",
"T-FL5A90","1010","4896.64","1",
"T-FL5A91","1010","4896.64","1",
"T-FL5A92","1010","4896.64","1",
"T-FL5A93","1010","4896.64","1",
"T-FL5A94","1010","4896.64","1",
"T-FL5A95","1010","4896.64","1",
"T-FL5A96","1010","4896.64","1",
"T-FL5A97","1010","4896.64","1",
"T-FL5A98","1010","4896.64","1",
"T-FL5A99","1010","4896.64","1",
"T-FL5B00","1010","1526.80","1",
"T-FL5B01","1010","1526.80","1",
"T-FL5B02","1010","1526.80","1",
"T-FL5B03","1010","1526.80","1",
"T-FL5B04","1010","1526.80","1",
"T-FL5B05","1010","1526.80","1",
"T-FL5B06","1010","1526.80","1",
"T-FL5B07","1010","1526.80","1",
"T-FL5B08","1010","1526.80","1",
"T-FL5B09","1010","1526.80","1",
"T-FL5B10","1010","1526.80","1",
"T-FL5B11","1010","1526.80","1",
"T-FL5B12","1010","1526.80","1",
"T-FL5B13","1010","1526.80","1",
"T-FL5B14","1010","1526.80","1",
"T-FL5B15","1010","1526.80","1",
"T-FL5B16","1010","1526.80","1",
"T-FL5B17","1010","1526.80","1",
"T-FL5B18","1010","1526.80","1",
"T-FL5B19","1010","1526.80","1",
"T-FL5B20","1010","1526.80","1",
"T-FL5B21","1010","1526.80","1",
"T-FL5B22","1010","1526.80","1",
"T-FL5B23","1010","1526.80","1",
"T-FL5B24","1010","1526.80","1",
"T-FL5B25","1010","1526.80","1",
"T-FL5B26","1010","1526.80","1",
"T-FL5B27","1010","1526.80","1",
"T-FL5B28","1010","1526.80","1",
"T-FL5B29","1010","1526.80","1",
"T-FL5B30","1010","1526.80","1",
"T-FL5B31","1010","1526.80","1",
"T-FL5B32","1010","1526.80","1",
"T-FL5B33","1010","1526.80","1",
"T-FL5B34","1010","1526.80","1",
"T-FL5B35","1010","1526.80","1",
"T-FL5B36","1010","1526.80","1",
"T-FL5B37","1010","1526.80","1",
"T-FL5B38","1010","1526.80","1",
"T-FL5B39","1010","1526.80","1",
"T-FL5B40","1010","1526.80","1",
"T-FL5B41","1010","1526.80","1",
"T-FL5B42","1010","1526.80","1",
"T-FL5B43","1010","1526.80","1",
"T-FL5B44","1010","1526.80","1",
"T-FL5B45","1010","1526.80","1",
"T-FL5B46","1010","1526.80","1",
"T-FL5B47","1010","1526.80","1",
"T-FL5B48","1010","1526.80","1",
"T-FL5B49","1010","1526.80","1",
"T-FL5B50","1010","1526.80","1",
"T-FL5B51","1010","1526.80","1",
"T-FL5B52","1010","1526.80","1",
"T-FL5B53","1010","1526.80","1",
"T-FL5B54","1010","1526.80","1",
"T-FL5B55","1010","1526.80","1",
"T-FL5B56","1010","1526.80","1",
"T-FL5B57","1010","1526.80","1",
"T-FL5B58","1010","1526.80","1",
"T-FL5B59","1010","1526.80","1",
"T-FL5B60","1010","1526.80","1",
"T-FL5B61","1010","1526.80","1",
"T-FL5B62","1010","1526.80","1",
"T-FL5B63","1010","1526.80","1",
"T-FL5B64","1010","1526.80","1",
"T-FL5B65","1010","1526.80","1",
"T-FL5B66","1010","1526.80","1",
"T-FL5B67","1010","1526.80","1",
"T-FL5B68","1010","1526.80","1",
"T-FL5B69","1010","1526.80","1",
"T-FL5B70","1010","1526.80","1",
"T-FL5B71","1010","1526.80","1",
"T-FL5B72","1010","1526.80","1",
"T-FL5B73","1010","1526.80","1",
"T-FL5B74","1010","1526.80","1",
"T-FL5B75","1010","1526.80","1",
"T-FL5B76","1010","1526.80","1",
"T-FL5B77","1010","1526.80","1",
"T-FL5B78","1010","1526.80","1",
"T-FL5B79","1010","1526.80","1",
"T-FL5B80","1010","1526.80","1",
"T-FL5B81","1010","1526.80","1",
"T-FL5B82","1010","1526.80","1",
"T-FL5B83","1010","1526.80","1",
"T-FL5B84","1010","1526.80","1",
"T-FL5B85","1010","1526.80","1",
"T-FL5B86","1010","1526.80","1",
"T-FL5B87","1010","1526.80","1",
"T-FL5B88","1010","1526.80","1",
"T-FL5B89","1010","1526.80","1",
"T-FL5B90","1010","1526.80","1",
"T-FL5B91","1010","1526.80","1",
"T-FL5B92","1010","1526.80","1",
"T-FL5B93","1010","1526.80","1",
"T-FL5B94","1010","1526.80","1",
"T-FL5B95","1010","1526.80","1",
"T-FL5B96","1010","1526.80","1",
"T-FL5B97","1010","1526.80","1",
"T-FL5B98","1010","1526.80","1",
"T-FL5B99","1010","1526.80","1",
"T-FL60","1010","39337.70","1",
"T-FL600","1010","3548.10","1",
"T-FL601","1010","3548.10","1",
"T-FL602","1010","3548.10","1",
"T-FL603","1010","3548.10","1",
"T-FL604","1010","3548.10","1",
"T-FL605","1010","3548.10","1",
"T-FL606","1010","3548.10","1",
"T-FL607","1010","3548.10","1",
"T-FL608","1010","3548.10","1",
"T-FL609","1010","3548.10","1",
"T-FL61","1010","39337.70","1",
"T-FL610","1010","3548.10","1",
"T-FL611","1010","3548.10","1",
"T-FL612","1010","3548.10","1",
"T-FL613","1010","3548.10","1",
"T-FL614","1010","3548.10","1",
"T-FL615","1010","3548.10","1",
"T-FL616","1010","3548.10","1",
"T-FL617","1010","3548.10","1",
"T-FL618","1010","3548.10","1",
"T-FL619","1010","3548.10","1",
"T-FL62","1010","39337.70","1",
"T-FL620","1010","3548.10","1",
"T-FL621","1010","3548.10","1",
"T-FL622","1010","3548.10","1",
"T-FL623","1010","3548.10","1",
"T-FL624","1010","3548.10","1",
"T-FL625","1010","3548.10","1",
"T-FL626","1010","3548.10","1",
"T-FL627","1010","3548.10","1",
"T-FL628","1010","3548.10","1",
"T-FL629","1010","3548.10","1",
"T-FL63","1010","39337.70","1",
"T-FL630","1010","3548.10","1",
"T-FL631","1010","3548.10","1",
"T-FL632","1010","3548.10","1",
"T-FL633","1010","3548.10","1",
"T-FL634","1010","3548.10","1",
"T-FL635","1010","3548.10","1",
"T-FL636","1010","3548.10","1",
"T-FL637","1010","3548.10","1",
"T-FL638","1010","3548.10","1",
"T-FL639","1010","3548.10","1",
"T-FL64","1010","39337.70","1",
"T-FL640","1010","3548.10","1",
"T-FL641","1010","3548.10","1",
"T-FL642","1010","3548.10","1",
"T-FL643","1010","3548.10","1",
"T-FL644","1010","3548.10","1",
"T-FL645","1010","3548.10","1",
"T-FL646","1010","3548.10","1",
"T-FL647","1010","3548.10","1",
"T-FL648","1010","3548.10","1",
"T-FL649","1010","3548.10","1",
"T-FL65","1010","39337.70","1",
"T-FL650","1010","3548.10","1",
"T-FL651","1010","3548.10","1",
"T-FL652","1010","3548.10","1",
"T-FL653","1010","3548.10","1",
"T-FL654","1010","3548.10","1",
"T-FL655","1010","3548.10","1",
"T-FL656","1010","3548.10","1",
"T-FL657","1010","3548.10","1",
"T-FL658","1010","3548.10","1",
"T-FL659","1010","3548.10","1",
"T-FL66","1010","39337.70","1",
"T-FL660","1010","3548.10","1",
"T-FL661","1010","3548.10","1",
"T-FL662","1010","3548.10","1",
"T-FL663","1010","3548.10","1",
"T-FL664","1010","3548.10","1",
"T-FL665","1010","3548.10","1",
"T-FL666","1010","3548.10","1",
"T-FL667","1010","3548.10","1",
"T-FL668","1010","3548.10","1",
"T-FL669","1010","3548.10","1",
"T-FL67","1010","39337.70","1",
"T-FL670","1010","3548.10","1",
"T-FL671","1010","3548.10","1",
"T-FL672","1010","3548.10","1",
"T-FL673","1010","3548.10","1",
"T-FL674","1010","3548.10","1",
"T-FL675","1010","3548.10","1",
"T-FL676","1010","3548.10","1",
"T-FL677","1010","3548.10","1",
"T-FL678","1010","3548.10","1",
"T-FL679","1010","3548.10","1",
"T-FL68","1010","39337.70","1",
"T-FL680","1010","3548.10","1",
"T-FL681","1010","3548.10","1",
"T-FL682","1010","3548.10","1",
"T-FL683","1010","3548.10","1",
"T-FL684","1010","3548.10","1",
"T-FL685","1010","3548.10","1",
"T-FL686","1010","3548.10","1",
"T-FL687","1010","3548.10","1",
"T-FL688","1010","3548.10","1",
"T-FL689","1010","3548.10","1",
"T-FL69","1010","39337.70","1",
"T-FL690","1010","3548.10","1",
"T-FL691","1010","3548.10","1",
"T-FL692","1010","3548.10","1",
"T-FL693","1010","3548.10","1",
"T-FL694","1010","3548.10","1",
"T-FL695","1010","3548.10","1",
"T-FL696","1010","3548.10","1",
"T-FL697","1010","3548.10","1",
"T-FL698","1010","3548.10","1",
"T-FL699","1010","3548.10","1",
"T-FL6A00","1010","626.80","1",
"T-FL6A01","1010","626.80","1",
"T-FL6A02","1010","626.80","1",
"T-FL6A03","1010","626.80","1",
"T-FL6A04","1010","626.80","1",
"T-FL6A05","1010","626.80","1",
"T-FL6A06","1010","626.80","1",
"T-FL6A07","1010","626.80","1",
"T-FL6A08","1010","626.80","1",
"T-FL6A09","1010","626.80","1",
"T-FL6A10","1010","626.80","1",
"T-FL6A11","1010","626.80","1",
"T-FL6A12","1010","626.80","1",
"T-FL6A13","1010","626.80","1",
"T-FL6A14","1010","626.80","1",
"T-FL6A15","1010","626.80","1",
"T-FL6A16","1010","626.80","1",
"T-FL6A17","1010","626.80","1",
"T-FL6A18","1010","626.80","1",
"T-FL6A19","1010","626.80","1",
"T-FL6A20","1010","626.80","1",
"T-FL6A21","1010","626.80","1",
"T-FL6A22","1010","626.80","1",
"T-FL6A23","1010","626.80","1",
"T-FL6A24","1010","626.80","1",
"T-FL6A25","1010","626.80","1",
"T-FL6A26","1010","626.80","1",
"T-FL6A27","1010","626.80","1",
"T-FL6A28","1010","626.80","1",
"T-FL6A29","1010","626.80","1",
"T-FL6A30","1010","626.80","1",
"T-FL6A31","1010","626.80","1",
"T-FL6A32","1010","626.80","1",
"T-FL6A33","1010","626.80","1",
"T-FL6A34","1010","626.80","1",
"T-FL6A35","1010","626.80","1",
"T-FL6A36","1010","626.80","1",
"T-FL6A37","1010","626.80","1",
"T-FL6A38","1010","626.80","1",
"T-FL6A39","1010","626.80","1",
"T-FL6A40","1010","626.80","1",
"T-FL6A41","1010","626.80","1",
"T-FL6A42","1010","626.80","1",
"T-FL6A43","1010","626.80","1",
"T-FL6A44","1010","626.80","1",
"T-FL6A45","1010","626.80","1",
"T-FL6A46","1010","626.80","1",
"T-FL6A47","1010","626.80","1",
"T-FL6A48","1010","626.80","1",
"T-FL6A49","1010","626.80","1",
"T-FL6A50","1010","626.80","1",
"T-FL6A51","1010","626.80","1",
"T-FL6A52","1010","626.80","1",
"T-FL6A53","1010","626.80","1",
"T-FL6A54","1010","626.80","1",
"T-FL6A55","1010","626.80","1",
"T-FL6A56","1010","626.80","1",
"T-FL6A57","1010","626.80","1",
"T-FL6A58","1010","626.80","1",
"T-FL6A59","1010","626.80","1",
"T-FL6A60","1010","626.80","1",
"T-FL6A61","1010","626.80","1",
"T-FL6A62","1010","626.80","1",
"T-FL6A63","1010","626.80","1",
"T-FL6A64","1010","626.80","1",
"T-FL6A65","1010","626.80","1",
"T-FL6A66","1010","626.80","1",
"T-FL6A67","1010","626.80","1",
"T-FL6A68","1010","626.80","1",
"T-FL6A69","1010","626.80","1",
"T-FL6A70","1010","626.80","1",
"T-FL6A71","1010","626.80","1",
"T-FL6A72","1010","626.80","1",
"T-FL6A73","1010","626.80","1",
"T-FL6A74","1010","626.80","1",
"T-FL6A75","1010","626.80","1",
"T-FL6A76","1010","626.80","1",
"T-FL6A77","1010","626.80","1",
"T-FL6A78","1010","626.80","1",
"T-FL6A79","1010","626.80","1",
"T-FL6A80","1010","626.80","1",
"T-FL6A81","1010","626.80","1",
"T-FL6A82","1010","626.80","1",
"T-FL6A83","1010","626.80","1",
"T-FL6A84","1010","626.80","1",
"T-FL6A85","1010","626.80","1",
"T-FL6A86","1010","626.80","1",
"T-FL6A87","1010","626.80","1",
"T-FL6A88","1010","626.80","1",
"T-FL6A89","1010","626.80","1",
"T-FL6A90","1010","626.80","1",
"T-FL6A91","1010","626.80","1",
"T-FL6A92","1010","626.80","1",
"T-FL6A93","1010","626.80","1",
"T-FL6A94","1010","626.80","1",
"T-FL6A95","1010","626.80","1",
"T-FL6A96","1010","626.80","1",
"T-FL6A97","1010","626.80","1",
"T-FL6A98","1010","626.80","1",
"T-FL6A99","1010","626.80","1",
"T-FL6B00","1010","426.80","1",
"T-FL6B01","1010","426.80","1",
"T-FL6B02","1010","426.80","1",
"T-FL6B03","1010","426.80","1",
"T-FL6B04","1010","426.80","1",
"T-FL6B05","1010","426.80","1",
"T-FL6B06","1010","426.80","1",
"T-FL6B07","1010","426.80","1",
"T-FL6B08","1010","426.80","1",
"T-FL6B09","1010","426.80","1",
"T-FL6B10","1010","426.80","1",
"T-FL6B11","1010","426.80","1",
"T-FL6B12","1010","426.80","1",
"T-FL6B13","1010","426.80","1",
"T-FL6B14","1010","426.80","1",
"T-FL6B15","1010","426.80","1",
"T-FL6B16","1010","426.80","1",
"T-FL6B17","1010","426.80","1",
"T-FL6B18","1010","426.80","1",
"T-FL6B19","1010","426.80","1",
"T-FL6B20","1010","426.80","1",
"T-FL6B21","1010","426.80","1",
"T-FL6B22","1010","426.80","1",
"T-FL6B23","1010","426.80","1",
"T-FL6B24","1010","426.80","1",
"T-FL6B25","1010","426.80","1",
"T-FL6B26","1010","426.80","1",
"T-FL6B27","1010","426.80","1",
"T-FL6B28","1010","426.80","1",
"T-FL6B29","1010","426.80","1",
"T-FL6B30","1010","426.80","1",
"T-FL6B31","1010","426.80","1",
"T-FL6B32","1010","426.80","1",
"T-FL6B33","1010","426.80","1",
"T-FL6B34","1010","426.80","1",
"T-FL6B35","1010","426.80","1",
"T-FL6B36","1010","426.80","1",
"T-FL6B37","1010","426.80","1",
"T-FL6B38","1010","426.80","1",
"T-FL6B39","1010","426.80","1",
"T-FL6B40","1010","426.80","1",
"T-FL6B41","1010","426.80","1",
"T-FL6B42","1010","426.80","1",
"T-FL6B43","1010","426.80","1",
"T-FL6B44","1010","426.80","1",
"T-FL6B45","1010","426.80","1",
"T-FL6B46","1010","426.80","1",
"T-FL6B47","1010","426.80","1",
"T-FL6B48","1010","426.80","1",
"T-FL6B49","1010","426.80","1",
"T-FL6B50","1010","426.80","1",
"T-FL6B51","1010","426.80","1",
"T-FL6B52","1010","426.80","1",
"T-FL6B53","1010","426.80","1",
"T-FL6B54","1010","426.80","1",
"T-FL6B55","1010","426.80","1",
"T-FL6B56","1010","426.80","1",
"T-FL6B57","1010","426.80","1",
"T-FL6B58","1010","426.80","1",
"T-FL6B59","1010","426.80","1",
"T-FL6B60","1010","426.80","1",
"T-FL6B61","1010","426.80","1",
"T-FL6B62","1010","426.80","1",
"T-FL6B63","1010","426.80","1",
"T-FL6B64","1010","426.80","1",
"T-FL6B65","1010","426.80","1",
"T-FL6B66","1010","426.80","1",
"T-FL6B67","1010","426.80","1",
"T-FL6B68","1010","426.80","1",
"T-FL6B69","1010","426.80","1",
"T-FL6B70","1010","426.80","1",
"T-FL6B71","1010","426.80","1",
"T-FL6B72","1010","426.80","1",
"T-FL6B73","1010","426.80","1",
"T-FL6B74","1010","426.80","1",
"T-FL6B75","1010","426.80","1",
"T-FL6B76","1010","426.80","1",
"T-FL6B77","1010","426.80","1",
"T-FL6B78","1010","426.80","1",
"T-FL6B79","1010","426.80","1",
"T-FL6B80","1010","426.80","1",
"T-FL6B81","1010","426.80","1",
"T-FL6B82","1010","426.80","1",
"T-FL6B83","1010","426.80","1",
"T-FL6B84","1010","426.80","1",
"T-FL6B85","1010","426.80","1",
"T-FL6B86","1010","426.80","1",
"T-FL6B87","1010","426.80","1",
"T-FL6B88","1010","426.80","1",
"T-FL6B89","1010","426.80","1",
"T-FL6B90","1010","426.80","1",
"T-FL6B91","1010","426.80","1",
"T-FL6B92","1010","426.80","1",
"T-FL6B93","1010","426.80","1",
"T-FL6B94","1010","426.80","1",
"T-FL6B95","1010","426.80","1",
"T-FL6B96","1010","426.80","1",
"T-FL6B97","1010","426.80","1",
"T-FL6B98","1010","426.80","1",
"T-FL6B99","1010","426.80","1",
"T-FL6C00","1010","276.80","1",
"T-FL6C01","1010","276.80","1",
"T-FL6C02","1010","276.80","1",
"T-FL6C03","1010","276.80","1",
"T-FL6C04","1010","276.80","1",
"T-FL6C05","1010","276.80","1",
"T-FL6C06","1010","276.80","1",
"T-FL6C07","1010","276.80","1",
"T-FL6C08","1010","276.80","1",
"T-FL6C09","1010","276.80","1",
"T-FL6C10","1010","276.80","1",
"T-FL6C11","1010","276.80","1",
"T-FL6C12","1010","276.80","1",
"T-FL6C13","1010","276.80","1",
"T-FL6C14","1010","276.80","1",
"T-FL6C15","1010","276.80","1",
"T-FL6C16","1010","276.80","1",
"T-FL6C17","1010","276.80","1",
"T-FL6C18","1010","276.80","1",
"T-FL6C19","1010","276.80","1",
"T-FL6C20","1010","276.80","1",
"T-FL6C21","1010","276.80","1",
"T-FL6C22","1010","276.80","1",
"T-FL6C23","1010","276.80","1",
"T-FL6C24","1010","276.80","1",
"T-FL6C25","1010","276.80","1",
"T-FL6C26","1010","276.80","1",
"T-FL6C27","1010","276.80","1",
"T-FL6C28","1010","276.80","1",
"T-FL6C29","1010","276.80","1",
"T-FL6C30","1010","276.80","1",
"T-FL6C31","1010","276.80","1",
"T-FL6C32","1010","276.80","1",
"T-FL6C33","1010","276.80","1",
"T-FL6C34","1010","276.80","1",
"T-FL6C35","1010","276.80","1",
"T-FL6C36","1010","276.80","1",
"T-FL6C37","1010","276.80","1",
"T-FL6C38","1010","276.80","1",
"T-FL6C39","1010","276.80","1",
"T-FL6C40","1010","276.80","1",
"T-FL6C41","1010","276.80","1",
"T-FL6C42","1010","276.80","1",
"T-FL6C43","1010","276.80","1",
"T-FL6C44","1010","276.80","1",
"T-FL6C45","1010","276.80","1",
"T-FL6C46","1010","276.80","1",
"T-FL6C47","1010","276.80","1",
"T-FL6C48","1010","276.80","1",
"T-FL6C49","1010","276.80","1",
"T-FL6C50","1010","276.80","1",
"T-FL6C51","1010","276.80","1",
"T-FL6C52","1010","276.80","1",
"T-FL6C53","1010","276.80","1",
"T-FL6C54","1010","276.80","1",
"T-FL6C55","1010","276.80","1",
"T-FL6C56","1010","276.80","1",
"T-FL6C57","1010","276.80","1",
"T-FL6C58","1010","276.80","1",
"T-FL6C59","1010","276.80","1",
"T-FL6C60","1010","276.80","1",
"T-FL6C61","1010","276.80","1",
"T-FL6C62","1010","276.80","1",
"T-FL6C63","1010","276.80","1",
"T-FL6C64","1010","276.80","1",
"T-FL6C65","1010","276.80","1",
"T-FL6C66","1010","276.80","1",
"T-FL6C67","1010","276.80","1",
"T-FL6C68","1010","276.80","1",
"T-FL6C69","1010","276.80","1",
"T-FL6C70","1010","276.80","1",
"T-FL6C71","1010","276.80","1",
"T-FL6C72","1010","276.80","1",
"T-FL6C73","1010","276.80","1",
"T-FL6C74","1010","276.80","1",
"T-FL6C75","1010","276.80","1",
"T-FL6C76","1010","276.80","1",
"T-FL6C77","1010","276.80","1",
"T-FL6C78","1010","276.80","1",
"T-FL6C79","1010","276.80","1",
"T-FL6C80","1010","276.80","1",
"T-FL6C81","1010","276.80","1",
"T-FL6C82","1010","276.80","1",
"T-FL6C83","1010","276.80","1",
"T-FL6C84","1010","276.80","1",
"T-FL6C85","1010","276.80","1",
"T-FL6C86","1010","276.80","1",
"T-FL6C87","1010","276.80","1",
"T-FL6C88","1010","276.80","1",
"T-FL6C89","1010","276.80","1",
"T-FL6C90","1010","276.80","1",
"T-FL6C91","1010","276.80","1",
"T-FL6C92","1010","276.80","1",
"T-FL6C93","1010","276.80","1",
"T-FL6C94","1010","276.80","1",
"T-FL6C95","1010","276.80","1",
"T-FL6C96","1010","276.80","1",
"T-FL6C97","1010","276.80","1",
"T-FL6C98","1010","276.80","1",
"T-FL6C99","1010","276.80","1",
"T-FL6D00","1010","276.80","1",
"T-FL6D01","1010","276.80","1",
"T-FL6D02","1010","276.80","1",
"T-FL6D03","1010","276.80","1",
"T-FL6D04","1010","276.80","1",
"T-FL6D05","1010","276.80","1",
"T-FL6D06","1010","276.80","1",
"T-FL6D07","1010","276.80","1",
"T-FL6D08","1010","276.80","1",
"T-FL6D09","1010","276.80","1",
"T-FL6D10","1010","276.80","1",
"T-FL6D11","1010","276.80","1",
"T-FL6D12","1010","276.80","1",
"T-FL6D13","1010","276.80","1",
"T-FL6D14","1010","276.80","1",
"T-FL6D15","1010","276.80","1",
"T-FL6D16","1010","276.80","1",
"T-FL6D17","1010","276.80","1",
"T-FL6D18","1010","276.80","1",
"T-FL6D19","1010","276.80","1",
"T-FL6D20","1010","276.80","1",
"T-FL6D21","1010","276.80","1",
"T-FL6D22","1010","276.80","1",
"T-FL6D23","1010","276.80","1",
"T-FL6D24","1010","276.80","1",
"T-FL6D25","1010","276.80","1",
"T-FL6D26","1010","276.80","1",
"T-FL6D27","1010","276.80","1",
"T-FL6D28","1010","276.80","1",
"T-FL6D29","1010","276.80","1",
"T-FL6D30","1010","276.80","1",
"T-FL6D31","1010","276.80","1",
"T-FL6D32","1010","276.80","1",
"T-FL6D33","1010","276.80","1",
"T-FL6D34","1010","276.80","1",
"T-FL6D35","1010","276.80","1",
"T-FL6D36","1010","276.80","1",
"T-FL6D37","1010","276.80","1",
"T-FL6D38","1010","276.80","1",
"T-FL6D39","1010","276.80","1",
"T-FL6D40","1010","276.80","1",
"T-FL6D41","1010","276.80","1",
"T-FL6D42","1010","276.80","1",
"T-FL6D43","1010","276.80","1",
"T-FL6D44","1010","276.80","1",
"T-FL6D45","1010","276.80","1",
"T-FL6D46","1010","276.80","1",
"T-FL6D47","1010","276.80","1",
"T-FL6D48","1010","276.80","1",
"T-FL6D49","1010","276.80","1",
"T-FL6D50","1010","276.80","1",
"T-FL6D51","1010","276.80","1",
"T-FL6D52","1010","276.80","1",
"T-FL6D53","1010","276.80","1",
"T-FL6D54","1010","276.80","1",
"T-FL6D55","1010","276.80","1",
"T-FL6D56","1010","276.80","1",
"T-FL6D57","1010","276.80","1",
"T-FL6D58","1010","276.80","1",
"T-FL6D59","1010","276.80","1",
"T-FL6D60","1010","276.80","1",
"T-FL6D61","1010","276.80","1",
"T-FL6D62","1010","276.80","1",
"T-FL6D63","1010","276.80","1",
"T-FL6D64","1010","276.80","1",
"T-FL6D65","1010","276.80","1",
"T-FL6D66","1010","276.80","1",
"T-FL6D67","1010","276.80","1",
"T-FL6D68","1010","276.80","1",
"T-FL6D69","1010","276.80","1",
"T-FL6D70","1010","276.80","1",
"T-FL6D71","1010","276.80","1",
"T-FL6D72","1010","276.80","1",
"T-FL6D73","1010","276.80","1",
"T-FL6D74","1010","276.80","1",
"T-FL6D75","1010","276.80","1",
"T-FL6D76","1010","276.80","1",
"T-FL6D77","1010","276.80","1",
"T-FL6D78","1010","276.80","1",
"T-FL6D79","1010","276.80","1",
"T-FL6D80","1010","276.80","1",
"T-FL6D81","1010","276.80","1",
"T-FL6D82","1010","276.80","1",
"T-FL6D83","1010","276.80","1",
"T-FL6D84","1010","276.80","1",
"T-FL6D85","1010","276.80","1",
"T-FL6D86","1010","276.80","1",
"T-FL6D87","1010","276.80","1",
"T-FL6D88","1010","276.80","1",
"T-FL6D89","1010","276.80","1",
"T-FL6D90","1010","276.80","1",
"T-FL6D91","1010","276.80","1",
"T-FL6D92","1010","276.80","1",
"T-FL6D93","1010","276.80","1",
"T-FL6D94","1010","276.80","1",
"T-FL6D95","1010","276.80","1",
"T-FL6D96","1010","276.80","1",
"T-FL6D97","1010","276.80","1",
"T-FL6D98","1010","276.80","1",
"T-FL6D99","1010","276.80","1",
"T-FL70","1010","39337.70","1",
"T-FL700","1010","2753.12","1",
"T-FL701","1010","2753.12","1",
"T-FL702","1010","2753.12","1",
"T-FL703","1010","2753.12","1",
"T-FL704","1010","2753.12","1",
"T-FL705","1010","2753.12","1",
"T-FL706","1010","2753.12","1",
"T-FL707","1010","2753.12","1",
"T-FL708","1010","2753.12","1",
"T-FL709","1010","2753.12","1",
"T-FL71","1010","39337.70","1",
"T-FL710","1010","2753.12","1",
"T-FL711","1010","2753.12","1",
"T-FL712","1010","2753.12","1",
"T-FL713","1010","2753.12","1",
"T-FL714","1010","2753.12","1",
"T-FL715","1010","2753.12","1",
"T-FL716","1010","2753.12","1",
"T-FL717","1010","2753.12","1",
"T-FL718","1010","2753.12","1",
"T-FL719","1010","2753.12","1",
"T-FL72","1010","39337.70","1",
"T-FL720","1010","2753.12","1",
"T-FL721","1010","2753.12","1",
"T-FL722","1010","2753.12","1",
"T-FL723","1010","2753.12","1",
"T-FL724","1010","2753.12","1",
"T-FL725","1010","2753.12","1",
"T-FL726","1010","2753.12","1",
"T-FL727","1010","2753.12","1",
"T-FL728","1010","2753.12","1",
"T-FL729","1010","2753.12","1",
"T-FL73","1010","39337.70","1",
"T-FL730","1010","2753.12","1",
"T-FL731","1010","2753.12","1",
"T-FL732","1010","2753.12","1",
"T-FL733","1010","2753.12","1",
"T-FL734","1010","2753.12","1",
"T-FL735","1010","2753.12","1",
"T-FL736","1010","2753.12","1",
"T-FL737","1010","2753.12","1",
"T-FL738","1010","2753.12","1",
"T-FL739","1010","2753.12","1",
"T-FL74","1010","39337.70","1",
"T-FL740","1010","2753.12","1",
"T-FL741","1010","2753.12","1",
"T-FL742","1010","2753.12","1",
"T-FL743","1010","2753.12","1",
"T-FL744","1010","2753.12","1",
"T-FL745","1010","2753.12","1",
"T-FL746","1010","2753.12","1",
"T-FL747","1010","2753.12","1",
"T-FL748","1010","2753.12","1",
"T-FL749","1010","2753.12","1",
"T-FL75","1010","39337.70","1",
"T-FL750","1010","2753.12","1",
"T-FL751","1010","2753.12","1",
"T-FL752","1010","2753.12","1",
"T-FL753","1010","2753.12","1",
"T-FL754","1010","2753.12","1",
"T-FL755","1010","2753.12","1",
"T-FL756","1010","2753.12","1",
"T-FL757","1010","2753.12","1",
"T-FL758","1010","2753.12","1",
"T-FL759","1010","2753.12","1",
"T-FL76","1010","39337.70","1",
"T-FL760","1010","2753.12","1",
"T-FL761","1010","2753.12","1",
"T-FL762","1010","2753.12","1",
"T-FL763","1010","2753.12","1",
"T-FL764","1010","2753.12","1",
"T-FL765","1010","2753.12","1",
"T-FL766","1010","2753.12","1",
"T-FL767","1010","2753.12","1",
"T-FL768","1010","2753.12","1",
"T-FL769","1010","2753.12","1",
"T-FL77","1010","39337.70","1",
"T-FL770","1010","2753.12","1",
"T-FL771","1010","2753.12","1",
"T-FL772","1010","2753.12","1",
"T-FL773","1010","2753.12","1",
"T-FL774","1010","2753.12","1",
"T-FL775","1010","2753.12","1",
"T-FL776","1010","2753.12","1",
"T-FL777","1010","2753.12","1",
"T-FL778","1010","2753.12","1",
"T-FL779","1010","2753.12","1",
"T-FL78","1010","39337.70","1",
"T-FL780","1010","2753.12","1",
"T-FL781","1010","2753.12","1",
"T-FL782","1010","2753.12","1",
"T-FL783","1010","2753.12","1",
"T-FL784","1010","2753.12","1",
"T-FL785","1010","2753.12","1",
"T-FL786","1010","2753.12","1",
"T-FL787","1010","2753.12","1",
"T-FL788","1010","2753.12","1",
"T-FL789","1010","2753.12","1",
"T-FL79","1010","39337.70","1",
"T-FL790","1010","2753.12","1",
"T-FL791","1010","2753.12","1",
"T-FL792","1010","2753.12","1",
"T-FL793","1010","2753.12","1",
"T-FL794","1010","2753.12","1",
"T-FL795","1010","2753.12","1",
"T-FL796","1010","2753.12","1",
"T-FL797","1010","2753.12","1",
"T-FL798","1010","2753.12","1",
"T-FL799","1010","2753.12","1",
"T-FL7A00","1010","1826.80","1",
"T-FL7A01","1010","1826.80","1",
"T-FL7A02","1010","1826.80","1",
"T-FL7A03","1010","1826.80","1",
"T-FL7A04","1010","1826.80","1",
"T-FL7A05","1010","1826.80","1",
"T-FL7A06","1010","1826.80","1",
"T-FL7A07","1010","1826.80","1",
"T-FL7A08","1010","1826.80","1",
"T-FL7A09","1010","1826.80","1",
"T-FL7A10","1010","1826.80","1",
"T-FL7A11","1010","1826.80","1",
"T-FL7A12","1010","1826.80","1",
"T-FL7A13","1010","1826.80","1",
"T-FL7A14","1010","1826.80","1",
"T-FL7A15","1010","1826.80","1",
"T-FL7A16","1010","1826.80","1",
"T-FL7A17","1010","1826.80","1",
"T-FL7A18","1010","1826.80","1",
"T-FL7A19","1010","1826.80","1",
"T-FL7A20","1010","1826.80","1",
"T-FL7A21","1010","1826.80","1",
"T-FL7A22","1010","1826.80","1",
"T-FL7A23","1010","1826.80","1",
"T-FL7A24","1010","1826.80","1",
"T-FL7A25","1010","1826.80","1",
"T-FL7A26","1010","1826.80","1",
"T-FL7A27","1010","1826.80","1",
"T-FL7A28","1010","1826.80","1",
"T-FL7A29","1010","1826.80","1",
"T-FL7A30","1010","1826.80","1",
"T-FL7A31","1010","1826.80","1",
"T-FL7A32","1010","1826.80","1",
"T-FL7A33","1010","1826.80","1",
"T-FL7A34","1010","1826.80","1",
"T-FL7A35","1010","1826.80","1",
"T-FL7A36","1010","1826.80","1",
"T-FL7A37","1010","1826.80","1",
"T-FL7A38","1010","1826.80","1",
"T-FL7A39","1010","1826.80","1",
"T-FL7A40","1010","1826.80","1",
"T-FL7A41","1010","1826.80","1",
"T-FL7A42","1010","1826.80","1",
"T-FL7A43","1010","1826.80","1",
"T-FL7A44","1010","1826.80","1",
"T-FL7A45","1010","1826.80","1",
"T-FL7A46","1010","1826.80","1",
"T-FL7A47","1010","1826.80","1",
"T-FL7A48","1010","1826.80","1",
"T-FL7A49","1010","1826.80","1",
"T-FL7A50","1010","1826.80","1",
"T-FL7A51","1010","1826.80","1",
"T-FL7A52","1010","1826.80","1",
"T-FL7A53","1010","1826.80","1",
"T-FL7A54","1010","1826.80","1",
"T-FL7A55","1010","1826.80","1",
"T-FL7A56","1010","1826.80","1",
"T-FL7A57","1010","1826.80","1",
"T-FL7A58","1010","1826.80","1",
"T-FL7A59","1010","1826.80","1",
"T-FL7A60","1010","1826.80","1",
"T-FL7A61","1010","1826.80","1",
"T-FL7A62","1010","1826.80","1",
"T-FL7A63","1010","1826.80","1",
"T-FL7A64","1010","1826.80","1",
"T-FL7A65","1010","1826.80","1",
"T-FL7A66","1010","1826.80","1",
"T-FL7A67","1010","1826.80","1",
"T-FL7A68","1010","1826.80","1",
"T-FL7A69","1010","1826.80","1",
"T-FL7A70","1010","1826.80","1",
"T-FL7A71","1010","1826.80","1",
"T-FL7A72","1010","1826.80","1",
"T-FL7A73","1010","1826.80","1",
"T-FL7A74","1010","1826.80","1",
"T-FL7A75","1010","1826.80","1",
"T-FL7A76","1010","1826.80","1",
"T-FL7A77","1010","1826.80","1",
"T-FL7A78","1010","1826.80","1",
"T-FL7A79","1010","1826.80","1",
"T-FL7A80","1010","1826.80","1",
"T-FL7A81","1010","1826.80","1",
"T-FL7A82","1010","1826.80","1",
"T-FL7A83","1010","1826.80","1",
"T-FL7A84","1010","1826.80","1",
"T-FL7A85","1010","1826.80","1",
"T-FL7A86","1010","1826.80","1",
"T-FL7A87","1010","1826.80","1",
"T-FL7A88","1010","1826.80","1",
"T-FL7A89","1010","1826.80","1",
"T-FL7A90","1010","1826.80","1",
"T-FL7A91","1010","1826.80","1",
"T-FL7A92","1010","1826.80","1",
"T-FL7A93","1010","1826.80","1",
"T-FL7A94","1010","1826.80","1",
"T-FL7A95","1010","1826.80","1",
"T-FL7A96","1010","1826.80","1",
"T-FL7A97","1010","1826.80","1",
"T-FL7A98","1010","1826.80","1",
"T-FL7A99","1010","1826.80","1",
"T-FL7B00","1010","326.80","1",
"T-FL7B01","1010","326.80","1",
"T-FL7B02","1010","326.80","1",
"T-FL7B03","1010","326.80","1",
"T-FL7B04","1010","326.80","1",
"T-FL7B05","1010","326.80","1",
"T-FL7B06","1010","326.80","1",
"T-FL7B07","1010","326.80","1",
"T-FL7B08","1010","326.80","1",
"T-FL7B09","1010","326.80","1",
"T-FL7B10","1010","326.80","1",
"T-FL7B11","1010","326.80","1",
"T-FL7B12","1010","326.80","1",
"T-FL7B13","1010","326.80","1",
"T-FL7B14","1010","326.80","1",
"T-FL7B15","1010","326.80","1",
"T-FL7B16","1010","326.80","1",
"T-FL7B17","1010","326.80","1",
"T-FL7B18","1010","326.80","1",
"T-FL7B19","1010","326.80","1",
"T-FL7B20","1010","326.80","1",
"T-FL7B21","1010","326.80","1",
"T-FL7B22","1010","326.80","1",
"T-FL7B23","1010","326.80","1",
"T-FL7B24","1010","326.80","1",
"T-FL7B25","1010","326.80","1",
"T-FL7B26","1010","326.80","1",
"T-FL7B27","1010","326.80","1",
"T-FL7B28","1010","326.80","1",
"T-FL7B29","1010","326.80","1",
"T-FL7B30","1010","326.80","1",
"T-FL7B31","1010","326.80","1",
"T-FL7B32","1010","326.80","1",
"T-FL7B33","1010","326.80","1",
"T-FL7B34","1010","326.80","1",
"T-FL7B35","1010","326.80","1",
"T-FL7B36","1010","326.80","1",
"T-FL7B37","1010","326.80","1",
"T-FL7B38","1010","326.80","1",
"T-FL7B39","1010","326.80","1",
"T-FL7B40","1010","326.80","1",
"T-FL7B41","1010","326.80","1",
"T-FL7B42","1010","326.80","1",
"T-FL7B43","1010","326.80","1",
"T-FL7B44","1010","326.80","1",
"T-FL7B45","1010","326.80","1",
"T-FL7B46","1010","326.80","1",
"T-FL7B47","1010","326.80","1",
"T-FL7B48","1010","326.80","1",
"T-FL7B49","1010","326.80","1",
"T-FL7B50","1010","326.80","1",
"T-FL7B51","1010","326.80","1",
"T-FL7B52","1010","326.80","1",
"T-FL7B53","1010","326.80","1",
"T-FL7B54","1010","326.80","1",
"T-FL7B55","1010","326.80","1",
"T-FL7B56","1010","326.80","1",
"T-FL7B57","1010","326.80","1",
"T-FL7B58","1010","326.80","1",
"T-FL7B59","1010","326.80","1",
"T-FL7B60","1010","326.80","1",
"T-FL7B61","1010","326.80","1",
"T-FL7B62","1010","326.80","1",
"T-FL7B63","1010","326.80","1",
"T-FL7B64","1010","326.80","1",
"T-FL7B65","1010","326.80","1",
"T-FL7B66","1010","326.80","1",
"T-FL7B67","1010","326.80","1",
"T-FL7B68","1010","326.80","1",
"T-FL7B69","1010","326.80","1",
"T-FL7B70","1010","326.80","1",
"T-FL7B71","1010","326.80","1",
"T-FL7B72","1010","326.80","1",
"T-FL7B73","1010","326.80","1",
"T-FL7B74","1010","326.80","1",
"T-FL7B75","1010","326.80","1",
"T-FL7B76","1010","326.80","1",
"T-FL7B77","1010","326.80","1",
"T-FL7B78","1010","326.80","1",
"T-FL7B79","1010","326.80","1",
"T-FL7B80","1010","326.80","1",
"T-FL7B81","1010","326.80","1",
"T-FL7B82","1010","326.80","1",
"T-FL7B83","1010","326.80","1",
"T-FL7B84","1010","326.80","1",
"T-FL7B85","1010","326.80","1",
"T-FL7B86","1010","326.80","1",
"T-FL7B87","1010","326.80","1",
"T-FL7B88","1010","326.80","1",
"T-FL7B89","1010","326.80","1",
"T-FL7B90","1010","326.80","1",
"T-FL7B91","1010","326.80","1",
"T-FL7B92","1010","326.80","1",
"T-FL7B93","1010","326.80","1",
"T-FL7B94","1010","326.80","1",
"T-FL7B95","1010","326.80","1",
"T-FL7B96","1010","326.80","1",
"T-FL7B97","1010","326.80","1",
"T-FL7B98","1010","326.80","1",
"T-FL7B99","1010","326.80","1",
"T-FL7C00","1010","426.80","1",
"T-FL7C01","1010","426.80","1",
"T-FL7C02","1010","426.80","1",
"T-FL7C03","1010","426.80","1",
"T-FL7C04","1010","426.80","1",
"T-FL7C05","1010","426.80","1",
"T-FL7C06","1010","426.80","1",
"T-FL7C07","1010","426.80","1",
"T-FL7C08","1010","426.80","1",
"T-FL7C09","1010","426.80","1",
"T-FL7C10","1010","426.80","1",
"T-FL7C11","1010","426.80","1",
"T-FL7C12","1010","426.80","1",
"T-FL7C13","1010","426.80","1",
"T-FL7C14","1010","426.80","1",
"T-FL7C15","1010","426.80","1",
"T-FL7C16","1010","426.80","1",
"T-FL7C17","1010","426.80","1",
"T-FL7C18","1010","426.80","1",
"T-FL7C19","1010","426.80","1",
"T-FL7C20","1010","426.80","1",
"T-FL7C21","1010","426.80","1",
"T-FL7C22","1010","426.80","1",
"T-FL7C23","1010","426.80","1",
"T-FL7C24","1010","426.80","1",
"T-FL7C25","1010","426.80","1",
"T-FL7C26","1010","426.80","1",
"T-FL7C27","1010","426.80","1",
"T-FL7C28","1010","426.80","1",
"T-FL7C29","1010","426.80","1",
"T-FL7C30","1010","426.80","1",
"T-FL7C31","1010","426.80","1",
"T-FL7C32","1010","426.80","1",
"T-FL7C33","1010","426.80","1",
"T-FL7C34","1010","426.80","1",
"T-FL7C35","1010","426.80","1",
"T-FL7C36","1010","426.80","1",
"T-FL7C37","1010","426.80","1",
"T-FL7C38","1010","426.80","1",
"T-FL7C39","1010","426.80","1",
"T-FL7C40","1010","426.80","1",
"T-FL7C41","1010","426.80","1",
"T-FL7C42","1010","426.80","1",
"T-FL7C43","1010","426.80","1",
"T-FL7C44","1010","426.80","1",
"T-FL7C45","1010","426.80","1",
"T-FL7C46","1010","426.80","1",
"T-FL7C47","1010","426.80","1",
"T-FL7C48","1010","426.80","1",
"T-FL7C49","1010","426.80","1",
"T-FL7C50","1010","426.80","1",
"T-FL7C51","1010","426.80","1",
"T-FL7C52","1010","426.80","1",
"T-FL7C53","1010","426.80","1",
"T-FL7C54","1010","426.80","1",
"T-FL7C55","1010","426.80","1",
"T-FL7C56","1010","426.80","1",
"T-FL7C57","1010","426.80","1",
"T-FL7C58","1010","426.80","1",
"T-FL7C59","1010","426.80","1",
"T-FL7C60","1010","426.80","1",
"T-FL7C61","1010","426.80","1",
"T-FL7C62","1010","426.80","1",
"T-FL7C63","1010","426.80","1",
"T-FL7C64","1010","426.80","1",
"T-FL7C65","1010","426.80","1",
"T-FL7C66","1010","426.80","1",
"T-FL7C67","1010","426.80","1",
"T-FL7C68","1010","426.80","1",
"T-FL7C69","1010","426.80","1",
"T-FL7C70","1010","426.80","1",
"T-FL7C71","1010","426.80","1",
"T-FL7C72","1010","426.80","1",
"T-FL7C73","1010","426.80","1",
"T-FL7C74","1010","426.80","1",
"T-FL7C75","1010","426.80","1",
"T-FL7C76","1010","426.80","1",
"T-FL7C77","1010","426.80","1",
"T-FL7C78","1010","426.80","1",
"T-FL7C79","1010","426.80","1",
"T-FL7C80","1010","426.80","1",
"T-FL7C81","1010","426.80","1",
"T-FL7C82","1010","426.80","1",
"T-FL7C83","1010","426.80","1",
"T-FL7C84","1010","426.80","1",
"T-FL7C85","1010","426.80","1",
"T-FL7C86","1010","426.80","1",
"T-FL7C87","1010","426.80","1",
"T-FL7C88","1010","426.80","1",
"T-FL7C89","1010","426.80","1",
"T-FL7C90","1010","426.80","1",
"T-FL7C91","1010","426.80","1",
"T-FL7C92","1010","426.80","1",
"T-FL7C93","1010","426.80","1",
"T-FL7C94","1010","426.80","1",
"T-FL7C95","1010","426.80","1",
"T-FL7C96","1010","426.80","1",
"T-FL7C97","1010","426.80","1",
"T-FL7C98","1010","426.80","1",
"T-FL7C99","1010","426.80","1",
"T-FL80","1010","39337.70","1",
"T-FL800","1010","635.82","1",
"T-FL801","1010","635.82","1",
"T-FL802","1010","635.82","1",
"T-FL803","1010","635.82","1",
"T-FL804","1010","635.82","1",
"T-FL805","1010","635.82","1",
"T-FL806","1010","635.82","1",
"T-FL807","1010","635.82","1",
"T-FL808","1010","635.82","1",
"T-FL809","1010","635.82","1",
"T-FL81","1010","39337.70","1",
"T-FL810","1010","635.82","1",
"T-FL811","1010","635.82","1",
"T-FL812","1010","635.82","1",
"T-FL813","1010","635.82","1",
"T-FL814","1010","635.82","1",
"T-FL815","1010","635.82","1",
"T-FL816","1010","635.82","1",
"T-FL817","1010","635.82","1",
"T-FL818","1010","611.72","1",
"T-FL819","1010","635.82","1",
"T-FL82","1010","39337.70","1",
"T-FL820","1010","635.82","1",
"T-FL821","1010","635.82","1",
"T-FL822","1010","635.82","1",
"T-FL823","1010","635.82","1",
"T-FL824","1010","635.82","1",
"T-FL825","1010","635.82","1",
"T-FL826","1010","635.82","1",
"T-FL827","1010","635.82","1",
"T-FL828","1010","635.82","1",
"T-FL829","1010","635.82","1",
"T-FL83","1010","39337.70","1",
"T-FL830","1010","635.82","1",
"T-FL831","1010","635.82","1",
"T-FL832","1010","635.82","1",
"T-FL833","1010","635.82","1",
"T-FL834","1010","635.82","1",
"T-FL835","1010","635.82","1",
"T-FL836","1010","635.82","1",
"T-FL837","1010","635.82","1",
"T-FL838","1010","635.82","1",
"T-FL839","1010","635.82","1",
"T-FL84","1010","39337.70","1",
"T-FL840","1010","635.82","1",
"T-FL841","1010","635.82","1",
"T-FL842","1010","635.82","1",
"T-FL843","1010","635.82","1",
"T-FL844","1010","635.82","1",
"T-FL845","1010","635.82","1",
"T-FL846","1010","635.82","1",
"T-FL847","1010","635.82","1",
"T-FL848","1010","635.82","1",
"T-FL849","1010","635.82","1",
"T-FL85","1010","39337.70","1",
"T-FL850","1010","635.82","1",
"T-FL851","1010","635.82","1",
"T-FL852","1010","635.82","1",
"T-FL853","1010","635.82","1",
"T-FL854","1010","635.82","1",
"T-FL855","1010","635.82","1",
"T-FL856","1010","635.82","1",
"T-FL857","1010","635.82","1",
"T-FL858","1010","635.82","1",
"T-FL859","1010","635.82","1",
"T-FL86","1010","39337.70","1",
"T-FL860","1010","635.82","1",
"T-FL861","1010","635.82","1",
"T-FL862","1010","635.82","1",
"T-FL863","1010","635.82","1",
"T-FL864","1010","635.82","1",
"T-FL865","1010","635.82","1",
"T-FL866","1010","635.82","1",
"T-FL867","1010","635.82","1",
"T-FL868","1010","635.82","1",
"T-FL869","1010","635.82","1",
"T-FL87","1010","39337.70","1",
"T-FL870","1010","635.82","1",
"T-FL871","1010","635.82","1",
"T-FL872","1010","635.82","1",
"T-FL873","1010","635.82","1",
"T-FL874","1010","635.82","1",
"T-FL875","1010","635.82","1",
"T-FL876","1010","635.82","1",
"T-FL877","1010","635.82","1",
"T-FL878","1010","635.82","1",
"T-FL879","1010","635.82","1",
"T-FL88","1010","39337.70","1",
"T-FL880","1010","635.82","1",
"T-FL881","1010","635.82","1",
"T-FL882","1010","635.82","1",
"T-FL883","1010","635.82","1",
"T-FL884","1010","635.82","1",
"T-FL885","1010","635.82","1",
"T-FL886","1010","635.82","1",
"T-FL887","1010","635.82","1",
"T-FL888","1010","635.82","1",
"T-FL889","1010","635.82","1",
"T-FL89","1010","39337.70","1",
"T-FL890","1010","635.82","1",
"T-FL891","1010","635.82","1",
"T-FL892","1010","635.82","1",
"T-FL893","1010","635.82","1",
"T-FL894","1010","635.82","1",
"T-FL895","1010","635.82","1",
"T-FL896","1010","635.82","1",
"T-FL897","1010","635.82","1",
"T-FL898","1010","635.82","1",
"T-FL899","1010","635.82","1",
"T-FL8A00","1010","126.80","1",
"T-FL8A01","1010","126.80","1",
"T-FL8A02","1010","126.80","1",
"T-FL8A03","1010","126.80","1",
"T-FL8A04","1010","126.80","1",
"T-FL8A05","1010","126.80","1",
"T-FL8A06","1010","126.80","1",
"T-FL8A07","1010","126.80","1",
"T-FL8A08","1010","126.80","1",
"T-FL8A09","1010","126.80","1",
"T-FL8A10","1010","126.80","1",
"T-FL8A11","1010","126.80","1",
"T-FL8A12","1010","126.80","1",
"T-FL8A13","1010","126.80","1",
"T-FL8A14","1010","126.80","1",
"T-FL8A15","1010","126.80","1",
"T-FL8A16","1010","126.80","1",
"T-FL8A17","1010","126.80","1",
"T-FL8A18","1010","126.80","1",
"T-FL8A19","1010","126.80","1",
"T-FL8A20","1010","126.80","1",
"T-FL8A21","1010","126.80","1",
"T-FL8A22","1010","126.80","1",
"T-FL8A23","1010","126.80","1",
"T-FL8A24","1010","126.80","1",
"T-FL8A25","1010","126.80","1",
"T-FL8A26","1010","126.80","1",
"T-FL8A27","1010","126.80","1",
"T-FL8A28","1010","126.80","1",
"T-FL8A29","1010","126.80","1",
"T-FL8A30","1010","126.80","1",
"T-FL8A31","1010","126.80","1",
"T-FL8A32","1010","126.80","1",
"T-FL8A33","1010","126.80","1",
"T-FL8A34","1010","126.80","1",
"T-FL8A35","1010","126.80","1",
"T-FL8A36","1010","126.80","1",
"T-FL8A37","1010","126.80","1",
"T-FL8A38","1010","126.80","1",
"T-FL8A39","1010","126.80","1",
"T-FL8A40","1010","126.80","1",
"T-FL8A41","1010","126.80","1",
"T-FL8A42","1010","126.80","1",
"T-FL8A43","1010","126.80","1",
"T-FL8A44","1010","126.80","1",
"T-FL8A45","1010","126.80","1",
"T-FL8A46","1010","126.80","1",
"T-FL8A47","1010","126.80","1",
"T-FL8A48","1010","126.80","1",
"T-FL8A49","1010","126.80","1",
"T-FL8A50","1010","126.80","1",
"T-FL8A51","1010","126.80","1",
"T-FL8A52","1010","126.80","1",
"T-FL8A53","1010","126.80","1",
"T-FL8A54","1010","126.80","1",
"T-FL8A55","1010","126.80","1",
"T-FL8A56","1010","126.80","1",
"T-FL8A57","1010","126.80","1",
"T-FL8A58","1010","126.80","1",
"T-FL8A59","1010","126.80","1",
"T-FL8A60","1010","126.80","1",
"T-FL8A61","1010","126.80","1",
"T-FL8A62","1010","126.80","1",
"T-FL8A63","1010","126.80","1",
"T-FL8A64","1010","126.80","1",
"T-FL8A65","1010","126.80","1",
"T-FL8A66","1010","126.80","1",
"T-FL8A67","1010","126.80","1",
"T-FL8A68","1010","126.80","1",
"T-FL8A69","1010","126.80","1",
"T-FL8A70","1010","126.80","1",
"T-FL8A71","1010","126.80","1",
"T-FL8A72","1010","126.80","1",
"T-FL8A73","1010","126.80","1",
"T-FL8A74","1010","126.80","1",
"T-FL8A75","1010","126.80","1",
"T-FL8A76","1010","126.80","1",
"T-FL8A77","1010","126.80","1",
"T-FL8A78","1010","126.80","1",
"T-FL8A79","1010","126.80","1",
"T-FL8A80","1010","126.80","1",
"T-FL8A81","1010","126.80","1",
"T-FL8A82","1010","126.80","1",
"T-FL8A83","1010","126.80","1",
"T-FL8A84","1010","126.80","1",
"T-FL8A85","1010","126.80","1",
"T-FL8A86","1010","126.80","1",
"T-FL8A87","1010","126.80","1",
"T-FL8A88","1010","126.80","1",
"T-FL8A89","1010","126.80","1",
"T-FL8A90","1010","126.80","1",
"T-FL8A91","1010","126.80","1",
"T-FL8A92","1010","126.80","1",
"T-FL8A93","1010","126.80","1",
"T-FL8A94","1010","126.80","1",
"T-FL8A95","1010","126.80","1",
"T-FL8A96","1010","126.80","1",
"T-FL8A97","1010","126.80","1",
"T-FL8A98","1010","126.80","1",
"T-FL8A99","1010","126.80","1",
"T-FL8B00","1010","326.80","1",
"T-FL8B01","1010","326.80","1",
"T-FL8B02","1010","326.80","1",
"T-FL8B03","1010","326.80","1",
"T-FL8B04","1010","326.80","1",
"T-FL8B05","1010","326.80","1",
"T-FL8B06","1010","326.80","1",
"T-FL8B07","1010","326.80","1",
"T-FL8B08","1010","326.80","1",
"T-FL8B09","1010","326.80","1",
"T-FL8B10","1010","326.80","1",
"T-FL8B11","1010","326.80","1",
"T-FL8B12","1010","326.80","1",
"T-FL8B13","1010","326.80","1",
"T-FL8B14","1010","326.80","1",
"T-FL8B15","1010","326.80","1",
"T-FL8B16","1010","326.80","1",
"T-FL8B17","1010","326.80","1",
"T-FL8B18","1010","326.80","1",
"T-FL8B19","1010","326.80","1",
"T-FL8B20","1010","326.80","1",
"T-FL8B21","1010","326.80","1",
"T-FL8B22","1010","326.80","1",
"T-FL8B23","1010","326.80","1",
"T-FL8B24","1010","326.80","1",
"T-FL8B25","1010","326.80","1",
"T-FL8B26","1010","326.80","1",
"T-FL8B27","1010","326.80","1",
"T-FL8B28","1010","326.80","1",
"T-FL8B29","1010","326.80","1",
"T-FL8B30","1010","326.80","1",
"T-FL8B31","1010","326.80","1",
"T-FL8B32","1010","326.80","1",
"T-FL8B33","1010","326.80","1",
"T-FL8B34","1010","326.80","1",
"T-FL8B35","1010","326.80","1",
"T-FL8B36","1010","326.80","1",
"T-FL8B37","1010","326.80","1",
"T-FL8B38","1010","326.80","1",
"T-FL8B39","1010","326.80","1",
"T-FL8B40","1010","326.80","1",
"T-FL8B41","1010","326.80","1",
"T-FL8B42","1010","326.80","1",
"T-FL8B43","1010","326.80","1",
"T-FL8B44","1010","326.80","1",
"T-FL8B45","1010","326.80","1",
"T-FL8B46","1010","326.80","1",
"T-FL8B47","1010","326.80","1",
"T-FL8B48","1010","326.80","1",
"T-FL8B49","1010","326.80","1",
"T-FL8B50","1010","326.80","1",
"T-FL8B51","1010","326.80","1",
"T-FL8B52","1010","326.80","1",
"T-FL8B53","1010","326.80","1",
"T-FL8B54","1010","326.80","1",
"T-FL8B55","1010","326.80","1",
"T-FL8B56","1010","326.80","1",
"T-FL8B57","1010","326.80","1",
"T-FL8B58","1010","326.80","1",
"T-FL8B59","1010","326.80","1",
"T-FL8B60","1010","326.80","1",
"T-FL8B61","1010","326.80","1",
"T-FL8B62","1010","326.80","1",
"T-FL8B63","1010","326.80","1",
"T-FL8B64","1010","326.80","1",
"T-FL8B65","1010","326.80","1",
"T-FL8B66","1010","326.80","1",
"T-FL8B67","1010","326.80","1",
"T-FL8B68","1010","326.80","1",
"T-FL8B69","1010","326.80","1",
"T-FL8B70","1010","326.80","1",
"T-FL8B71","1010","326.80","1",
"T-FL8B72","1010","326.80","1",
"T-FL8B73","1010","326.80","1",
"T-FL8B74","1010","326.80","1",
"T-FL8B75","1010","326.80","1",
"T-FL8B76","1010","326.80","1",
"T-FL8B77","1010","326.80","1",
"T-FL8B78","1010","326.80","1",
"T-FL8B79","1010","326.80","1",
"T-FL8B80","1010","326.80","1",
"T-FL8B81","1010","326.80","1",
"T-FL8B82","1010","326.80","1",
"T-FL8B83","1010","326.80","1",
"T-FL8B84","1010","326.80","1",
"T-FL8B85","1010","326.80","1",
"T-FL8B86","1010","326.80","1",
"T-FL8B87","1010","326.80","1",
"T-FL8B88","1010","326.80","1",
"T-FL8B89","1010","326.80","1",
"T-FL8B90","1010","326.80","1",
"T-FL8B91","1010","326.80","1",
"T-FL8B92","1010","326.80","1",
"T-FL8B93","1010","326.80","1",
"T-FL8B94","1010","326.80","1",
"T-FL8B95","1010","326.80","1",
"T-FL8B96","1010","326.80","1",
"T-FL8B97","1010","326.80","1",
"T-FL8B98","1010","326.80","1",
"T-FL8B99","1010","326.80","1",
"T-FL8C00","1010","126.80","1",
"T-FL8C01","1010","126.80","1",
"T-FL8C02","1010","126.80","1",
"T-FL8C03","1010","126.80","1",
"T-FL8C04","1010","126.80","1",
"T-FL8C05","1010","126.80","1",
"T-FL8C06","1010","126.80","1",
"T-FL8C07","1010","126.80","1",
"T-FL8C08","1010","126.80","1",
"T-FL8C09","1010","126.80","1",
"T-FL8C10","1010","126.80","1",
"T-FL8C11","1010","126.80","1",
"T-FL8C12","1010","126.80","1",
"T-FL8C13","1010","126.80","1",
"T-FL8C14","1010","126.80","1",
"T-FL8C15","1010","126.80","1",
"T-FL8C16","1010","126.80","1",
"T-FL8C17","1010","126.80","1",
"T-FL8C18","1010","126.80","1",
"T-FL8C19","1010","126.80","1",
"T-FL8C20","1010","126.80","1",
"T-FL8C21","1010","126.80","1",
"T-FL8C22","1010","126.80","1",
"T-FL8C23","1010","126.80","1",
"T-FL8C24","1010","126.80","1",
"T-FL8C25","1010","126.80","1",
"T-FL8C26","1010","126.80","1",
"T-FL8C27","1010","126.80","1",
"T-FL8C28","1010","126.80","1",
"T-FL8C29","1010","126.80","1",
"T-FL8C30","1010","126.80","1",
"T-FL8C31","1010","126.80","1",
"T-FL8C32","1010","126.80","1",
"T-FL8C33","1010","126.80","1",
"T-FL8C34","1010","126.80","1",
"T-FL8C35","1010","126.80","1",
"T-FL8C36","1010","126.80","1",
"T-FL8C37","1010","126.80","1",
"T-FL8C38","1010","126.80","1",
"T-FL8C39","1010","126.80","1",
"T-FL8C40","1010","126.80","1",
"T-FL8C41","1010","126.80","1",
"T-FL8C42","1010","126.80","1",
"T-FL8C43","1010","126.80","1",
"T-FL8C44","1010","126.80","1",
"T-FL8C45","1010","126.80","1",
"T-FL8C46","1010","126.80","1",
"T-FL8C47","1010","126.80","1",
"T-FL8C48","1010","126.80","1",
"T-FL8C49","1010","126.80","1",
"T-FL8C50","1010","126.80","1",
"T-FL8C51","1010","126.80","1",
"T-FL8C52","1010","126.80","1",
"T-FL8C53","1010","126.80","1",
"T-FL8C54","1010","126.80","1",
"T-FL8C55","1010","126.80","1",
"T-FL8C56","1010","126.80","1",
"T-FL8C57","1010","126.80","1",
"T-FL8C58","1010","126.80","1",
"T-FL8C59","1010","126.80","1",
"T-FL8C60","1010","126.80","1",
"T-FL8C61","1010","126.80","1",
"T-FL8C62","1010","126.80","1",
"T-FL8C63","1010","126.80","1",
"T-FL8C64","1010","126.80","1",
"T-FL8C65","1010","126.80","1",
"T-FL8C66","1010","126.80","1",
"T-FL8C67","1010","126.80","1",
"T-FL8C68","1010","126.80","1",
"T-FL8C69","1010","126.80","1",
"T-FL8C70","1010","126.80","1",
"T-FL8C71","1010","126.80","1",
"T-FL8C72","1010","126.80","1",
"T-FL8C73","1010","126.80","1",
"T-FL8C74","1010","126.80","1",
"T-FL8C75","1010","126.80","1",
"T-FL8C76","1010","126.80","1",
"T-FL8C77","1010","126.80","1",
"T-FL8C78","1010","126.80","1",
"T-FL8C79","1010","126.80","1",
"T-FL8C80","1010","126.80","1",
"T-FL8C81","1010","126.80","1",
"T-FL8C82","1010","126.80","1",
"T-FL8C83","1010","126.80","1",
"T-FL8C84","1010","126.80","1",
"T-FL8C85","1010","126.80","1",
"T-FL8C86","1010","126.80","1",
"T-FL8C87","1010","126.80","1",
"T-FL8C88","1010","126.80","1",
"T-FL8C89","1010","126.80","1",
"T-FL8C90","1010","126.80","1",
"T-FL8C91","1010","126.80","1",
"T-FL8C92","1010","126.80","1",
"T-FL8C93","1010","126.80","1",
"T-FL8C94","1010","126.80","1",
"T-FL8C95","1010","126.80","1",
"T-FL8C96","1010","126.80","1",
"T-FL8C97","1010","126.80","1",
"T-FL8C98","1010","126.80","1",
"T-FL8C99","1010","126.80","1",
"T-FL90","1010","39337.70","1",
"T-FL91","1010","39337.70","1",
"T-FL92","1010","39337.70","1",
"T-FL93","1010","39337.70","1",
"T-FL94","1010","39337.70","1",
"T-FL95","1010","39337.70","1",
"T-FL96","1010","39337.70","1",
"T-FL97","1010","39337.70","1",
"T-FL98","1010","39337.70","1",
"T-FL99","1010","38829.76","1",
"T-FL998","1010","0.40","1",
"T-FL999","1010","0.40","1",
"T-FLA00","1010","3500.00","1",
"T-FLA100","1010","450.00","1",
"T-FLA200","1010","450.00","1",
"T-FLA300","1010","450.00","1",
"T-FLA400","1010","450.00","1",
"T-FLA500","1010","450.00","1",
"T-FLB00","1010","3500.00","1",
"T-FLC00","1010","3500.00","1",
"T-FLD00","1010","3500.00","1",
"T-FLE00","1010","3500.00","1",
"T-FLE100","1010","450.00","1",
"T-FLE200","1010","450.00","1",
"T-FLF00","1010","3500.00","1",
"T-FLF100","1010","450.00","1",
"T-FLF200","1010","450.00","1",
"T-FLG00","1010","3500.00","1",
"T-FLH00","1010","3500.00","1",
"T-FLHANDBOOK","1010","39.00","1",
"T-FLI00","1010","3500.00","1",
"T-FLK00","1010","3500.00","1",
"T-FLK100","1010","450.00","1",
"T-FLK200","1010","450.00","1",
"T-FLK300","1010","450.00","1",
"T-FLK400","1010","450.00","1",
"T-FLL00","1010","3500.00","1",
"T-FLM00","1010","3500.00","1",
"T-FLN00","1010","3500.00","1",
"T-FLN100","1010","450.00","1",
"T-FLN200","1010","450.00","1",
"T-FLN300","1010","450.00","1",
"T-FLN400","1010","450.00","1",
"T-FLO00","1010","3500.00","1",
"T-FLP00","1010","3500.00","1",
"T-FLQ00","1010","3500.00","1",
"T-FLR00","1010","3500.00","1",
"T-FLS00","1010","3500.00","1",
"T-FLSERV00","1010","150.00","1",
"T-FLT00","1010","3500.00","1",
"T-FLU00","1010","3500.00","1",
"T-FLV00","1010","3500.00","1",
"T-FLW00","1010","3500.00","1",
"T-FLX00","1010","3500.00","1",
"T-FLY00","1010","3500.00","1",
"T-FLZ00","1010","3500.00","1",
"T-FPT100","1010","12.39","1",
"T-FPT101","1010","12.39","1",
"T-FPT102","1010","12.39","1",
"T-FPT103","1010","12.39","1",
"T-FPT104","1010","12.39","1",
"T-FPT105","1010","12.39","1",
"T-FPT106","1010","12.39","1",
"T-FPT107","1010","12.39","1",
"T-FPT108","1010","12.39","1",
"T-FPT109","1010","12.39","1",
"T-FPT110","1010","12.39","1",
"T-FPT111","1010","12.39","1",
"T-FPT112","1010","12.39","1",
"T-FPT113","1010","12.39","1",
"T-FPT114","1010","12.39","1",
"T-FPT115","1010","12.39","1",
"T-FPT116","1010","12.39","1",
"T-FPT117","1010","12.39","1",
"T-FPT118","1010","12.39","1",
"T-FPT119","1010","12.39","1",
"T-FPT120","1010","12.39","1",
"T-FPT121","1010","12.39","1",
"T-FPT122","1010","12.39","1",
"T-FPT123","1010","12.39","1",
"T-FPT124","1010","12.39","1",
"T-FPT125","1010","12.39","1",
"T-FPT126","1010","12.39","1",
"T-FPT127","1010","12.39","1",
"T-FPT128","1010","12.39","1",
"T-FPT129","1010","12.39","1",
"T-FPT130","1010","12.39","1",
"T-FPT131","1010","12.39","1",
"T-FPT132","1010","12.39","1",
"T-FPT133","1010","12.39","1",
"T-FPT134","1010","12.39","1",
"T-FPT135","1010","12.39","1",
"T-FPT136","1010","12.39","1",
"T-FPT137","1010","12.39","1",
"T-FPT138","1010","12.39","1",
"T-FPT139","1010","12.39","1",
"T-FPT140","1010","12.39","1",
"T-FPT141","1010","12.39","1",
"T-FPT142","1010","12.39","1",
"T-FPT143","1010","12.39","1",
"T-FPT144","1010","12.39","1",
"T-FPT145","1010","12.39","1",
"T-FPT146","1010","12.39","1",
"T-FPT147","1010","12.39","1",
"T-FPT148","1010","12.39","1",
"T-FPT149","1010","12.39","1",
"T-FPT150","1010","12.39","1",
"T-FPT151","1010","12.39","1",
"T-FPT152","1010","12.39","1",
"T-FPT153","1010","12.39","1",
"T-FPT154","1010","12.39","1",
"T-FPT155","1010","12.39","1",
"T-FPT156","1010","12.39","1",
"T-FPT157","1010","12.39","1",
"T-FPT158","1010","12.39","1",
"T-FPT159","1010","12.39","1",
"T-FPT160","1010","12.39","1",
"T-FPT161","1010","12.39","1",
"T-FPT162","1010","12.39","1",
"T-FPT163","1010","12.39","1",
"T-FPT164","1010","12.39","1",
"T-FPT165","1010","12.39","1",
"T-FPT166","1010","12.39","1",
"T-FPT167","1010","12.39","1",
"T-FPT168","1010","12.39","1",
"T-FPT169","1010","12.39","1",
"T-FPT170","1010","12.39","1",
"T-FPT171","1010","12.39","1",
"T-FPT172","1010","12.39","1",
"T-FPT173","1010","12.39","1",
"T-FPT174","1010","12.39","1",
"T-FPT175","1010","12.39","1",
"T-FPT176","1010","12.39","1",
"T-FPT177","1010","12.39","1",
"T-FPT178","1010","12.39","1",
"T-FPT179","1010","12.39","1",
"T-FPT180","1010","12.39","1",
"T-FPT181","1010","12.39","1",
"T-FPT182","1010","12.39","1",
"T-FPT183","1010","12.39","1",
"T-FPT184","1010","12.39","1",
"T-FPT185","1010","12.39","1",
"T-FPT186","1010","12.39","1",
"T-FPT187","1010","12.39","1",
"T-FPT188","1010","12.39","1",
"T-FPT189","1010","12.39","1",
"T-FPT190","1010","12.39","1",
"T-FPT191","1010","12.39","1",
"T-FPT192","1010","12.39","1",
"T-FPT193","1010","12.39","1",
"T-FPT194","1010","12.39","1",
"T-FPT195","1010","12.39","1",
"T-FPT196","1010","12.39","1",
"T-FPT197","1010","12.39","1",
"T-FPT198","1010","12.39","1",
"T-FPT199","1010","12.39","1",
"T-FSP100","1010","113.72","1",
"T-FSP101","1010","113.72","1",
"T-FSP102","1010","113.72","1",
"T-FSP103","1010","113.72","1",
"T-FSP104","1010","113.72","1",
"T-FSP105","1010","113.72","1",
"T-FSP106","1010","113.72","1",
"T-FSP107","1010","113.72","1",
"T-FSP108","1010","113.72","1",
"T-FSP109","1010","113.72","1",
"T-FSP110","1010","113.72","1",
"T-FSP111","1010","113.72","1",
"T-FSP112","1010","113.72","1",
"T-FSP113","1010","113.72","1",
"T-FSP114","1010","113.72","1",
"T-FSP115","1010","113.72","1",
"T-FSP116","1010","113.72","1",
"T-FSP117","1010","113.72","1",
"T-FSP118","1010","113.72","1",
"T-FSP119","1010","113.72","1",
"T-FSP120","1010","113.72","1",
"T-FSP121","1010","113.72","1",
"T-FSP122","1010","113.72","1",
"T-FSP123","1010","113.72","1",
"T-FSP124","1010","113.72","1",
"T-FSP125","1010","113.72","1",
"T-FSP126","1010","113.72","1",
"T-FSP127","1010","113.72","1",
"T-FSP128","1010","113.72","1",
"T-FSP129","1010","113.72","1",
"T-FSP130","1010","113.72","1",
"T-FSP131","1010","113.72","1",
"T-FSP132","1010","113.72","1",
"T-FSP133","1010","113.72","1",
"T-FSP134","1010","113.72","1",
"T-FSP135","1010","113.72","1",
"T-FSP136","1010","113.72","1",
"T-FSP137","1010","113.72","1",
"T-FSP138","1010","113.72","1",
"T-FSP139","1010","113.72","1",
"T-FSP140","1010","113.72","1",
"T-FSP141","1010","113.72","1",
"T-FSP142","1010","113.72","1",
"T-FSP143","1010","113.72","1",
"T-FSP144","1010","113.72","1",
"T-FSP145","1010","113.72","1",
"T-FSP146","1010","113.72","1",
"T-FSP147","1010","113.72","1",
"T-FSP148","1010","113.72","1",
"T-FSP149","1010","113.72","1",
"T-FSP150","1010","113.72","1",
"T-FSP151","1010","113.72","1",
"T-FSP152","1010","113.72","1",
"T-FSP153","1010","113.72","1",
"T-FSP154","1010","113.72","1",
"T-FSP155","1010","113.72","1",
"T-FSP156","1010","113.72","1",
"T-FSP157","1010","113.72","1",
"T-FSP158","1010","113.72","1",
"T-FSP159","1010","113.72","1",
"T-FSP160","1010","113.72","1",
"T-FSP161","1010","113.72","1",
"T-FSP162","1010","113.72","1",
"T-FSP163","1010","113.72","1",
"T-FSP164","1010","113.72","1",
"T-FSP165","1010","113.72","1",
"T-FSP166","1010","113.72","1",
"T-FSP167","1010","113.72","1",
"T-FSP168","1010","113.72","1",
"T-FSP169","1010","113.72","1",
"T-FSP170","1010","113.72","1",
"T-FSP171","1010","113.72","1",
"T-FSP172","1010","113.72","1",
"T-FSP173","1010","113.72","1",
"T-FSP174","1010","113.72","1",
"T-FSP175","1010","113.72","1",
"T-FSP176","1010","113.72","1",
"T-FSP177","1010","113.72","1",
"T-FSP178","1010","113.72","1",
"T-FSP179","1010","113.72","1",
"T-FSP180","1010","113.72","1",
"T-FSP181","1010","113.72","1",
"T-FSP182","1010","113.72","1",
"T-FSP183","1010","113.72","1",
"T-FSP184","1010","113.72","1",
"T-FSP185","1010","113.72","1",
"T-FSP186","1010","113.72","1",
"T-FSP187","1010","113.72","1",
"T-FSP188","1010","113.72","1",
"T-FSP189","1010","113.72","1",
"T-FSP190","1010","113.72","1",
"T-FSP191","1010","113.72","1",
"T-FSP192","1010","113.72","1",
"T-FSP193","1010","113.72","1",
"T-FSP194","1010","113.72","1",
"T-FSP195","1010","113.72","1",
"T-FSP196","1010","113.72","1",
"T-FSP197","1010","113.72","1",
"T-FSP198","1010","113.72","1",
"T-FSP199","1010","113.72","1",
"T-FTP100","1010","0.88","1",
"T-FV00","1010","37591.58","1",
"T-FV01","1010","37591.58","1",
"T-FV02","1010","37591.58","1",
"T-FV03","1010","37591.58","1",
"T-FV04","1010","37591.58","1",
"T-FV05","1010","37591.58","1",
"T-FV06","1010","37591.58","1",
"T-FV07","1010","37591.58","1",
"T-FV08","1010","37591.58","1",
"T-FV09","1010","37591.58","1",
"T-FV10","1010","37591.58","1",
"T-FV11","1010","37591.58","1",
"T-FV12","1010","37591.58","1",
"T-FV13","1010","37591.58","1",
"T-FV14","1010","37591.58","1",
"T-FV15","1010","37591.58","1",
"T-FV16","1010","37591.58","1",
"T-FV17","1010","37591.58","1",
"T-FV18","1010","37591.58","1",
"T-FV19","1010","37591.58","1",
"T-FV1A91","1010","4500.00","1",
"T-FV1A92","1010","4500.00","1",
"T-FV1A93","1010","4500.00","1",
"T-FV1A94","1010","4500.00","1",
"T-FV1A95","1010","4500.00","1",
"T-FV1A96","1010","4500.00","1",
"T-FV1A97","1010","4500.00","1",
"T-FV1A98","1010","4500.00","1",
"T-FV1A99","1010","4500.00","1",
"T-FV20","1010","37591.58","1",
"T-FV21","1010","37591.58","1",
"T-FV22","1010","37591.58","1",
"T-FV23","1010","37591.58","1",
"T-FV24","1010","37591.58","1",
"T-FV25","1010","37591.58","1",
"T-FV26","1010","37591.58","1",
"T-FV27","1010","37591.58","1",
"T-FV28","1010","37591.58","1",
"T-FV29","1010","37591.58","1",
"T-FV30","1010","37591.58","1",
"T-FV31","1010","37591.58","1",
"T-FV32","1010","37591.58","1",
"T-FV33","1010","37591.58","1",
"T-FV34","1010","37591.58","1",
"T-FV35","1010","37591.58","1",
"T-FV36","1010","37591.58","1",
"T-FV37","1010","37591.58","1",
"T-FV38","1010","37591.58","1",
"T-FV39","1010","37591.58","1",
"T-FV3C00","1010","200.00","1",
"T-FV40","1010","37591.58","1",
"T-FV400","1010","7500.00","1",
"T-FV41","1010","37591.58","1",
"T-FV42","1010","37591.58","1",
"T-FV43","1010","37591.58","1",
"T-FV44","1010","37591.58","1",
"T-FV45","1010","37591.58","1",
"T-FV46","1010","37591.58","1",
"T-FV47","1010","37591.58","1",
"T-FV48","1010","37591.58","1",
"T-FV49","1010","37591.58","1",
"T-FV4A91","1010","2200.00","1",
"T-FV4A92","1010","2200.00","1",
"T-FV4B91","1010","813.40","1",
"T-FV4B92","1010","813.40","1",
"T-FV50","1010","37591.58","1",
"T-FV5000","1010","8167.95","1",
"T-FV5001","1010","8167.95","1",
"T-FV5002","1010","8167.95","1",
"T-FV5003","1010","8167.95","1",
"T-FV5004","1010","8167.95","1",
"T-FV5005","1010","8167.95","1",
"T-FV5006","1010","8167.95","1",
"T-FV5007","1010","8167.95","1",
"T-FV5008","1010","8167.95","1",
"T-FV5009","1010","8167.95","1",
"T-FV5010","1010","8167.95","1",
"T-FV5011","1010","8167.95","1",
"T-FV5012","1010","8167.95","1",
"T-FV5013","1010","8167.95","1",
"T-FV5014","1010","8167.95","1",
"T-FV5015","1010","8167.95","1",
"T-FV5016","1010","8167.95","1",
"T-FV5017","1010","8167.95","1",
"T-FV5018","1010","8167.95","1",
"T-FV5019","1010","8167.95","1",
"T-FV5020","1010","8167.95","1",
"T-FV5021","1010","8167.95","1",
"T-FV5022","1010","8167.95","1",
"T-FV5023","1010","8167.95","1",
"T-FV5024","1010","8167.95","1",
"T-FV5025","1010","8167.95","1",
"T-FV5026","1010","8167.95","1",
"T-FV5027","1010","8167.95","1",
"T-FV5028","1010","8167.95","1",
"T-FV5029","1010","8167.95","1",
"T-FV5030","1010","8167.95","1",
"T-FV51","1010","37591.58","1",
"T-FV5100","1010","8167.95","1",
"T-FV5101","1010","8167.95","1",
"T-FV5102","1010","8167.95","1",
"T-FV5103","1010","8167.95","1",
"T-FV5104","1010","8167.95","1",
"T-FV5105","1010","8167.95","1",
"T-FV5106","1010","8167.95","1",
"T-FV5107","1010","8167.95","1",
"T-FV5108","1010","8167.95","1",
"T-FV5109","1010","8167.95","1",
"T-FV5110","1010","8167.95","1",
"T-FV5111","1010","8167.95","1",
"T-FV5112","1010","8167.95","1",
"T-FV5113","1010","8167.95","1",
"T-FV5114","1010","8167.95","1",
"T-FV5115","1010","8167.95","1",
"T-FV5116","1010","8167.95","1",
"T-FV5117","1010","8167.95","1",
"T-FV5118","1010","8167.95","1",
"T-FV5119","1010","8167.95","1",
"T-FV5120","1010","8167.95","1",
"T-FV5121","1010","8167.95","1",
"T-FV5122","1010","8167.95","1",
"T-FV5123","1010","8167.95","1",
"T-FV5124","1010","8167.95","1",
"T-FV5125","1010","8167.95","1",
"T-FV5126","1010","8167.95","1",
"T-FV5127","1010","8167.95","1",
"T-FV5128","1010","8167.95","1",
"T-FV5129","1010","8167.95","1",
"T-FV5130","1010","8167.95","1",
"T-FV52","1010","37591.58","1",
"T-FV5200","1010","8167.95","1",
"T-FV5201","1010","8167.95","1",
"T-FV5202","1010","8167.95","1",
"T-FV5203","1010","8167.95","1",
"T-FV5204","1010","8167.95","1",
"T-FV5205","1010","8167.95","1",
"T-FV5206","1010","8167.95","1",
"T-FV5207","1010","8167.95","1",
"T-FV5208","1010","8167.95","1",
"T-FV5209","1010","8167.95","1",
"T-FV5210","1010","8167.95","1",
"T-FV5211","1010","8167.95","1",
"T-FV5212","1010","8167.95","1",
"T-FV5213","1010","8167.95","1",
"T-FV5214","1010","8167.95","1",
"T-FV5215","1010","8167.95","1",
"T-FV5216","1010","8167.95","1",
"T-FV5217","1010","8167.95","1",
"T-FV5218","1010","8167.95","1",
"T-FV5219","1010","8167.95","1",
"T-FV5220","1010","8167.95","1",
"T-FV5221","1010","8167.95","1",
"T-FV5222","1010","8167.95","1",
"T-FV5223","1010","8167.95","1",
"T-FV5224","1010","8167.95","1",
"T-FV5225","1010","8167.95","1",
"T-FV5226","1010","8167.95","1",
"T-FV5227","1010","8167.95","1",
"T-FV5228","1010","8167.95","1",
"T-FV5229","1010","8167.95","1",
"T-FV5230","1010","8167.95","1",
"T-FV53","1010","37591.58","1",
"T-FV5300","1010","8167.95","1",
"T-FV5301","1010","8167.95","1",
"T-FV5302","1010","8167.95","1",
"T-FV5303","1010","8167.95","1",
"T-FV5304","1010","8167.95","1",
"T-FV5305","1010","8167.95","1",
"T-FV5306","1010","8167.95","1",
"T-FV5307","1010","8167.95","1",
"T-FV5308","1010","8167.95","1",
"T-FV5309","1010","8167.95","1",
"T-FV5310","1010","8167.95","1",
"T-FV5311","1010","8167.95","1",
"T-FV5312","1010","8167.95","1",
"T-FV5313","1010","8167.95","1",
"T-FV5314","1010","8167.95","1",
"T-FV5315","1010","8167.95","1",
"T-FV5316","1010","8167.95","1",
"T-FV5317","1010","8167.95","1",
"T-FV5318","1010","8167.95","1",
"T-FV5319","1010","8167.95","1",
"T-FV5320","1010","8167.95","1",
"T-FV5321","1010","8167.95","1",
"T-FV5322","1010","8167.95","1",
"T-FV5323","1010","8167.95","1",
"T-FV5324","1010","8167.95","1",
"T-FV5325","1010","8167.95","1",
"T-FV5326","1010","8167.95","1",
"T-FV5327","1010","8167.95","1",
"T-FV5328","1010","8167.95","1",
"T-FV5329","1010","8167.95","1",
"T-FV5330","1010","8167.95","1",
"T-FV5331","1010","8167.95","1",
"T-FV5332","1010","8167.95","1",
"T-FV5333","1010","8167.95","1",
"T-FV5334","1010","8167.95","1",
"T-FV5335","1010","8167.95","1",
"T-FV5336","1010","8167.95","1",
"T-FV5337","1010","8167.95","1",
"T-FV5338","1010","8167.95","1",
"T-FV5339","1010","8167.95","1",
"T-FV5340","1010","8167.95","1",
"T-FV5341","1010","8167.95","1",
"T-FV5342","1010","8167.95","1",
"T-FV5343","1010","8167.95","1",
"T-FV5344","1010","8167.95","1",
"T-FV5345","1010","8167.95","1",
"T-FV5346","1010","8167.95","1",
"T-FV5347","1010","8167.95","1",
"T-FV5348","1010","8167.95","1",
"T-FV5349","1010","8167.95","1",
"T-FV5350","1010","8167.95","1",
"T-FV5351","1010","8167.95","1",
"T-FV5352","1010","8167.95","1",
"T-FV5353","1010","8167.95","1",
"T-FV5354","1010","8167.95","1",
"T-FV5355","1010","8167.95","1",
"T-FV5356","1010","8167.95","1",
"T-FV5357","1010","8167.95","1",
"T-FV5358","1010","8167.95","1",
"T-FV5359","1010","8167.95","1",
"T-FV5360","1010","8167.95","1",
"T-FV5361","1010","8167.95","1",
"T-FV5362","1010","8167.95","1",
"T-FV5363","1010","8167.95","1",
"T-FV5364","1010","8167.95","1",
"T-FV5365","1010","8167.95","1",
"T-FV5366","1010","8167.95","1",
"T-FV5367","1010","8167.95","1",
"T-FV5368","1010","8167.95","1",
"T-FV5369","1010","8167.95","1",
"T-FV5370","1010","8167.95","1",
"T-FV5371","1010","8167.95","1",
"T-FV5372","1010","8167.95","1",
"T-FV5373","1010","8167.95","1",
"T-FV5374","1010","8167.95","1",
"T-FV5375","1010","8167.95","1",
"T-FV5376","1010","8167.95","1",
"T-FV5377","1010","8167.95","1",
"T-FV5378","1010","8167.95","1",
"T-FV5379","1010","8167.95","1",
"T-FV5380","1010","8167.95","1",
"T-FV5381","1010","8167.95","1",
"T-FV5382","1010","8167.95","1",
"T-FV5383","1010","8167.95","1",
"T-FV5384","1010","8167.95","1",
"T-FV5385","1010","8167.95","1",
"T-FV5386","1010","8167.95","1",
"T-FV5387","1010","8167.95","1",
"T-FV5388","1010","8167.95","1",
"T-FV5389","1010","8167.95","1",
"T-FV5390","1010","8167.95","1",
"T-FV5391","1010","8167.95","1",
"T-FV5392","1010","8167.95","1",
"T-FV5393","1010","8167.95","1",
"T-FV5394","1010","8167.95","1",
"T-FV5395","1010","8167.95","1",
"T-FV5396","1010","8167.95","1",
"T-FV5397","1010","8167.95","1",
"T-FV5398","1010","8167.95","1",
"T-FV5399","1010","8167.95","1",
"T-FV54","1010","37591.58","1",
"T-FV55","1010","37591.58","1",
"T-FV56","1010","37591.58","1",
"T-FV57","1010","37591.58","1",
"T-FV58","1010","37591.58","1",
"T-FV59","1010","37591.58","1",
"T-FV5C01","1010","12.00","1",
"T-FV5C02","1010","36.00","1",
"T-FV5D01","1010","1200.00","1",
"T-FV5D02","1010","1200.00","1",
"T-FV5D03","1010","1200.00","1",
"T-FV5D04","1010","1200.00","1",
"T-FV5D05","1010","1200.00","1",
"T-FV5D06","1010","1200.00","1",
"T-FV5E01","1010","50.00","1",
"T-FV5E02","1010","50.00","1",
"T-FV5E03","1010","50.00","1",
"T-FV5E04","1010","50.00","1",
"T-FV5E05","1010","48.00","1",
"T-FV5E06","1010","48.00","1",
"T-FV5E100","1010","50.00","1",
"T-FV5E101","1010","50.00","1",
"T-FV5E102","1010","50.00","1",
"T-FV5E103","1010","50.00","1",
"T-FV5E104","1010","50.00","1",
"T-FV5E105","1010","50.00","1",
"T-FV5E106","1010","50.00","1",
"T-FV5E107","1010","50.00","1",
"T-FV5E108","1010","50.00","1",
"T-FV5E109","1010","50.00","1",
"T-FV5E110","1010","50.00","1",
"T-FV5E111","1010","50.00","1",
"T-FV5E112","1010","50.00","1",
"T-FV5E113","1010","50.00","1",
"T-FV5E114","1010","50.00","1",
"T-FV5E115","1010","50.00","1",
"T-FV5E116","1010","50.00","1",
"T-FV5E117","1010","50.00","1",
"T-FV5E118","1010","50.00","1",
"T-FV5E119","1010","50.00","1",
"T-FV5E120","1010","50.00","1",
"T-FV5E121","1010","50.00","1",
"T-FV5E122","1010","50.00","1",
"T-FV5E123","1010","50.00","1",
"T-FV5E124","1010","50.00","1",
"T-FV5E125","1010","50.00","1",
"T-FV5E126","1010","50.00","1",
"T-FV5E127","1010","50.00","1",
"T-FV5E128","1010","50.00","1",
"T-FV5E129","1010","50.00","1",
"T-FV5E130","1010","50.00","1",
"T-FV5E131","1010","50.00","1",
"T-FV5E132","1010","50.00","1",
"T-FV5E133","1010","50.00","1",
"T-FV5E134","1010","50.00","1",
"T-FV5E135","1010","50.00","1",
"T-FV5E136","1010","50.00","1",
"T-FV5E137","1010","50.00","1",
"T-FV5E138","1010","50.00","1",
"T-FV5E139","1010","50.00","1",
"T-FV5E140","1010","50.00","1",
"T-FV5E141","1010","50.00","1",
"T-FV5E142","1010","50.00","1",
"T-FV5E143","1010","50.00","1",
"T-FV5E144","1010","50.00","1",
"T-FV5E145","1010","50.00","1",
"T-FV5E146","1010","50.00","1",
"T-FV5E147","1010","50.00","1",
"T-FV5E148","1010","50.00","1",
"T-FV5E149","1010","50.00","1",
"T-FV5E150","1010","50.00","1",
"T-FV5E151","1010","50.00","1",
"T-FV5E152","1010","50.00","1",
"T-FV5E153","1010","50.00","1",
"T-FV5E154","1010","50.00","1",
"T-FV5E155","1010","50.00","1",
"T-FV5E156","1010","50.00","1",
"T-FV5E157","1010","50.00","1",
"T-FV5E158","1010","50.00","1",
"T-FV5E159","1010","50.00","1",
"T-FV5E160","1010","50.00","1",
"T-FV5E161","1010","50.00","1",
"T-FV5E162","1010","50.00","1",
"T-FV5E163","1010","50.00","1",
"T-FV5E164","1010","50.00","1",
"T-FV5E165","1010","50.00","1",
"T-FV5E166","1010","50.00","1",
"T-FV5E167","1010","50.00","1",
"T-FV5E168","1010","50.00","1",
"T-FV5E169","1010","50.00","1",
"T-FV5E170","1010","50.00","1",
"T-FV5E171","1010","50.00","1",
"T-FV5E172","1010","50.00","1",
"T-FV5E173","1010","50.00","1",
"T-FV5E174","1010","50.00","1",
"T-FV5E175","1010","50.00","1",
"T-FV5E176","1010","50.00","1",
"T-FV5E177","1010","50.00","1",
"T-FV5E178","1010","50.00","1",
"T-FV5E179","1010","50.00","1",
"T-FV5E180","1010","50.00","1",
"T-FV5E181","1010","50.00","1",
"T-FV5E182","1010","50.00","1",
"T-FV5E183","1010","50.00","1",
"T-FV5E184","1010","50.00","1",
"T-FV5E185","1010","50.00","1",
"T-FV5E186","1010","50.00","1",
"T-FV5E187","1010","50.00","1",
"T-FV5E188","1010","50.00","1",
"T-FV5E189","1010","50.00","1",
"T-FV5E190","1010","50.00","1",
"T-FV5E191","1010","50.00","1",
"T-FV5E192","1010","50.00","1",
"T-FV5E193","1010","50.00","1",
"T-FV5E194","1010","50.00","1",
"T-FV5E195","1010","50.00","1",
"T-FV5E196","1010","50.00","1",
"T-FV5E197","1010","50.00","1",
"T-FV5E198","1010","50.00","1",
"T-FV5E199","1010","50.00","1",
"T-FV5E200","1010","50.00","1",
"T-FV5E201","1010","50.00","1",
"T-FV5E202","1010","50.00","1",
"T-FV5E203","1010","50.00","1",
"T-FV5E204","1010","50.00","1",
"T-FV5E205","1010","50.00","1",
"T-FV5E206","1010","50.00","1",
"T-FV5E207","1010","50.00","1",
"T-FV5E208","1010","50.00","1",
"T-FV5E209","1010","50.00","1",
"T-FV5E210","1010","50.00","1",
"T-FV5E211","1010","50.00","1",
"T-FV5E212","1010","50.00","1",
"T-FV5E213","1010","50.00","1",
"T-FV5E214","1010","50.00","1",
"T-FV5E215","1010","50.00","1",
"T-FV5E216","1010","50.00","1",
"T-FV5E217","1010","50.00","1",
"T-FV5E218","1010","50.00","1",
"T-FV5E219","1010","50.00","1",
"T-FV5E220","1010","50.00","1",
"T-FV5E221","1010","50.00","1",
"T-FV5E222","1010","50.00","1",
"T-FV5E223","1010","50.00","1",
"T-FV5E224","1010","50.00","1",
"T-FV5E225","1010","50.00","1",
"T-FV5E226","1010","50.00","1",
"T-FV5E227","1010","50.00","1",
"T-FV5E228","1010","50.00","1",
"T-FV5E229","1010","50.00","1",
"T-FV5E230","1010","50.00","1",
"T-FV5E231","1010","50.00","1",
"T-FV5E232","1010","50.00","1",
"T-FV5E233","1010","50.00","1",
"T-FV5E234","1010","50.00","1",
"T-FV5E235","1010","50.00","1",
"T-FV5E236","1010","50.00","1",
"T-FV5E237","1010","50.00","1",
"T-FV5E238","1010","50.00","1",
"T-FV5E239","1010","50.00","1",
"T-FV5E240","1010","50.00","1",
"T-FV5E241","1010","50.00","1",
"T-FV5E242","1010","50.00","1",
"T-FV5E243","1010","50.00","1",
"T-FV5E244","1010","50.00","1",
"T-FV5E245","1010","50.00","1",
"T-FV5E246","1010","50.00","1",
"T-FV5E247","1010","50.00","1",
"T-FV5E248","1010","50.00","1",
"T-FV5E249","1010","50.00","1",
"T-FV5E250","1010","50.00","1",
"T-FV5E251","1010","50.00","1",
"T-FV5E252","1010","50.00","1",
"T-FV5E253","1010","50.00","1",
"T-FV5E254","1010","50.00","1",
"T-FV5E255","1010","50.00","1",
"T-FV5E256","1010","50.00","1",
"T-FV5E257","1010","50.00","1",
"T-FV5E258","1010","50.00","1",
"T-FV5E259","1010","50.00","1",
"T-FV5E260","1010","50.00","1",
"T-FV5E261","1010","50.00","1",
"T-FV5E262","1010","50.00","1",
"T-FV5E263","1010","50.00","1",
"T-FV5E264","1010","50.00","1",
"T-FV5E265","1010","50.00","1",
"T-FV5E266","1010","50.00","1",
"T-FV5E267","1010","50.00","1",
"T-FV5E268","1010","50.00","1",
"T-FV5E269","1010","50.00","1",
"T-FV5E270","1010","50.00","1",
"T-FV5E271","1010","50.00","1",
"T-FV5E272","1010","50.00","1",
"T-FV5E273","1010","50.00","1",
"T-FV5E274","1010","50.00","1",
"T-FV5E275","1010","50.00","1",
"T-FV5E276","1010","50.00","1",
"T-FV5E277","1010","50.00","1",
"T-FV5E278","1010","50.00","1",
"T-FV5E279","1010","50.00","1",
"T-FV5E280","1010","50.00","1",
"T-FV5E281","1010","50.00","1",
"T-FV5E282","1010","50.00","1",
"T-FV5E283","1010","50.00","1",
"T-FV5E284","1010","50.00","1",
"T-FV5E285","1010","50.00","1",
"T-FV5E286","1010","50.00","1",
"T-FV5E287","1010","50.00","1",
"T-FV5E288","1010","50.00","1",
"T-FV5E289","1010","50.00","1",
"T-FV5E290","1010","50.00","1",
"T-FV5E291","1010","50.00","1",
"T-FV5E292","1010","50.00","1",
"T-FV5E293","1010","50.00","1",
"T-FV5E294","1010","50.00","1",
"T-FV5E295","1010","50.00","1",
"T-FV5E296","1010","50.00","1",
"T-FV5E297","1010","50.00","1",
"T-FV5E298","1010","50.00","1",
"T-FV5E299","1010","50.00","1",
"T-FV5E300","1010","50.00","1",
"T-FV5E301","1010","50.00","1",
"T-FV5E302","1010","50.00","1",
"T-FV5E303","1010","50.00","1",
"T-FV5E304","1010","50.00","1",
"T-FV5E305","1010","50.00","1",
"T-FV5E306","1010","50.00","1",
"T-FV5E307","1010","50.00","1",
"T-FV5E308","1010","50.00","1",
"T-FV5E309","1010","50.00","1",
"T-FV5E310","1010","50.00","1",
"T-FV5E311","1010","50.00","1",
"T-FV5E312","1010","50.00","1",
"T-FV5E313","1010","50.00","1",
"T-FV5E314","1010","50.00","1",
"T-FV5E315","1010","50.00","1",
"T-FV5E316","1010","50.00","1",
"T-FV5E317","1010","50.00","1",
"T-FV5E318","1010","50.00","1",
"T-FV5E319","1010","50.00","1",
"T-FV5E320","1010","50.00","1",
"T-FV5E321","1010","50.00","1",
"T-FV5E322","1010","50.00","1",
"T-FV5E323","1010","50.00","1",
"T-FV5E324","1010","50.00","1",
"T-FV5E325","1010","50.00","1",
"T-FV5E326","1010","50.00","1",
"T-FV5E327","1010","50.00","1",
"T-FV5E328","1010","50.00","1",
"T-FV5E329","1010","50.00","1",
"T-FV5E330","1010","50.00","1",
"T-FV5E331","1010","50.00","1",
"T-FV5E332","1010","50.00","1",
"T-FV5E333","1010","50.00","1",
"T-FV5E334","1010","50.00","1",
"T-FV5E335","1010","50.00","1",
"T-FV5E336","1010","50.00","1",
"T-FV5E337","1010","50.00","1",
"T-FV5E338","1010","50.00","1",
"T-FV5E339","1010","50.00","1",
"T-FV5E340","1010","50.00","1",
"T-FV5E341","1010","50.00","1",
"T-FV5E342","1010","50.00","1",
"T-FV5E343","1010","50.00","1",
"T-FV5E344","1010","50.00","1",
"T-FV5E345","1010","50.00","1",
"T-FV5E346","1010","50.00","1",
"T-FV5E347","1010","50.00","1",
"T-FV5E348","1010","50.00","1",
"T-FV5E349","1010","50.00","1",
"T-FV5E350","1010","50.00","1",
"T-FV5E351","1010","50.00","1",
"T-FV5E352","1010","50.00","1",
"T-FV5E353","1010","50.00","1",
"T-FV5E354","1010","50.00","1",
"T-FV5E355","1010","50.00","1",
"T-FV5E356","1010","50.00","1",
"T-FV5E357","1010","50.00","1",
"T-FV5E358","1010","50.00","1",
"T-FV5E359","1010","50.00","1",
"T-FV5E360","1010","50.00","1",
"T-FV5E361","1010","50.00","1",
"T-FV5E362","1010","50.00","1",
"T-FV5E363","1010","50.00","1",
"T-FV5E364","1010","50.00","1",
"T-FV5E365","1010","50.00","1",
"T-FV5E366","1010","50.00","1",
"T-FV5E367","1010","50.00","1",
"T-FV5E368","1010","50.00","1",
"T-FV5E369","1010","50.00","1",
"T-FV5E370","1010","50.00","1",
"T-FV5E371","1010","50.00","1",
"T-FV5E372","1010","50.00","1",
"T-FV5E373","1010","50.00","1",
"T-FV5E374","1010","50.00","1",
"T-FV5E375","1010","50.00","1",
"T-FV5E376","1010","50.00","1",
"T-FV5E377","1010","50.00","1",
"T-FV5E378","1010","50.00","1",
"T-FV5E379","1010","50.00","1",
"T-FV5E380","1010","50.00","1",
"T-FV5E381","1010","50.00","1",
"T-FV5E382","1010","50.00","1",
"T-FV5E383","1010","50.00","1",
"T-FV5E384","1010","50.00","1",
"T-FV5E385","1010","50.00","1",
"T-FV5E386","1010","50.00","1",
"T-FV5E387","1010","50.00","1",
"T-FV5E388","1010","50.00","1",
"T-FV5E389","1010","50.00","1",
"T-FV5E390","1010","50.00","1",
"T-FV5E391","1010","50.00","1",
"T-FV5E392","1010","50.00","1",
"T-FV5E393","1010","50.00","1",
"T-FV5E394","1010","50.00","1",
"T-FV5E395","1010","50.00","1",
"T-FV5E396","1010","50.00","1",
"T-FV5E397","1010","50.00","1",
"T-FV5E398","1010","50.00","1",
"T-FV5E399","1010","50.00","1",
"T-FV5E400","1010","50.00","1",
"T-FV5E401","1010","50.00","1",
"T-FV5E402","1010","50.00","1",
"T-FV5E403","1010","50.00","1",
"T-FV5E404","1010","50.00","1",
"T-FV5E405","1010","50.00","1",
"T-FV5E406","1010","50.00","1",
"T-FV5E407","1010","50.00","1",
"T-FV5E408","1010","50.00","1",
"T-FV5E409","1010","50.00","1",
"T-FV5E410","1010","50.00","1",
"T-FV5E411","1010","50.00","1",
"T-FV5E412","1010","50.00","1",
"T-FV5E413","1010","50.00","1",
"T-FV5E414","1010","50.00","1",
"T-FV5E415","1010","50.00","1",
"T-FV5E416","1010","50.00","1",
"T-FV5E417","1010","50.00","1",
"T-FV5E418","1010","50.00","1",
"T-FV5E419","1010","50.00","1",
"T-FV5E420","1010","50.00","1",
"T-FV5E421","1010","50.00","1",
"T-FV5E422","1010","50.00","1",
"T-FV5E423","1010","50.00","1",
"T-FV5E424","1010","50.00","1",
"T-FV5E425","1010","50.00","1",
"T-FV5E426","1010","50.00","1",
"T-FV5E427","1010","50.00","1",
"T-FV5E428","1010","50.00","1",
"T-FV5E429","1010","50.00","1",
"T-FV5E430","1010","50.00","1",
"T-FV5E431","1010","50.00","1",
"T-FV5E432","1010","50.00","1",
"T-FV5E433","1010","50.00","1",
"T-FV5E434","1010","50.00","1",
"T-FV5E435","1010","50.00","1",
"T-FV5E436","1010","50.00","1",
"T-FV5E437","1010","50.00","1",
"T-FV5E438","1010","50.00","1",
"T-FV5E439","1010","50.00","1",
"T-FV5E440","1010","50.00","1",
"T-FV5E441","1010","50.00","1",
"T-FV5E442","1010","50.00","1",
"T-FV5E443","1010","50.00","1",
"T-FV5E444","1010","50.00","1",
"T-FV5E445","1010","50.00","1",
"T-FV5E446","1010","50.00","1",
"T-FV5E447","1010","50.00","1",
"T-FV5E448","1010","50.00","1",
"T-FV5E449","1010","50.00","1",
"T-FV5E450","1010","50.00","1",
"T-FV5E451","1010","50.00","1",
"T-FV5E452","1010","50.00","1",
"T-FV5E453","1010","50.00","1",
"T-FV5E454","1010","50.00","1",
"T-FV5E455","1010","50.00","1",
"T-FV5E456","1010","50.00","1",
"T-FV5E457","1010","50.00","1",
"T-FV5E458","1010","50.00","1",
"T-FV5E459","1010","50.00","1",
"T-FV5E460","1010","50.00","1",
"T-FV5E461","1010","50.00","1",
"T-FV5E462","1010","50.00","1",
"T-FV5E463","1010","50.00","1",
"T-FV5E464","1010","50.00","1",
"T-FV5E465","1010","50.00","1",
"T-FV5E466","1010","50.00","1",
"T-FV5E467","1010","50.00","1",
"T-FV5E468","1010","50.00","1",
"T-FV5E469","1010","50.00","1",
"T-FV5E470","1010","50.00","1",
"T-FV5E471","1010","50.00","1",
"T-FV5E472","1010","50.00","1",
"T-FV5E473","1010","50.00","1",
"T-FV5E474","1010","50.00","1",
"T-FV5E475","1010","50.00","1",
"T-FV5E476","1010","50.00","1",
"T-FV5E477","1010","50.00","1",
"T-FV5E478","1010","50.00","1",
"T-FV5E479","1010","50.00","1",
"T-FV5E480","1010","50.00","1",
"T-FV5E481","1010","50.00","1",
"T-FV5E482","1010","50.00","1",
"T-FV5E483","1010","50.00","1",
"T-FV5E484","1010","50.00","1",
"T-FV5E485","1010","50.00","1",
"T-FV5E486","1010","50.00","1",
"T-FV5E487","1010","50.00","1",
"T-FV5E488","1010","50.00","1",
"T-FV5E489","1010","50.00","1",
"T-FV5E490","1010","50.00","1",
"T-FV5E491","1010","50.00","1",
"T-FV5E492","1010","50.00","1",
"T-FV5E493","1010","50.00","1",
"T-FV5E494","1010","50.00","1",
"T-FV5E495","1010","50.00","1",
"T-FV5E496","1010","50.00","1",
"T-FV5E497","1010","50.00","1",
"T-FV5E498","1010","50.00","1",
"T-FV5E499","1010","50.00","1",
"T-FV5E500","1010","48.00","1",
"T-FV5E501","1010","48.00","1",
"T-FV5E502","1010","48.00","1",
"T-FV5E503","1010","48.00","1",
"T-FV5E504","1010","48.00","1",
"T-FV5E505","1010","48.00","1",
"T-FV5E506","1010","48.00","1",
"T-FV5E507","1010","48.00","1",
"T-FV5E508","1010","48.00","1",
"T-FV5E509","1010","48.00","1",
"T-FV5E510","1010","48.00","1",
"T-FV5E511","1010","48.00","1",
"T-FV5E512","1010","48.00","1",
"T-FV5E513","1010","48.00","1",
"T-FV5E514","1010","48.00","1",
"T-FV5E515","1010","48.00","1",
"T-FV5E516","1010","48.00","1",
"T-FV5E517","1010","48.00","1",
"T-FV5E518","1010","48.00","1",
"T-FV5E519","1010","48.00","1",
"T-FV5E520","1010","48.00","1",
"T-FV5E521","1010","48.00","1",
"T-FV5E522","1010","48.00","1",
"T-FV5E523","1010","48.00","1",
"T-FV5E524","1010","48.00","1",
"T-FV5E525","1010","48.00","1",
"T-FV5E526","1010","48.00","1",
"T-FV5E527","1010","48.00","1",
"T-FV5E528","1010","48.00","1",
"T-FV5E529","1010","48.00","1",
"T-FV5E530","1010","48.00","1",
"T-FV5E531","1010","48.00","1",
"T-FV5E532","1010","48.00","1",
"T-FV5E533","1010","48.00","1",
"T-FV5E534","1010","48.00","1",
"T-FV5E535","1010","48.00","1",
"T-FV5E536","1010","48.00","1",
"T-FV5E537","1010","48.00","1",
"T-FV5E538","1010","48.00","1",
"T-FV5E539","1010","48.00","1",
"T-FV5E540","1010","48.00","1",
"T-FV5E541","1010","48.00","1",
"T-FV5E542","1010","48.00","1",
"T-FV5E543","1010","48.00","1",
"T-FV5E544","1010","48.00","1",
"T-FV5E545","1010","48.00","1",
"T-FV5E546","1010","48.00","1",
"T-FV5E547","1010","48.00","1",
"T-FV5E548","1010","48.00","1",
"T-FV5E549","1010","48.00","1",
"T-FV5E550","1010","48.00","1",
"T-FV5E551","1010","48.00","1",
"T-FV5E552","1010","48.00","1",
"T-FV5E553","1010","48.00","1",
"T-FV5E554","1010","48.00","1",
"T-FV5E555","1010","48.00","1",
"T-FV5E556","1010","48.00","1",
"T-FV5E557","1010","48.00","1",
"T-FV5E558","1010","48.00","1",
"T-FV5E559","1010","48.00","1",
"T-FV5E560","1010","48.00","1",
"T-FV5E561","1010","48.00","1",
"T-FV5E562","1010","48.00","1",
"T-FV5E563","1010","48.00","1",
"T-FV5E564","1010","48.00","1",
"T-FV5E565","1010","48.00","1",
"T-FV5E566","1010","48.00","1",
"T-FV5E567","1010","48.00","1",
"T-FV5E568","1010","48.00","1",
"T-FV5E569","1010","48.00","1",
"T-FV5E570","1010","48.00","1",
"T-FV5E571","1010","48.00","1",
"T-FV5E572","1010","48.00","1",
"T-FV5E573","1010","48.00","1",
"T-FV5E574","1010","48.00","1",
"T-FV5E575","1010","48.00","1",
"T-FV5E576","1010","48.00","1",
"T-FV5E577","1010","48.00","1",
"T-FV5E578","1010","48.00","1",
"T-FV5E579","1010","48.00","1",
"T-FV5E580","1010","48.00","1",
"T-FV5E581","1010","48.00","1",
"T-FV5E582","1010","48.00","1",
"T-FV5E583","1010","48.00","1",
"T-FV5E584","1010","48.00","1",
"T-FV5E585","1010","48.00","1",
"T-FV5E586","1010","48.00","1",
"T-FV5E587","1010","48.00","1",
"T-FV5E588","1010","48.00","1",
"T-FV5E589","1010","48.00","1",
"T-FV5E590","1010","48.00","1",
"T-FV5E591","1010","48.00","1",
"T-FV5E592","1010","48.00","1",
"T-FV5E593","1010","48.00","1",
"T-FV5E594","1010","48.00","1",
"T-FV5E595","1010","48.00","1",
"T-FV5E596","1010","48.00","1",
"T-FV5E597","1010","48.00","1",
"T-FV5E598","1010","48.00","1",
"T-FV5E599","1010","48.00","1",
"T-FV5E600","1010","48.00","1",
"T-FV5E601","1010","48.00","1",
"T-FV5E602","1010","48.00","1",
"T-FV5E603","1010","48.00","1",
"T-FV5E604","1010","48.00","1",
"T-FV5E605","1010","48.00","1",
"T-FV5E606","1010","48.00","1",
"T-FV5E607","1010","48.00","1",
"T-FV5E608","1010","48.00","1",
"T-FV5E609","1010","48.00","1",
"T-FV5E610","1010","48.00","1",
"T-FV5E611","1010","48.00","1",
"T-FV5E612","1010","48.00","1",
"T-FV5E613","1010","48.00","1",
"T-FV5E614","1010","48.00","1",
"T-FV5E615","1010","48.00","1",
"T-FV5E616","1010","48.00","1",
"T-FV5E617","1010","48.00","1",
"T-FV5E618","1010","48.00","1",
"T-FV5E619","1010","48.00","1",
"T-FV5E620","1010","48.00","1",
"T-FV5E621","1010","48.00","1",
"T-FV5E622","1010","48.00","1",
"T-FV5E623","1010","48.00","1",
"T-FV5E624","1010","48.00","1",
"T-FV5E625","1010","48.00","1",
"T-FV5E626","1010","48.00","1",
"T-FV5E627","1010","48.00","1",
"T-FV5E628","1010","48.00","1",
"T-FV5E629","1010","48.00","1",
"T-FV5E630","1010","48.00","1",
"T-FV5E631","1010","48.00","1",
"T-FV5E632","1010","48.00","1",
"T-FV5E633","1010","48.00","1",
"T-FV5E634","1010","48.00","1",
"T-FV5E635","1010","48.00","1",
"T-FV5E636","1010","48.00","1",
"T-FV5E637","1010","48.00","1",
"T-FV5E638","1010","48.00","1",
"T-FV5E639","1010","48.00","1",
"T-FV5E640","1010","48.00","1",
"T-FV5E641","1010","48.00","1",
"T-FV5E642","1010","48.00","1",
"T-FV5E643","1010","48.00","1",
"T-FV5E644","1010","48.00","1",
"T-FV5E645","1010","48.00","1",
"T-FV5E646","1010","48.00","1",
"T-FV5E647","1010","48.00","1",
"T-FV5E648","1010","48.00","1",
"T-FV5E649","1010","48.00","1",
"T-FV5E650","1010","48.00","1",
"T-FV5E651","1010","48.00","1",
"T-FV5E652","1010","48.00","1",
"T-FV5E653","1010","48.00","1",
"T-FV5E654","1010","48.00","1",
"T-FV5E655","1010","48.00","1",
"T-FV5E656","1010","48.00","1",
"T-FV5E657","1010","48.00","1",
"T-FV5E658","1010","48.00","1",
"T-FV5E659","1010","48.00","1",
"T-FV5E660","1010","48.00","1",
"T-FV5E661","1010","48.00","1",
"T-FV5E662","1010","48.00","1",
"T-FV5E663","1010","48.00","1",
"T-FV5E664","1010","48.00","1",
"T-FV5E665","1010","48.00","1",
"T-FV5E666","1010","48.00","1",
"T-FV5E667","1010","48.00","1",
"T-FV5E668","1010","48.00","1",
"T-FV5E669","1010","48.00","1",
"T-FV5E670","1010","48.00","1",
"T-FV5E671","1010","48.00","1",
"T-FV5E672","1010","48.00","1",
"T-FV5E673","1010","48.00","1",
"T-FV5E674","1010","48.00","1",
"T-FV5E675","1010","48.00","1",
"T-FV5E676","1010","48.00","1",
"T-FV5E677","1010","48.00","1",
"T-FV5E678","1010","48.00","1",
"T-FV5E679","1010","48.00","1",
"T-FV5E680","1010","48.00","1",
"T-FV5E681","1010","48.00","1",
"T-FV5E682","1010","48.00","1",
"T-FV5E683","1010","48.00","1",
"T-FV5E684","1010","48.00","1",
"T-FV5E685","1010","48.00","1",
"T-FV5E686","1010","48.00","1",
"T-FV5E687","1010","48.00","1",
"T-FV5E688","1010","48.00","1",
"T-FV5E689","1010","48.00","1",
"T-FV5E690","1010","48.00","1",
"T-FV5E691","1010","48.00","1",
"T-FV5E692","1010","48.00","1",
"T-FV5E693","1010","48.00","1",
"T-FV5E694","1010","48.00","1",
"T-FV5E695","1010","48.00","1",
"T-FV5E696","1010","48.00","1",
"T-FV5E697","1010","48.00","1",
"T-FV5E698","1010","48.00","1",
"T-FV5E699","1010","48.00","1",
"T-FV60","1010","37591.58","1",
"T-FV61","1010","37591.58","1",
"T-FV62","1010","37591.58","1",
"T-FV63","1010","37591.58","1",
"T-FV64","1010","37591.58","1",
"T-FV65","1010","37591.58","1",
"T-FV66","1010","37591.58","1",
"T-FV67","1010","37591.58","1",
"T-FV68","1010","37591.58","1",
"T-FV69","1010","37591.58","1",
"T-FV70","1010","37591.58","1",
"T-FV71","1010","37591.58","1",
"T-FV72","1010","37591.58","1",
"T-FV73","1010","37591.58","1",
"T-FV74","1010","37591.58","1",
"T-FV75","1010","37591.58","1",
"T-FV76","1010","37591.58","1",
"T-FV77","1010","37591.58","1",
"T-FV78","1010","37591.58","1",
"T-FV79","1010","37591.58","1",
"T-FV7A01","1010","1800.00","1",
"T-FV7A02","1010","1800.00","1",
"T-FV7A03","1010","1800.00","1",
"T-FV7C01","1010","400.00","1",
"T-FV7C02","1010","400.00","1",
"T-FV7C03","1010","400.00","1",
"T-FV80","1010","37591.58","1",
"T-FV81","1010","37591.58","1",
"T-FV82","1010","37591.58","1",
"T-FV83","1010","37591.58","1",
"T-FV84","1010","37591.58","1",
"T-FV85","1010","37591.58","1",
"T-FV86","1010","37591.58","1",
"T-FV87","1010","37591.58","1",
"T-FV88","1010","37591.58","1",
"T-FV89","1010","37591.58","1",
"T-FV8E100","1010","0.05","1",
"T-FV8E101","1010","0.05","1",
"T-FV8E102","1010","0.05","1",
"T-FV8E103","1010","0.05","1",
"T-FV8E104","1010","0.05","1",
"T-FV8E105","1010","0.05","1",
"T-FV8E106","1010","0.05","1",
"T-FV8E107","1010","0.05","1",
"T-FV8E108","1010","0.05","1",
"T-FV8E109","1010","0.05","1",
"T-FV8E110","1010","0.05","1",
"T-FV8E111","1010","0.05","1",
"T-FV8E112","1010","0.05","1",
"T-FV8E113","1010","0.05","1",
"T-FV8E114","1010","0.05","1",
"T-FV8E115","1010","0.05","1",
"T-FV8E116","1010","0.05","1",
"T-FV8E117","1010","0.05","1",
"T-FV8E118","1010","0.05","1",
"T-FV8E119","1010","0.05","1",
"T-FV8E120","1010","0.05","1",
"T-FV8E121","1010","0.05","1",
"T-FV8E122","1010","0.05","1",
"T-FV8E123","1010","0.05","1",
"T-FV8E124","1010","0.05","1",
"T-FV8E125","1010","0.05","1",
"T-FV8E126","1010","0.05","1",
"T-FV8E127","1010","0.05","1",
"T-FV8E128","1010","0.05","1",
"T-FV8E129","1010","0.05","1",
"T-FV8E130","1010","0.05","1",
"T-FV8E131","1010","0.05","1",
"T-FV8E132","1010","0.05","1",
"T-FV8E133","1010","0.05","1",
"T-FV8E134","1010","0.05","1",
"T-FV8E135","1010","0.05","1",
"T-FV8E136","1010","0.05","1",
"T-FV8E137","1010","0.05","1",
"T-FV8E138","1010","0.05","1",
"T-FV8E139","1010","0.05","1",
"T-FV8E140","1010","0.05","1",
"T-FV8E141","1010","0.05","1",
"T-FV8E142","1010","0.05","1",
"T-FV8E143","1010","0.05","1",
"T-FV8E144","1010","0.05","1",
"T-FV8E145","1010","0.05","1",
"T-FV8E146","1010","0.05","1",
"T-FV8E147","1010","0.05","1",
"T-FV8E148","1010","0.05","1",
"T-FV8E149","1010","0.05","1",
"T-FV8E150","1010","0.05","1",
"T-FV8E151","1010","0.05","1",
"T-FV8E152","1010","0.05","1",
"T-FV8E153","1010","0.05","1",
"T-FV8E154","1010","0.05","1",
"T-FV8E155","1010","0.05","1",
"T-FV8E156","1010","0.05","1",
"T-FV8E157","1010","0.05","1",
"T-FV8E158","1010","0.05","1",
"T-FV8E159","1010","0.05","1",
"T-FV8E160","1010","0.05","1",
"T-FV8E161","1010","0.05","1",
"T-FV8E162","1010","0.05","1",
"T-FV8E163","1010","0.05","1",
"T-FV8E164","1010","0.05","1",
"T-FV8E165","1010","0.05","1",
"T-FV8E166","1010","0.05","1",
"T-FV8E167","1010","0.05","1",
"T-FV8E168","1010","0.05","1",
"T-FV8E169","1010","0.05","1",
"T-FV8E170","1010","0.05","1",
"T-FV8E171","1010","0.05","1",
"T-FV8E172","1010","0.05","1",
"T-FV8E173","1010","0.05","1",
"T-FV8E174","1010","0.05","1",
"T-FV8E175","1010","0.05","1",
"T-FV8E176","1010","0.05","1",
"T-FV8E177","1010","0.05","1",
"T-FV8E178","1010","0.05","1",
"T-FV8E179","1010","0.05","1",
"T-FV8E180","1010","0.05","1",
"T-FV8E181","1010","0.05","1",
"T-FV8E182","1010","0.05","1",
"T-FV8E183","1010","0.05","1",
"T-FV8E184","1010","0.05","1",
"T-FV8E185","1010","0.05","1",
"T-FV8E186","1010","0.05","1",
"T-FV8E187","1010","0.05","1",
"T-FV8E188","1010","0.05","1",
"T-FV8E189","1010","0.05","1",
"T-FV8E190","1010","0.05","1",
"T-FV8E191","1010","0.05","1",
"T-FV8E192","1010","0.05","1",
"T-FV8E193","1010","0.05","1",
"T-FV8E194","1010","0.05","1",
"T-FV8E195","1010","0.05","1",
"T-FV8E196","1010","0.05","1",
"T-FV8E197","1010","0.05","1",
"T-FV8E198","1010","0.05","1",
"T-FV8E199","1010","0.05","1",
"T-FV90","1010","37591.58","1",
"T-FV91","1010","37591.58","1",
"T-FV92","1010","37591.58","1",
"T-FV93","1010","37591.58","1",
"T-FV94","1010","37591.58","1",
"T-FV95","1010","37591.58","1",
"T-FV96","1010","37591.58","1",
"T-FV97","1010","37591.58","1",
"T-FV98","1010","37591.58","1",
"T-FV99","1010","37591.58","1",
"T-FY00","1010","5710.66","1",
"T-FY01","1010","5710.66","1",
"T-FY02","1010","5710.66","1",
"T-FY03","1010","5710.66","1",
"T-FY04","1010","5710.66","1",
"T-FY05","1010","5710.66","1",
"T-FY06","1010","5710.66","1",
"T-FY07","1010","5710.66","1",
"T-FY08","1010","5710.66","1",
"T-FY09","1010","5710.66","1",
"T-FY10","1010","5710.66","1",
"T-FY100","1010","2169.90","1",
"T-FY101","1010","2169.90","1",
"T-FY102","1010","2169.90","1",
"T-FY103","1010","2169.90","1",
"T-FY104","1010","2169.90","1",
"T-FY105","1010","2169.90","1",
"T-FY106","1010","2169.90","1",
"T-FY107","1010","2169.90","1",
"T-FY108","1010","2169.90","1",
"T-FY109","1010","2169.90","1",
"T-FY11","1010","5710.66","1",
"T-FY110","1010","2169.90","1",
"T-FY111","1010","2169.90","1",
"T-FY112","1010","2169.90","1",
"T-FY113","1010","2169.90","1",
"T-FY114","1010","2169.90","1",
"T-FY115","1010","2169.90","1",
"T-FY116","1010","2169.90","1",
"T-FY117","1010","2169.90","1",
"T-FY118","1010","2169.90","1",
"T-FY119","1010","2169.90","1",
"T-FY12","1010","5710.66","1",
"T-FY120","1010","2169.90","1",
"T-FY121","1010","2169.90","1",
"T-FY122","1010","2169.90","1",
"T-FY123","1010","2169.90","1",
"T-FY124","1010","2169.90","1",
"T-FY125","1010","2169.90","1",
"T-FY126","1010","2169.90","1",
"T-FY127","1010","2169.90","1",
"T-FY128","1010","2169.90","1",
"T-FY129","1010","2169.90","1",
"T-FY13","1010","5710.66","1",
"T-FY130","1010","2169.90","1",
"T-FY131","1010","2169.90","1",
"T-FY132","1010","2169.90","1",
"T-FY133","1010","2169.90","1",
"T-FY134","1010","2169.90","1",
"T-FY135","1010","2169.90","1",
"T-FY136","1010","2169.90","1",
"T-FY137","1010","2169.90","1",
"T-FY138","1010","2169.90","1",
"T-FY139","1010","2169.90","1",
"T-FY14","1010","5710.66","1",
"T-FY140","1010","2169.90","1",
"T-FY141","1010","2169.90","1",
"T-FY142","1010","2169.90","1",
"T-FY143","1010","2169.90","1",
"T-FY144","1010","2169.90","1",
"T-FY145","1010","2169.90","1",
"T-FY146","1010","2169.90","1",
"T-FY147","1010","2169.90","1",
"T-FY148","1010","2169.90","1",
"T-FY149","1010","2169.90","1",
"T-FY15","1010","5710.66","1",
"T-FY150","1010","2169.90","1",
"T-FY151","1010","2169.90","1",
"T-FY152","1010","2169.90","1",
"T-FY153","1010","2169.90","1",
"T-FY154","1010","2169.90","1",
"T-FY155","1010","2169.90","1",
"T-FY156","1010","2169.90","1",
"T-FY157","1010","2169.90","1",
"T-FY158","1010","2169.90","1",
"T-FY159","1010","2169.90","1",
"T-FY16","1010","5710.66","1",
"T-FY160","1010","2169.90","1",
"T-FY161","1010","2169.90","1",
"T-FY162","1010","2169.90","1",
"T-FY163","1010","2169.90","1",
"T-FY164","1010","2169.90","1",
"T-FY165","1010","2169.90","1",
"T-FY166","1010","2169.90","1",
"T-FY167","1010","2169.90","1",
"T-FY168","1010","2169.90","1",
"T-FY169","1010","2169.90","1",
"T-FY17","1010","5710.66","1",
"T-FY170","1010","2169.90","1",
"T-FY171","1010","2169.90","1",
"T-FY172","1010","2169.90","1",
"T-FY173","1010","2169.90","1",
"T-FY174","1010","2169.90","1",
"T-FY175","1010","2169.90","1",
"T-FY176","1010","2169.90","1",
"T-FY177","1010","2169.90","1",
"T-FY178","1010","2169.90","1",
"T-FY179","1010","2169.90","1",
"T-FY18","1010","5710.66","1",
"T-FY180","1010","2169.90","1",
"T-FY181","1010","2169.90","1",
"T-FY182","1010","2169.90","1",
"T-FY183","1010","2169.90","1",
"T-FY184","1010","2169.90","1",
"T-FY185","1010","2169.90","1",
"T-FY186","1010","2169.90","1",
"T-FY187","1010","2169.90","1",
"T-FY188","1010","2169.90","1",
"T-FY189","1010","2169.90","1",
"T-FY19","1010","5710.66","1",
"T-FY190","1010","2169.90","1",
"T-FY191","1010","2169.90","1",
"T-FY192","1010","2169.90","1",
"T-FY193","1010","2169.90","1",
"T-FY194","1010","2169.90","1",
"T-FY195","1010","2169.90","1",
"T-FY196","1010","2169.90","1",
"T-FY197","1010","2169.90","1",
"T-FY198","1010","2169.90","1",
"T-FY199","1010","2169.90","1",
"T-FY20","1010","5710.66","1",
"T-FY21","1010","5710.66","1",
"T-FY22","1010","5710.66","1",
"T-FY23","1010","5710.66","1",
"T-FY24","1010","5710.66","1",
"T-FY25","1010","5710.66","1",
"T-FY26","1010","5710.66","1",
"T-FY27","1010","5710.66","1",
"T-FY28","1010","5710.66","1",
"T-FY29","1010","5710.66","1",
"T-FY30","1010","5710.66","1",
"T-FY31","1010","5710.66","1",
"T-FY32","1010","5710.66","1",
"T-FY33","1010","5710.66","1",
"T-FY34","1010","5710.66","1",
"T-FY35","1010","5710.66","1",
"T-FY36","1010","5710.66","1",
"T-FY37","1010","5710.66","1",
"T-FY38","1010","5710.66","1",
"T-FY39","1010","5710.66","1",
"T-FY40","1010","5710.66","1",
"T-FY41","1010","5710.66","1",
"T-FY42","1010","5710.66","1",
"T-FY43","1010","5710.66","1",
"T-FY44","1010","5710.66","1",
"T-FY45","1010","5710.66","1",
"T-FY46","1010","5710.66","1",
"T-FY47","1010","5710.66","1",
"T-FY48","1010","5710.66","1",
"T-FY49","1010","5710.66","1",
"T-FY50","1010","5710.66","1",
"T-FY51","1010","5710.66","1",
"T-FY52","1010","5710.66","1",
"T-FY53","1010","5710.66","1",
"T-FY54","1010","5710.66","1",
"T-FY55","1010","5710.66","1",
"T-FY56","1010","5710.66","1",
"T-FY57","1010","5710.66","1",
"T-FY58","1010","5710.66","1",
"T-FY59","1010","5710.66","1",
"T-FY60","1010","5710.66","1",
"T-FY61","1010","5710.66","1",
"T-FY62","1010","5710.66","1",
"T-FY63","1010","5710.66","1",
"T-FY64","1010","5710.66","1",
"T-FY65","1010","5710.66","1",
"T-FY66","1010","5710.66","1",
"T-FY67","1010","5710.66","1",
"T-FY68","1010","5710.66","1",
"T-FY69","1010","5710.66","1",
"T-FY70","1010","5710.66","1",
"T-FY71","1010","5710.66","1",
"T-FY72","1010","5710.66","1",
"T-FY73","1010","5710.66","1",
"T-FY74","1010","5710.66","1",
"T-FY75","1010","5710.66","1",
"T-FY76","1010","5710.66","1",
"T-FY77","1010","5710.66","1",
"T-FY78","1010","5710.66","1",
"T-FY79","1010","5710.66","1",
"T-FY80","1010","5710.66","1",
"T-FY81","1010","5710.66","1",
"T-FY82","1010","5710.66","1",
"T-FY83","1010","5710.66","1",
"T-FY84","1010","5710.66","1",
"T-FY85","1010","5710.66","1",
"T-FY86","1010","5710.66","1",
"T-FY87","1010","5710.66","1",
"T-FY88","1010","5710.66","1",
"T-FY89","1010","5710.66","1",
"T-FY90","1010","5710.66","1",
"T-FY91","1010","5710.66","1",
"T-FY92","1010","5710.66","1",
"T-FY93","1010","5710.66","1",
"T-FY94","1010","5710.66","1",
"T-FY95","1010","5710.66","1",
"T-FY96","1010","5710.66","1",
"T-FY97","1010","5710.66","1",
"T-FY98","1010","5710.66","1",
"T-FY99","1010","5710.66","1",
"T-FZ00","1010","5710.66","1",
"T-FZ01","1010","5710.66","1",
"T-FZ02","1010","5710.66","1",
"T-FZ03","1010","5710.66","1",
"T-FZ04","1010","5710.66","1",
"T-FZ05","1010","5710.66","1",
"T-FZ06","1010","5710.66","1",
"T-FZ07","1010","5710.66","1",
"T-FZ08","1010","5710.66","1",
"T-FZ09","1010","5710.66","1",
"T-FZ10","1010","5710.66","1",
"T-FZ100","1010","2169.90","1",
"T-FZ101","1010","2169.90","1",
"T-FZ102","1010","2169.90","1",
"T-FZ103","1010","2169.90","1",
"T-FZ104","1010","2169.90","1",
"T-FZ105","1010","2169.90","1",
"T-FZ106","1010","2169.90","1",
"T-FZ107","1010","2169.90","1",
"T-FZ108","1010","2169.90","1",
"T-FZ109","1010","2169.90","1",
"T-FZ11","1010","5710.66","1",
"T-FZ110","1010","2169.90","1",
"T-FZ111","1010","2169.90","1",
"T-FZ112","1010","2169.90","1",
"T-FZ113","1010","2169.90","1",
"T-FZ114","1010","2169.90","1",
"T-FZ115","1010","2169.90","1",
"T-FZ116","1010","2169.90","1",
"T-FZ117","1010","2169.90","1",
"T-FZ118","1010","2169.90","1",
"T-FZ119","1010","2169.90","1",
"T-FZ12","1010","5710.66","1",
"T-FZ120","1010","2169.90","1",
"T-FZ121","1010","2169.90","1",
"T-FZ122","1010","2169.90","1",
"T-FZ123","1010","2169.90","1",
"T-FZ124","1010","2169.90","1",
"T-FZ125","1010","2169.90","1",
"T-FZ126","1010","2169.90","1",
"T-FZ127","1010","2169.90","1",
"T-FZ128","1010","2169.90","1",
"T-FZ129","1010","2169.90","1",
"T-FZ13","1010","5710.66","1",
"T-FZ130","1010","2169.90","1",
"T-FZ131","1010","2169.90","1",
"T-FZ132","1010","2169.90","1",
"T-FZ133","1010","2169.90","1",
"T-FZ134","1010","2169.90","1",
"T-FZ135","1010","2169.90","1",
"T-FZ136","1010","2169.90","1",
"T-FZ137","1010","2169.90","1",
"T-FZ138","1010","2169.90","1",
"T-FZ139","1010","2169.90","1",
"T-FZ14","1010","5710.66","1",
"T-FZ140","1010","2169.90","1",
"T-FZ141","1010","2169.90","1",
"T-FZ142","1010","2169.90","1",
"T-FZ143","1010","2169.90","1",
"T-FZ144","1010","2169.90","1",
"T-FZ145","1010","2169.90","1",
"T-FZ146","1010","2169.90","1",
"T-FZ147","1010","2169.90","1",
"T-FZ148","1010","2169.90","1",
"T-FZ149","1010","2169.90","1",
"T-FZ15","1010","5710.66","1",
"T-FZ150","1010","2169.90","1",
"T-FZ151","1010","2169.90","1",
"T-FZ152","1010","2169.90","1",
"T-FZ153","1010","2169.90","1",
"T-FZ154","1010","2169.90","1",
"T-FZ155","1010","2169.90","1",
"T-FZ156","1010","2169.90","1",
"T-FZ157","1010","2169.90","1",
"T-FZ158","1010","2169.90","1",
"T-FZ159","1010","2169.90","1",
"T-FZ16","1010","5710.66","1",
"T-FZ160","1010","2169.90","1",
"T-FZ161","1010","2169.90","1",
"T-FZ162","1010","2169.90","1",
"T-FZ163","1010","2169.90","1",
"T-FZ164","1010","2169.90","1",
"T-FZ165","1010","2169.90","1",
"T-FZ166","1010","2169.90","1",
"T-FZ167","1010","2169.90","1",
"T-FZ168","1010","2169.90","1",
"T-FZ169","1010","2169.90","1",
"T-FZ17","1010","5710.66","1",
"T-FZ170","1010","2169.90","1",
"T-FZ171","1010","2169.90","1",
"T-FZ172","1010","2169.90","1",
"T-FZ173","1010","2169.90","1",
"T-FZ174","1010","2169.90","1",
"T-FZ175","1010","2169.90","1",
"T-FZ176","1010","2169.90","1",
"T-FZ177","1010","2169.90","1",
"T-FZ178","1010","2169.90","1",
"T-FZ179","1010","2169.90","1",
"T-FZ18","1010","5710.66","1",
"T-FZ180","1010","2169.90","1",
"T-FZ181","1010","2169.90","1",
"T-FZ182","1010","2169.90","1",
"T-FZ183","1010","2169.90","1",
"T-FZ184","1010","2169.90","1",
"T-FZ185","1010","2169.90","1",
"T-FZ186","1010","2169.90","1",
"T-FZ187","1010","2169.90","1",
"T-FZ188","1010","2169.90","1",
"T-FZ189","1010","2169.90","1",
"T-FZ19","1010","5710.66","1",
"T-FZ190","1010","2169.90","1",
"T-FZ191","1010","2169.90","1",
"T-FZ192","1010","2169.90","1",
"T-FZ193","1010","2169.90","1",
"T-FZ194","1010","2169.90","1",
"T-FZ195","1010","2169.90","1",
"T-FZ196","1010","2169.90","1",
"T-FZ197","1010","2169.90","1",
"T-FZ198","1010","2169.90","1",
"T-FZ199","1010","2169.90","1",
"T-FZ20","1010","5710.66","1",
"T-FZ21","1010","5710.66","1",
"T-FZ22","1010","5710.66","1",
"T-FZ23","1010","5710.66","1",
"T-FZ24","1010","5710.66","1",
"T-FZ25","1010","5710.66","1",
"T-FZ26","1010","5710.66","1",
"T-FZ27","1010","5710.66","1",
"T-FZ28","1010","5710.66","1",
"T-FZ29","1010","5710.66","1",
"T-FZ30","1010","5710.66","1",
"T-FZ31","1010","5710.66","1",
"T-FZ32","1010","5710.66","1",
"T-FZ33","1010","5710.66","1",
"T-FZ34","1010","5710.66","1",
"T-FZ35","1010","5710.66","1",
"T-FZ36","1010","5710.66","1",
"T-FZ37","1010","5710.66","1",
"T-FZ38","1010","5710.66","1",
"T-FZ39","1010","5710.66","1",
"T-FZ40","1010","5710.66","1",
"T-FZ41","1010","5710.66","1",
"T-FZ42","1010","5710.66","1",
"T-FZ43","1010","5710.66","1",
"T-FZ44","1010","5710.66","1",
"T-FZ45","1010","5710.66","1",
"T-FZ46","1010","5710.66","1",
"T-FZ47","1010","5710.66","1",
"T-FZ48","1010","5710.66","1",
"T-FZ49","1010","5710.66","1",
"T-FZ50","1010","5710.66","1",
"T-FZ51","1010","5710.66","1",
"T-FZ52","1010","5710.66","1",
"T-FZ53","1010","5710.66","1",
"T-FZ54","1010","5710.66","1",
"T-FZ55","1010","5710.66","1",
"T-FZ56","1010","5710.66","1",
"T-FZ57","1010","5710.66","1",
"T-FZ58","1010","5710.66","1",
"T-FZ59","1010","5710.66","1",
"T-FZ60","1010","5710.66","1",
"T-FZ61","1010","5710.66","1",
"T-FZ62","1010","5710.66","1",
"T-FZ63","1010","5710.66","1",
"T-FZ64","1010","5710.66","1",
"T-FZ65","1010","5710.66","1",
"T-FZ66","1010","5710.66","1",
"T-FZ67","1010","5710.66","1",
"T-FZ68","1010","5710.66","1",
"T-FZ69","1010","5710.66","1",
"T-FZ70","1010","5710.66","1",
"T-FZ71","1010","5710.66","1",
"T-FZ72","1010","5710.66","1",
"T-FZ73","1010","5710.66","1",
"T-FZ74","1010","5710.66","1",
"T-FZ75","1010","5710.66","1",
"T-FZ76","1010","5710.66","1",
"T-FZ77","1010","5710.66","1",
"T-FZ78","1010","5710.66","1",
"T-FZ79","1010","5710.66","1",
"T-FZ80","1010","5710.66","1",
"T-FZ81","1010","5710.66","1",
"T-FZ82","1010","5710.66","1",
"T-FZ83","1010","5710.66","1",
"T-FZ84","1010","5710.66","1",
"T-FZ85","1010","5710.66","1",
"T-FZ86","1010","5710.66","1",
"T-FZ87","1010","5710.66","1",
"T-FZ88","1010","5710.66","1",
"T-FZ89","1010","5710.66","1",
"T-FZ90","1010","5710.66","1",
"T-FZ91","1010","5710.66","1",
"T-FZ92","1010","5710.66","1",
"T-FZ93","1010","5710.66","1",
"T-FZ94","1010","5710.66","1",
"T-FZ95","1010","5710.66","1",
"T-FZ96","1010","5710.66","1",
"T-FZ97","1010","5710.66","1",
"T-FZ98","1010","5710.66","1",
"T-FZ99","1010","5710.66","1",
"T-G00","1010","0","1",
"T-ITH10000","1010","25.00","1",
"T-ITH10001","1010","25.00","1",
"T-ITH10002","1010","25.00","1",
"T-ITH10003","1010","25.00","1",
"T-ITH10004","1010","25.00","1",
"T-ITH10005","1010","25.00","1",
"T-ITH10006","1010","25.00","1",
"T-ITH10007","1010","25.00","1",
"T-ITH10008","1010","25.00","1",
"T-ITH10009","1010","25.00","1",
"T-ITH10010","1010","25.00","1",
"T-ITH10011","1010","25.00","1",
"T-ITH10012","1010","25.00","1",
"T-ITH10013","1010","25.00","1",
"T-ITH10014","1010","25.00","1",
"T-ITH10015","1010","25.00","1",
"T-ITH10016","1010","25.00","1",
"T-ITH10017","1010","25.00","1",
"T-ITH10018","1010","25.00","1",
"T-ITH10019","1010","25.00","1",
"T-ITH10020","1010","25.00","1",
"T-ITH10021","1010","25.00","1",
"T-ITH10022","1010","25.00","1",
"T-ITH10023","1010","25.00","1",
"T-ITH10024","1010","25.00","1",
"T-ITH10025","1010","25.00","1",
"T-ITH10026","1010","25.00","1",
"T-ITH10027","1010","25.00","1",
"T-ITH10028","1010","25.00","1",
"T-ITH10029","1010","25.00","1",
"T-ITH10030","1010","25.00","1",
"T-ITH10031","1010","25.00","1",
"T-ITH10032","1010","25.00","1",
"T-ITH10033","1010","25.00","1",
"T-ITH10034","1010","25.00","1",
"T-ITH10035","1010","25.00","1",
"T-ITH10036","1010","25.00","1",
"T-ITH10037","1010","25.00","1",
"T-ITH10038","1010","25.00","1",
"T-ITH10039","1010","25.00","1",
"T-ITH10040","1010","25.00","1",
"T-ITH10041","1010","25.00","1",
"T-ITH10042","1010","25.00","1",
"T-ITH10043","1010","25.00","1",
"T-ITH10044","1010","25.00","1",
"T-ITH10045","1010","25.00","1",
"T-ITH10046","1010","25.00","1",
"T-ITH10047","1010","25.00","1",
"T-ITH10048","1010","25.00","1",
"T-ITH10049","1010","25.00","1",
"T-ITH10050","1010","25.00","1",
"T-ITH10051","1010","25.00","1",
"T-ITH10052","1010","25.00","1",
"T-ITH10053","1010","25.00","1",
"T-ITH10054","1010","25.00","1",
"T-ITH10055","1010","25.00","1",
"T-ITH10056","1010","25.00","1",
"T-ITH10057","1010","25.00","1",
"T-ITH10058","1010","25.00","1",
"T-ITH10059","1010","25.00","1",
"T-ITH10060","1010","25.00","1",
"T-ITH10061","1010","25.00","1",
"T-ITH10062","1010","25.00","1",
"T-ITH10063","1010","25.00","1",
"T-ITH10064","1010","25.00","1",
"T-ITH10065","1010","25.00","1",
"T-ITH10066","1010","25.00","1",
"T-ITH10067","1010","25.00","1",
"T-ITH10068","1010","25.00","1",
"T-ITH10069","1010","25.00","1",
"T-ITH10070","1010","25.00","1",
"T-ITH10071","1010","25.00","1",
"T-ITH10072","1010","25.00","1",
"T-ITH10073","1010","25.00","1",
"T-ITH10074","1010","25.00","1",
"T-ITH10075","1010","25.00","1",
"T-ITH10076","1010","25.00","1",
"T-ITH10077","1010","25.00","1",
"T-ITH10078","1010","25.00","1",
"T-ITH10079","1010","25.00","1",
"T-ITH10080","1010","25.00","1",
"T-ITH10081","1010","25.00","1",
"T-ITH10082","1010","25.00","1",
"T-ITH10083","1010","25.00","1",
"T-ITH10084","1010","25.00","1",
"T-ITH10085","1010","25.00","1",
"T-ITH10086","1010","25.00","1",
"T-ITH10087","1010","25.00","1",
"T-ITH10088","1010","25.00","1",
"T-ITH10089","1010","25.00","1",
"T-ITH10090","1010","25.00","1",
"T-ITH10091","1010","25.00","1",
"T-ITH10092","1010","25.00","1",
"T-ITH10093","1010","25.00","1",
"T-ITH10094","1010","25.00","1",
"T-ITH10095","1010","25.00","1",
"T-ITH10096","1010","25.00","1",
"T-ITH10097","1010","25.00","1",
"T-ITH10098","1010","25.00","1",
"T-ITH10099","1010","25.00","1",
"T-MBRAIN00","1010","150.00","1",
"T-MBRAIN01","1010","150.00","1",
"T-MBTRAIN","1010","150.00","1",
"T-MBTRAIN01","1010","150.00","1",
"T-MBTRAIN02","1010","150.00","1",
"T-MBTRAIN03","1010","150.00","1",
"T-MBTRAIN04","1010","150.00","1",
"T-MBTRAIN05","1010","150.00","1",
"T-MBTRAIN06","1010","150.00","1",
"T-MBTRAIN07","1010","150.00","1",
"T-MBTRAIN08","1010","150.00","1",
"T-MBTRAIN09","1010","150.00","1",
"T-MBTRAIN10","1010","150.00","1",
"T-MBTRAIN11","1010","150.00","1",
"T-MBTRAIN12","1010","150.00","1",
"T-MBTRAIN13","1010","150.00","1",
"T-MBTRAIN14","1010","150.00","1",
"T-MBTRAIN15","1010","150.00","1",
"T-MBTRAIN16","1010","150.00","1",
"T-MBTRAIN17","1010","150.00","1",
"T-MBTRAIN18","1010","150.00","1",
"T-MBTRAIN19","1010","150.00","1",
"T-MBTRAIN20","1010","150.00","1",
"T-MBTRAIN21","1010","150.00","1",
"T-MBTRAIN22","1010","150.00","1",
"T-MBTRAIN23","1010","150.00","1",
"T-MBTRAIN24","1010","150.00","1",
"T-MBTRAIN25","1010","150.00","1",
"T-MBTRAIN26","1010","150.00","1",
"T-MBTRAIN27","1010","150.00","1",
"T-MBTRAIN28","1010","150.00","1",
"T-MBTRAIN29","1010","150.00","1",
"T-MBTRAIN30","1010","150.00","1",
"T-MS100","1010","22.50","1",
"T-MS101","1010","22.50","1",
"T-MS102","1010","22.50","1",
"T-MS103","1010","22.50","1",
"T-MS104","1010","22.50","1",
"T-MS105","1010","22.50","1",
"T-MS106","1010","22.50","1",
"T-MS107","1010","22.50","1",
"T-MS108","1010","22.50","1",
"T-MS109","1010","22.50","1",
"T-MS110","1010","22.50","1",
"T-MS111","1010","22.50","1",
"T-MS112","1010","22.50","1",
"T-MS113","1010","22.50","1",
"T-MS114","1010","22.50","1",
"T-MS115","1010","22.50","1",
"T-MS116","1010","22.50","1",
"T-MS117","1010","22.50","1",
"T-MS118","1010","22.50","1",
"T-MS119","1010","22.50","1",
"T-MS120","1010","22.50","1",
"T-MS121","1010","22.50","1",
"T-MS122","1010","22.50","1",
"T-MS123","1010","22.50","1",
"T-MS124","1010","22.50","1",
"T-MS125","1010","22.50","1",
"T-MS126","1010","22.50","1",
"T-MS127","1010","22.50","1",
"T-MS128","1010","22.50","1",
"T-MS129","1010","22.50","1",
"T-MS130","1010","22.50","1",
"T-MS131","1010","22.50","1",
"T-MS132","1010","22.50","1",
"T-MS133","1010","22.50","1",
"T-MS134","1010","22.50","1",
"T-MS135","1010","22.50","1",
"T-MS136","1010","22.50","1",
"T-MS137","1010","22.50","1",
"T-MS138","1010","22.50","1",
"T-MS139","1010","22.50","1",
"T-MS140","1010","22.50","1",
"T-MS141","1010","22.50","1",
"T-MS142","1010","22.50","1",
"T-MS143","1010","22.50","1",
"T-MS144","1010","22.50","1",
"T-MS145","1010","22.50","1",
"T-MS146","1010","22.50","1",
"T-MS147","1010","22.50","1",
"T-MS148","1010","22.50","1",
"T-MS149","1010","22.50","1",
"T-MS150","1010","22.50","1",
"T-MS151","1010","22.50","1",
"T-MS152","1010","22.50","1",
"T-MS153","1010","22.50","1",
"T-MS154","1010","22.50","1",
"T-MS155","1010","22.50","1",
"T-MS156","1010","22.50","1",
"T-MS157","1010","22.50","1",
"T-MS158","1010","22.50","1",
"T-MS159","1010","22.50","1",
"T-MS160","1010","22.50","1",
"T-MS161","1010","22.50","1",
"T-MS162","1010","22.50","1",
"T-MS163","1010","22.50","1",
"T-MS164","1010","22.50","1",
"T-MS165","1010","22.50","1",
"T-MS166","1010","22.50","1",
"T-MS167","1010","22.50","1",
"T-MS168","1010","22.50","1",
"T-MS169","1010","22.50","1",
"T-MS170","1010","22.50","1",
"T-MS171","1010","22.50","1",
"T-MS172","1010","22.50","1",
"T-MS173","1010","22.50","1",
"T-MS174","1010","22.50","1",
"T-MS175","1010","22.50","1",
"T-MS176","1010","22.50","1",
"T-MS177","1010","22.50","1",
"T-MS178","1010","22.50","1",
"T-MS179","1010","22.50","1",
"T-MS180","1010","22.50","1",
"T-MS181","1010","22.50","1",
"T-MS182","1010","22.50","1",
"T-MS183","1010","22.50","1",
"T-MS184","1010","22.50","1",
"T-MS185","1010","22.50","1",
"T-MS186","1010","22.50","1",
"T-MS187","1010","22.50","1",
"T-MS188","1010","22.50","1",
"T-MS189","1010","22.50","1",
"T-MS190","1010","22.50","1",
"T-MS191","1010","22.50","1",
"T-MS192","1010","22.50","1",
"T-MS193","1010","22.50","1",
"T-MS194","1010","22.50","1",
"T-MS195","1010","22.50","1",
"T-MS196","1010","22.50","1",
"T-MS197","1010","22.50","1",
"T-MS198","1010","22.50","1",
"T-MS199","1010","22.50","1",
"T-MS200","1010","11.76","1",
"T-MS201","1010","11.76","1",
"T-MS202","1010","11.76","1",
"T-MS203","1010","11.76","1",
"T-MS204","1010","11.76","1",
"T-MS205","1010","11.76","1",
"T-MS206","1010","11.76","1",
"T-MS207","1010","11.76","1",
"T-MS208","1010","11.76","1",
"T-MS209","1010","11.76","1",
"T-MS210","1010","11.76","1",
"T-MS211","1010","11.76","1",
"T-MS212","1010","11.76","1",
"T-MS213","1010","11.76","1",
"T-MS214","1010","11.76","1",
"T-MS215","1010","11.76","1",
"T-MS216","1010","11.76","1",
"T-MS217","1010","11.76","1",
"T-MS218","1010","11.76","1",
"T-MS219","1010","11.76","1",
"T-MS220","1010","11.76","1",
"T-MS221","1010","11.76","1",
"T-MS222","1010","11.76","1",
"T-MS223","1010","11.76","1",
"T-MS224","1010","11.76","1",
"T-MS225","1010","11.76","1",
"T-MS226","1010","11.76","1",
"T-MS227","1010","11.76","1",
"T-MS228","1010","11.76","1",
"T-MS229","1010","11.76","1",
"T-MS230","1010","11.76","1",
"T-MS231","1010","11.76","1",
"T-MS232","1010","11.76","1",
"T-MS233","1010","11.76","1",
"T-MS234","1010","11.76","1",
"T-MS235","1010","11.76","1",
"T-MS236","1010","11.76","1",
"T-MS237","1010","11.76","1",
"T-MS238","1010","11.76","1",
"T-MS239","1010","11.76","1",
"T-MS240","1010","11.76","1",
"T-MS241","1010","11.76","1",
"T-MS242","1010","11.76","1",
"T-MS243","1010","11.76","1",
"T-MS244","1010","11.76","1",
"T-MS245","1010","11.76","1",
"T-MS246","1010","11.76","1",
"T-MS247","1010","11.76","1",
"T-MS248","1010","11.76","1",
"T-MS249","1010","11.76","1",
"T-MS250","1010","11.76","1",
"T-MS251","1010","11.76","1",
"T-MS252","1010","11.76","1",
"T-MS253","1010","11.76","1",
"T-MS254","1010","11.76","1",
"T-MS255","1010","11.76","1",
"T-MS256","1010","11.76","1",
"T-MS257","1010","11.76","1",
"T-MS258","1010","11.76","1",
"T-MS259","1010","11.76","1",
"T-MS260","1010","11.76","1",
"T-MS261","1010","11.76","1",
"T-MS262","1010","11.76","1",
"T-MS263","1010","11.76","1",
"T-MS264","1010","11.76","1",
"T-MS265","1010","11.76","1",
"T-MS266","1010","11.76","1",
"T-MS267","1010","11.76","1",
"T-MS268","1010","11.76","1",
"T-MS269","1010","11.76","1",
"T-MS270","1010","11.76","1",
"T-MS271","1010","11.76","1",
"T-MS272","1010","11.76","1",
"T-MS273","1010","11.76","1",
"T-MS274","1010","11.76","1",
"T-MS275","1010","11.76","1",
"T-MS276","1010","11.76","1",
"T-MS277","1010","11.76","1",
"T-MS278","1010","11.76","1",
"T-MS279","1010","11.76","1",
"T-MS280","1010","11.76","1",
"T-MS281","1010","11.76","1",
"T-MS282","1010","11.76","1",
"T-MS283","1010","11.76","1",
"T-MS284","1010","11.76","1",
"T-MS285","1010","11.76","1",
"T-MS286","1010","11.76","1",
"T-MS287","1010","11.76","1",
"T-MS288","1010","11.76","1",
"T-MS289","1010","11.76","1",
"T-MS290","1010","11.76","1",
"T-MS291","1010","11.76","1",
"T-MS292","1010","11.76","1",
"T-MS293","1010","11.76","1",
"T-MS294","1010","11.76","1",
"T-MS295","1010","11.76","1",
"T-MS296","1010","11.76","1",
"T-MS297","1010","11.76","1",
"T-MS298","1010","11.76","1",
"T-MS299","1010","11.76","1",
"T-MS300","1010","33.01","1",
"T-MS301","1010","33.01","1",
"T-MS302","1010","33.01","1",
"T-MS303","1010","33.01","1",
"T-MS304","1010","33.01","1",
"T-MS305","1010","33.01","1",
"T-MS306","1010","33.01","1",
"T-MS307","1010","33.01","1",
"T-MS308","1010","33.01","1",
"T-MS309","1010","33.01","1",
"T-MS310","1010","33.01","1",
"T-MS311","1010","33.01","1",
"T-MS312","1010","33.01","1",
"T-MS313","1010","33.01","1",
"T-MS314","1010","33.01","1",
"T-MS315","1010","33.01","1",
"T-MS316","1010","33.01","1",
"T-MS317","1010","33.01","1",
"T-MS318","1010","33.01","1",
"T-MS319","1010","33.01","1",
"T-MS320","1010","33.01","1",
"T-MS321","1010","33.01","1",
"T-MS322","1010","33.01","1",
"T-MS323","1010","33.01","1",
"T-MS324","1010","33.01","1",
"T-MS325","1010","33.01","1",
"T-MS326","1010","33.01","1",
"T-MS327","1010","33.01","1",
"T-MS328","1010","33.01","1",
"T-MS329","1010","33.01","1",
"T-MS330","1010","33.01","1",
"T-MS331","1010","33.01","1",
"T-MS332","1010","33.01","1",
"T-MS333","1010","33.01","1",
"T-MS334","1010","33.01","1",
"T-MS335","1010","33.01","1",
"T-MS336","1010","33.01","1",
"T-MS337","1010","33.01","1",
"T-MS338","1010","33.01","1",
"T-MS339","1010","33.01","1",
"T-MS340","1010","33.01","1",
"T-MS341","1010","33.01","1",
"T-MS342","1010","33.01","1",
"T-MS343","1010","33.01","1",
"T-MS344","1010","33.01","1",
"T-MS345","1010","33.01","1",
"T-MS346","1010","33.01","1",
"T-MS347","1010","33.01","1",
"T-MS348","1010","33.01","1",
"T-MS349","1010","33.01","1",
"T-MS350","1010","33.01","1",
"T-MS351","1010","33.01","1",
"T-MS352","1010","33.01","1",
"T-MS353","1010","33.01","1",
"T-MS354","1010","33.01","1",
"T-MS355","1010","33.01","1",
"T-MS356","1010","33.01","1",
"T-MS357","1010","33.01","1",
"T-MS358","1010","33.01","1",
"T-MS359","1010","33.01","1",
"T-MS360","1010","33.01","1",
"T-MS361","1010","33.01","1",
"T-MS362","1010","33.01","1",
"T-MS363","1010","33.01","1",
"T-MS364","1010","33.01","1",
"T-MS365","1010","33.01","1",
"T-MS366","1010","33.01","1",
"T-MS367","1010","33.01","1",
"T-MS368","1010","33.01","1",
"T-MS369","1010","33.01","1",
"T-MS370","1010","33.01","1",
"T-MS371","1010","33.01","1",
"T-MS372","1010","33.01","1",
"T-MS373","1010","33.01","1",
"T-MS374","1010","33.01","1",
"T-MS375","1010","33.01","1",
"T-MS376","1010","33.01","1",
"T-MS377","1010","33.01","1",
"T-MS378","1010","33.01","1",
"T-MS379","1010","33.01","1",
"T-MS380","1010","33.01","1",
"T-MS381","1010","33.01","1",
"T-MS382","1010","33.01","1",
"T-MS383","1010","33.01","1",
"T-MS384","1010","33.01","1",
"T-MS385","1010","33.01","1",
"T-MS386","1010","33.01","1",
"T-MS387","1010","33.01","1",
"T-MS388","1010","33.01","1",
"T-MS389","1010","33.01","1",
"T-MS390","1010","33.01","1",
"T-MS391","1010","33.01","1",
"T-MS392","1010","33.01","1",
"T-MS393","1010","33.01","1",
"T-MS394","1010","33.01","1",
"T-MS395","1010","33.01","1",
"T-MS396","1010","33.01","1",
"T-MS397","1010","33.01","1",
"T-MS398","1010","33.01","1",
"T-MS399","1010","33.01","1",
"T-PKP100","1010","0","1",
"T-PM1000","1010","52.91","1",
"T-PM2000","1010","1500.00","1",
"T-PM2100","1010","1500.00","1",
"T-PM2200","1010","1500.00","1",
"T-PM2300","1010","1500.00","1",
"T-PM2400","1010","1500.00","1",
"T-PM2500","1010","1500.00","1",
"T-PM2600","1010","1500.00","1",
"T-PM2700","1010","1500.00","1",
"T-PM2800","1010","1500.00","1",
"T-PM2900","1010","1500.00","1",
"T-PM7000","1010","52.91","1",
"T-PM7100","1010","52.91","1",
"T-PM8000","1010","3000.00","1",
"T-PM8000","1010","3000.00","1",
"T-PM8000","1010","2000.00","1",
"T-PM8000","1010","100.00","1",
"T-PM8001","1010","3000.00","1",
"T-PM8001","1010","3000.00","1",
"T-PM8001","1010","2000.00","1",
"T-PM8001","1010","100.00","1",
"T-PM8002","1010","3000.00","1",
"T-PM8002","1010","3000.00","1",
"T-PM8002","1010","2000.00","1",
"T-PM8002","1010","100.00","1",
"T-PM8003","1010","3000.00","1",
"T-PM8003","1010","3000.00","1",
"T-PM8003","1010","2000.00","1",
"T-PM8003","1010","100.00","1",
"T-PM8004","1010","3000.00","1",
"T-PM8004","1010","3000.00","1",
"T-PM8004","1010","2000.00","1",
"T-PM8004","1010","100.00","1",
"T-PM8005","1010","3000.00","1",
"T-PM8005","1010","3000.00","1",
"T-PM8005","1010","2000.00","1",
"T-PM8005","1010","100.00","1",
"T-PM8006","1010","3000.00","1",
"T-PM8006","1010","3000.00","1",
"T-PM8006","1010","2000.00","1",
"T-PM8006","1010","100.00","1",
"T-PM8007","1010","3000.00","1",
"T-PM8007","1010","3000.00","1",
"T-PM8007","1010","2000.00","1",
"T-PM8007","1010","100.00","1",
"T-PM8008","1010","3000.00","1",
"T-PM8008","1010","3000.00","1",
"T-PM8008","1010","2000.00","1",
"T-PM8008","1010","100.00","1",
"T-PM8009","1010","3000.00","1",
"T-PM8009","1010","3000.00","1",
"T-PM8009","1010","2000.00","1",
"T-PM8009","1010","100.00","1",
"T-PM8010","1010","3000.00","1",
"T-PM8010","1010","3000.00","1",
"T-PM8010","1010","2000.00","1",
"T-PM8010","1010","100.00","1",
"T-PM8011","1010","3000.00","1",
"T-PM8011","1010","3000.00","1",
"T-PM8011","1010","2000.00","1",
"T-PM8011","1010","100.00","1",
"T-PM8012","1010","3000.00","1",
"T-PM8012","1010","3000.00","1",
"T-PM8012","1010","2000.00","1",
"T-PM8012","1010","100.00","1",
"T-PM8013","1010","3000.00","1",
"T-PM8013","1010","3000.00","1",
"T-PM8013","1010","2000.00","1",
"T-PM8013","1010","100.00","1",
"T-PM8014","1010","3000.00","1",
"T-PM8014","1010","3000.00","1",
"T-PM8014","1010","2000.00","1",
"T-PM8014","1010","100.00","1",
"T-PM8015","1010","3000.00","1",
"T-PM8015","1010","3000.00","1",
"T-PM8015","1010","2000.00","1",
"T-PM8015","1010","100.00","1",
"T-PM8016","1010","3000.00","1",
"T-PM8016","1010","3000.00","1",
"T-PM8016","1010","2000.00","1",
"T-PM8016","1010","100.00","1",
"T-PM8017","1010","3000.00","1",
"T-PM8017","1010","3000.00","1",
"T-PM8017","1010","2000.00","1",
"T-PM8017","1010","100.00","1",
"T-PM8018","1010","3000.00","1",
"T-PM8018","1010","3000.00","1",
"T-PM8018","1010","2000.00","1",
"T-PM8018","1010","100.00","1",
"T-PM8019","1010","3000.00","1",
"T-PM8019","1010","3000.00","1",
"T-PM8019","1010","2000.00","1",
"T-PM8019","1010","100.00","1",
"T-PM8020","1010","3000.00","1",
"T-PM8020","1010","3000.00","1",
"T-PM8020","1010","2000.00","1",
"T-PM8020","1010","100.00","1",
"T-PM8021","1010","3000.00","1",
"T-PM8021","1010","3000.00","1",
"T-PM8021","1010","2000.00","1",
"T-PM8021","1010","100.00","1",
"T-PM8022","1010","3000.00","1",
"T-PM8022","1010","3000.00","1",
"T-PM8022","1010","2000.00","1",
"T-PM8022","1010","100.00","1",
"T-PM8023","1010","3000.00","1",
"T-PM8023","1010","3000.00","1",
"T-PM8023","1010","2000.00","1",
"T-PM8023","1010","100.00","1",
"T-PM8024","1010","3000.00","1",
"T-PM8024","1010","3000.00","1",
"T-PM8024","1010","2000.00","1",
"T-PM8024","1010","100.00","1",
"T-PM8025","1010","3000.00","1",
"T-PM8025","1010","3000.00","1",
"T-PM8025","1010","2000.00","1",
"T-PM8025","1010","100.00","1",
"T-PM8026","1010","3000.00","1",
"T-PM8026","1010","3000.00","1",
"T-PM8026","1010","2000.00","1",
"T-PM8026","1010","100.00","1",
"T-PM8027","1010","3000.00","1",
"T-PM8027","1010","3000.00","1",
"T-PM8027","1010","2000.00","1",
"T-PM8027","1010","100.00","1",
"T-PM8028","1010","3000.00","1",
"T-PM8028","1010","3000.00","1",
"T-PM8028","1010","2000.00","1",
"T-PM8028","1010","100.00","1",
"T-PM8029","1010","3000.00","1",
"T-PM8029","1010","3000.00","1",
"T-PM8029","1010","2000.00","1",
"T-PM8029","1010","100.00","1",
"T-PM8030","1010","3000.00","1",
"T-PM8030","1010","3000.00","1",
"T-PM8030","1010","2000.00","1",
"T-PM8030","1010","100.00","1",
"T-PM8031","1010","3000.00","1",
"T-PM8031","1010","3000.00","1",
"T-PM8031","1010","2000.00","1",
"T-PM8031","1010","100.00","1",
"T-PM8032","1010","3000.00","1",
"T-PM8032","1010","3000.00","1",
"T-PM8032","1010","2000.00","1",
"T-PM8032","1010","100.00","1",
"T-PM8033","1010","3000.00","1",
"T-PM8033","1010","3000.00","1",
"T-PM8033","1010","2000.00","1",
"T-PM8033","1010","100.00","1",
"T-PM8034","1010","3000.00","1",
"T-PM8034","1010","3000.00","1",
"T-PM8034","1010","2000.00","1",
"T-PM8034","1010","100.00","1",
"T-PM8035","1010","3000.00","1",
"T-PM8035","1010","3000.00","1",
"T-PM8035","1010","2000.00","1",
"T-PM8035","1010","100.00","1",
"T-PM8036","1010","3000.00","1",
"T-PM8036","1010","3000.00","1",
"T-PM8036","1010","2000.00","1",
"T-PM8036","1010","100.00","1",
"T-PM8037","1010","3000.00","1",
"T-PM8037","1010","3000.00","1",
"T-PM8037","1010","2000.00","1",
"T-PM8037","1010","100.00","1",
"T-PM8038","1010","3000.00","1",
"T-PM8038","1010","3000.00","1",
"T-PM8038","1010","2000.00","1",
"T-PM8038","1010","100.00","1",
"T-PM8039","1010","3000.00","1",
"T-PM8039","1010","3000.00","1",
"T-PM8039","1010","2000.00","1",
"T-PM8039","1010","100.00","1",
"T-PM8040","1010","3000.00","1",
"T-PM8040","1010","3000.00","1",
"T-PM8040","1010","2000.00","1",
"T-PM8040","1010","100.00","1",
"T-PM8041","1010","3000.00","1",
"T-PM8041","1010","3000.00","1",
"T-PM8041","1010","2000.00","1",
"T-PM8041","1010","100.00","1",
"T-PM8042","1010","3000.00","1",
"T-PM8042","1010","3000.00","1",
"T-PM8042","1010","2000.00","1",
"T-PM8042","1010","100.00","1",
"T-PM8043","1010","3000.00","1",
"T-PM8043","1010","3000.00","1",
"T-PM8043","1010","2000.00","1",
"T-PM8043","1010","100.00","1",
"T-PM8044","1010","3000.00","1",
"T-PM8044","1010","3000.00","1",
"T-PM8044","1010","2000.00","1",
"T-PM8044","1010","100.00","1",
"T-PM8045","1010","3000.00","1",
"T-PM8045","1010","3000.00","1",
"T-PM8045","1010","2000.00","1",
"T-PM8045","1010","100.00","1",
"T-PM8046","1010","3000.00","1",
"T-PM8046","1010","3000.00","1",
"T-PM8046","1010","2000.00","1",
"T-PM8046","1010","100.00","1",
"T-PM8047","1010","3000.00","1",
"T-PM8047","1010","3000.00","1",
"T-PM8047","1010","2000.00","1",
"T-PM8047","1010","100.00","1",
"T-PM8048","1010","3000.00","1",
"T-PM8048","1010","3000.00","1",
"T-PM8048","1010","2000.00","1",
"T-PM8048","1010","100.00","1",
"T-PM8049","1010","3000.00","1",
"T-PM8049","1010","3000.00","1",
"T-PM8049","1010","2000.00","1",
"T-PM8049","1010","100.00","1",
"T-PM8050","1010","3000.00","1",
"T-PM8050","1010","3000.00","1",
"T-PM8050","1010","2000.00","1",
"T-PM8050","1010","100.00","1",
"T-PM8051","1010","3000.00","1",
"T-PM8051","1010","3000.00","1",
"T-PM8051","1010","2000.00","1",
"T-PM8051","1010","100.00","1",
"T-PM8052","1010","3000.00","1",
"T-PM8052","1010","3000.00","1",
"T-PM8052","1010","2000.00","1",
"T-PM8052","1010","100.00","1",
"T-PM8053","1010","3000.00","1",
"T-PM8053","1010","3000.00","1",
"T-PM8053","1010","2000.00","1",
"T-PM8053","1010","100.00","1",
"T-PM8054","1010","3000.00","1",
"T-PM8054","1010","3000.00","1",
"T-PM8054","1010","2000.00","1",
"T-PM8054","1010","100.00","1",
"T-PM8055","1010","3000.00","1",
"T-PM8055","1010","3000.00","1",
"T-PM8055","1010","2000.00","1",
"T-PM8055","1010","100.00","1",
"T-PM8056","1010","3000.00","1",
"T-PM8056","1010","3000.00","1",
"T-PM8056","1010","2000.00","1",
"T-PM8056","1010","100.00","1",
"T-PM8057","1010","3000.00","1",
"T-PM8057","1010","3000.00","1",
"T-PM8057","1010","2000.00","1",
"T-PM8057","1010","100.00","1",
"T-PM8058","1010","3000.00","1",
"T-PM8058","1010","3000.00","1",
"T-PM8058","1010","2000.00","1",
"T-PM8058","1010","100.00","1",
"T-PM8059","1010","3000.00","1",
"T-PM8059","1010","3000.00","1",
"T-PM8059","1010","2000.00","1",
"T-PM8059","1010","100.00","1",
"T-PM8060","1010","3000.00","1",
"T-PM8060","1010","3000.00","1",
"T-PM8060","1010","2000.00","1",
"T-PM8060","1010","100.00","1",
"T-PM8061","1010","3000.00","1",
"T-PM8061","1010","3000.00","1",
"T-PM8061","1010","2000.00","1",
"T-PM8061","1010","100.00","1",
"T-PM8062","1010","3000.00","1",
"T-PM8062","1010","3000.00","1",
"T-PM8062","1010","2000.00","1",
"T-PM8062","1010","100.00","1",
"T-PM8063","1010","3000.00","1",
"T-PM8063","1010","3000.00","1",
"T-PM8063","1010","2000.00","1",
"T-PM8063","1010","100.00","1",
"T-PM8064","1010","3000.00","1",
"T-PM8064","1010","3000.00","1",
"T-PM8064","1010","2000.00","1",
"T-PM8064","1010","100.00","1",
"T-PM8065","1010","3000.00","1",
"T-PM8065","1010","3000.00","1",
"T-PM8065","1010","2000.00","1",
"T-PM8065","1010","100.00","1",
"T-PM8066","1010","3000.00","1",
"T-PM8066","1010","3000.00","1",
"T-PM8066","1010","2000.00","1",
"T-PM8066","1010","100.00","1",
"T-PM8067","1010","3000.00","1",
"T-PM8067","1010","3000.00","1",
"T-PM8067","1010","2000.00","1",
"T-PM8067","1010","100.00","1",
"T-PM8068","1010","3000.00","1",
"T-PM8068","1010","3000.00","1",
"T-PM8068","1010","2000.00","1",
"T-PM8068","1010","100.00","1",
"T-PM8069","1010","3000.00","1",
"T-PM8069","1010","3000.00","1",
"T-PM8069","1010","2000.00","1",
"T-PM8069","1010","100.00","1",
"T-PM8070","1010","3000.00","1",
"T-PM8070","1010","3000.00","1",
"T-PM8070","1010","2000.00","1",
"T-PM8070","1010","100.00","1",
"T-PM8071","1010","3000.00","1",
"T-PM8071","1010","3000.00","1",
"T-PM8071","1010","2000.00","1",
"T-PM8071","1010","100.00","1",
"T-PM8072","1010","3000.00","1",
"T-PM8072","1010","3000.00","1",
"T-PM8072","1010","2000.00","1",
"T-PM8072","1010","100.00","1",
"T-PM8073","1010","3000.00","1",
"T-PM8073","1010","3000.00","1",
"T-PM8073","1010","2000.00","1",
"T-PM8073","1010","100.00","1",
"T-PM8074","1010","3000.00","1",
"T-PM8074","1010","3000.00","1",
"T-PM8074","1010","2000.00","1",
"T-PM8074","1010","100.00","1",
"T-PM8075","1010","3000.00","1",
"T-PM8075","1010","3000.00","1",
"T-PM8075","1010","2000.00","1",
"T-PM8075","1010","100.00","1",
"T-PM8076","1010","3000.00","1",
"T-PM8076","1010","3000.00","1",
"T-PM8076","1010","2000.00","1",
"T-PM8076","1010","100.00","1",
"T-PM8077","1010","3000.00","1",
"T-PM8077","1010","3000.00","1",
"T-PM8077","1010","2000.00","1",
"T-PM8077","1010","100.00","1",
"T-PM8078","1010","3000.00","1",
"T-PM8078","1010","3000.00","1",
"T-PM8078","1010","2000.00","1",
"T-PM8078","1010","100.00","1",
"T-PM8079","1010","3000.00","1",
"T-PM8079","1010","3000.00","1",
"T-PM8079","1010","2000.00","1",
"T-PM8079","1010","100.00","1",
"T-PM8080","1010","3000.00","1",
"T-PM8080","1010","3000.00","1",
"T-PM8080","1010","2000.00","1",
"T-PM8080","1010","100.00","1",
"T-PM8081","1010","3000.00","1",
"T-PM8081","1010","3000.00","1",
"T-PM8081","1010","2000.00","1",
"T-PM8081","1010","100.00","1",
"T-PM8082","1010","3000.00","1",
"T-PM8082","1010","3000.00","1",
"T-PM8082","1010","2000.00","1",
"T-PM8082","1010","100.00","1",
"T-PM8083","1010","3000.00","1",
"T-PM8083","1010","3000.00","1",
"T-PM8083","1010","2000.00","1",
"T-PM8083","1010","100.00","1",
"T-PM8084","1010","3000.00","1",
"T-PM8084","1010","3000.00","1",
"T-PM8084","1010","2000.00","1",
"T-PM8084","1010","100.00","1",
"T-PM8085","1010","3000.00","1",
"T-PM8085","1010","3000.00","1",
"T-PM8085","1010","2000.00","1",
"T-PM8085","1010","100.00","1",
"T-PM8086","1010","3000.00","1",
"T-PM8086","1010","3000.00","1",
"T-PM8086","1010","2000.00","1",
"T-PM8086","1010","100.00","1",
"T-PM8087","1010","3000.00","1",
"T-PM8087","1010","3000.00","1",
"T-PM8087","1010","2000.00","1",
"T-PM8087","1010","100.00","1",
"T-PM8088","1010","3000.00","1",
"T-PM8088","1010","3000.00","1",
"T-PM8088","1010","2000.00","1",
"T-PM8088","1010","100.00","1",
"T-PM8089","1010","3000.00","1",
"T-PM8089","1010","3000.00","1",
"T-PM8089","1010","2000.00","1",
"T-PM8089","1010","100.00","1",
"T-PM8090","1010","3000.00","1",
"T-PM8090","1010","3000.00","1",
"T-PM8090","1010","2000.00","1",
"T-PM8090","1010","100.00","1",
"T-PM8091","1010","3000.00","1",
"T-PM8091","1010","3000.00","1",
"T-PM8091","1010","2000.00","1",
"T-PM8091","1010","100.00","1",
"T-PM8092","1010","3000.00","1",
"T-PM8092","1010","3000.00","1",
"T-PM8092","1010","2000.00","1",
"T-PM8092","1010","100.00","1",
"T-PM8093","1010","3000.00","1",
"T-PM8093","1010","3000.00","1",
"T-PM8093","1010","2000.00","1",
"T-PM8093","1010","100.00","1",
"T-PM8094","1010","3000.00","1",
"T-PM8094","1010","3000.00","1",
"T-PM8094","1010","2000.00","1",
"T-PM8094","1010","100.00","1",
"T-PM8095","1010","3000.00","1",
"T-PM8095","1010","3000.00","1",
"T-PM8095","1010","2000.00","1",
"T-PM8095","1010","100.00","1",
"T-PM8096","1010","3000.00","1",
"T-PM8096","1010","3000.00","1",
"T-PM8096","1010","2000.00","1",
"T-PM8096","1010","100.00","1",
"T-PM8097","1010","3000.00","1",
"T-PM8097","1010","3000.00","1",
"T-PM8097","1010","2000.00","1",
"T-PM8097","1010","100.00","1",
"T-PM8098","1010","3000.00","1",
"T-PM8098","1010","3000.00","1",
"T-PM8098","1010","2000.00","1",
"T-PM8098","1010","100.00","1",
"T-PM8099","1010","3000.00","1",
"T-PM8099","1010","3000.00","1",
"T-PM8099","1010","2000.00","1",
"T-PM8099","1010","100.00","1",
"T-QF100","1010","10.00","1000",
"T-QF101","1010","10.00","1000",
"T-QF102","1010","10.00","1000",
"T-QF103","1010","10.00","1000",
"T-QF104","1010","10.00","1000",
"T-QF105","1010","10.00","1000",
"T-QF106","1010","10.00","1000",
"T-QF107","1010","10.00","1000",
"T-QF108","1010","10.00","1000",
"T-QF109","1010","10.00","1000",
"T-QF110","1010","10.00","1000",
"T-QF111","1010","10.00","1000",
"T-QF112","1010","10.00","1000",
"T-QF113","1010","10.00","1000",
"T-QF114","1010","10.00","1000",
"T-QF115","1010","10.00","1000",
"T-QF116","1010","10.00","1000",
"T-QF117","1010","10.00","1000",
"T-QF118","1010","10.00","1000",
"T-QF119","1010","10.00","1000",
"T-QF120","1010","10.00","1000",
"T-QF121","1010","10.00","1000",
"T-QF122","1010","10.00","1000",
"T-QF123","1010","10.00","1000",
"T-QF124","1010","10.00","1000",
"T-QF125","1010","10.00","1000",
"T-QF126","1010","10.00","1000",
"T-QF127","1010","10.00","1000",
"T-QF128","1010","10.00","1000",
"T-QF129","1010","10.00","1000",
"T-QF130","1010","10.00","1000",
"T-QF131","1010","10.00","1000",
"T-QF132","1010","10.00","1000",
"T-QF133","1010","10.00","1000",
"T-QF134","1010","10.00","1000",
"T-QF135","1010","10.00","1000",
"T-QF136","1010","10.00","1000",
"T-QF137","1010","10.00","1000",
"T-QF138","1010","10.00","1000",
"T-QF139","1010","10.00","1000",
"T-QF140","1010","10.00","1000",
"T-QF141","1010","10.00","1000",
"T-QF142","1010","10.00","1000",
"T-QF143","1010","10.00","1000",
"T-QF144","1010","10.00","1000",
"T-QF145","1010","10.00","1000",
"T-QF146","1010","10.00","1000",
"T-QF147","1010","10.00","1000",
"T-QF148","1010","10.00","1000",
"T-QF149","1010","10.00","1000",
"T-QF150","1010","10.00","1000",
"T-QF151","1010","10.00","1000",
"T-QF152","1010","10.00","1000",
"T-QF153","1010","10.00","1000",
"T-QF154","1010","10.00","1000",
"T-QF155","1010","10.00","1000",
"T-QF156","1010","10.00","1000",
"T-QF157","1010","10.00","1000",
"T-QF158","1010","10.00","1000",
"T-QF159","1010","10.00","1000",
"T-QF160","1010","10.00","1000",
"T-QF161","1010","10.00","1000",
"T-QF162","1010","10.00","1000",
"T-QF163","1010","10.00","1000",
"T-QF164","1010","10.00","1000",
"T-QF165","1010","10.00","1000",
"T-QF166","1010","10.00","1000",
"T-QF167","1010","10.00","1000",
"T-QF168","1010","10.00","1000",
"T-QF169","1010","10.00","1000",
"T-QF170","1010","10.00","1000",
"T-QF171","1010","10.00","1000",
"T-QF172","1010","10.00","1000",
"T-QF173","1010","10.00","1000",
"T-QF174","1010","10.00","1000",
"T-QF175","1010","10.00","1000",
"T-QF176","1010","10.00","1000",
"T-QF177","1010","10.00","1000",
"T-QF178","1010","10.00","1000",
"T-QF179","1010","10.00","1000",
"T-QF180","1010","10.00","1000",
"T-QF181","1010","10.00","1000",
"T-QF182","1010","10.00","1000",
"T-QF183","1010","10.00","1000",
"T-QF184","1010","10.00","1000",
"T-QF185","1010","10.00","1000",
"T-QF186","1010","10.00","1000",
"T-QF187","1010","10.00","1000",
"T-QF188","1010","10.00","1000",
"T-QF189","1010","10.00","1000",
"T-QF190","1010","10.00","1000",
"T-QF191","1010","10.00","1000",
"T-QF192","1010","10.00","1000",
"T-QF193","1010","10.00","1000",
"T-QF194","1010","10.00","1000",
"T-QF195","1010","10.00","1000",
"T-QF196","1010","10.00","1000",
"T-QF197","1010","10.00","1000",
"T-QF198","1010","10.00","1000",
"T-QF199","1010","10.00","1000",
"T-QM100","1010","250.00","1",
"T-QM101","1010","250.00","1",
"T-QM102","1010","250.00","1",
"T-QM103","1010","250.00","1",
"T-QM104","1010","250.00","1",
"T-QM105","1010","250.00","1",
"T-QM106","1010","250.00","1",
"T-QM107","1010","250.00","1",
"T-QM108","1010","250.00","1",
"T-QM109","1010","250.00","1",
"T-QM110","1010","250.00","1",
"T-QM111","1010","250.00","1",
"T-QM112","1010","250.00","1",
"T-QM113","1010","250.00","1",
"T-QM114","1010","250.00","1",
"T-QM115","1010","250.00","1",
"T-QM116","1010","250.00","1",
"T-QM117","1010","250.00","1",
"T-QM118","1010","250.00","1",
"T-QM119","1010","250.00","1",
"T-QM120","1010","250.00","1",
"T-QM121","1010","250.00","1",
"T-QM122","1010","250.00","1",
"T-QM123","1010","250.00","1",
"T-QM124","1010","250.00","1",
"T-QM125","1010","250.00","1",
"T-QM126","1010","250.00","1",
"T-QM127","1010","250.00","1",
"T-QM128","1010","250.00","1",
"T-QM129","1010","250.00","1",
"T-QM130","1010","250.00","1",
"T-QM199","1010","250.00","1",
"T-R100","1010","5.49","1",
"T-R101","1010","1.65","1",
"T-R102","1010","1.65","1",
"T-R103","1010","1.65","1",
"T-R104","1010","1.65","1",
"T-R105","1010","1.65","1",
"T-R106","1010","1.65","1",
"T-R107","1010","1.65","1",
"T-R108","1010","1.65","1",
"T-R109","1010","1.65","1",
"T-R110","1010","1.65","1",
"T-R111","1010","1.65","1",
"T-R112","1010","1.65","1",
"T-R113","1010","1.65","1",
"T-R114","1010","1.65","1",
"T-R115","1010","1.65","1",
"T-R116","1010","1.65","1",
"T-R117","1010","1.65","1",
"T-R118","1010","1.65","1",
"T-R119","1010","1.65","1",
"T-R120","1010","1.65","1",
"T-R121","1010","1.65","1",
"T-R122","1010","1.65","1",
"T-R123","1010","1.65","1",
"T-R124","1010","1.65","1",
"T-R125","1010","1.65","1",
"T-R126","1010","1.65","1",
"T-R127","1010","1.65","1",
"T-R128","1010","1.65","1",
"T-R129","1010","1.65","1",
"T-R130","1010","1.65","1",
"T-R131","1010","1.65","1",
"T-R132","1010","1.65","1",
"T-R133","1010","1.65","1",
"T-R134","1010","1.65","1",
"T-R135","1010","1.65","1",
"T-R136","1010","1.65","1",
"T-R137","1010","1.65","1",
"T-R138","1010","1.65","1",
"T-R139","1010","1.65","1",
"T-R140","1010","1.65","1",
"T-R141","1010","1.65","1",
"T-R142","1010","1.65","1",
"T-R143","1010","1.65","1",
"T-R144","1010","1.65","1",
"T-R145","1010","1.65","1",
"T-R146","1010","1.65","1",
"T-R147","1010","1.65","1",
"T-R148","1010","1.65","1",
"T-R149","1010","1.65","1",
"T-R150","1010","1.65","1",
"T-R151","1010","1.65","1",
"T-R152","1010","1.65","1",
"T-R153","1010","1.65","1",
"T-R154","1010","1.65","1",
"T-R155","1010","1.65","1",
"T-R156","1010","1.65","1",
"T-R157","1010","1.65","1",
"T-R158","1010","1.65","1",
"T-R159","1010","1.65","1",
"T-R160","1010","1.65","1",
"T-R161","1010","1.65","1",
"T-R162","1010","1.65","1",
"T-R163","1010","1.65","1",
"T-R164","1010","1.65","1",
"T-R165","1010","1.65","1",
"T-R166","1010","1.65","1",
"T-R167","1010","1.65","1",
"T-R168","1010","1.65","1",
"T-R169","1010","1.65","1",
"T-R170","1010","1.65","1",
"T-R171","1010","1.65","1",
"T-R172","1010","1.65","1",
"T-R173","1010","1.65","1",
"T-R174","1010","1.65","1",
"T-R175","1010","1.65","1",
"T-R176","1010","1.65","1",
"T-R177","1010","1.65","1",
"T-R178","1010","1.65","1",
"T-R179","1010","1.65","1",
"T-R180","1010","1.65","1",
"T-R181","1010","1.65","1",
"T-R182","1010","1.65","1",
"T-R183","1010","1.65","1",
"T-R184","1010","1.65","1",
"T-R185","1010","1.65","1",
"T-R186","1010","1.65","1",
"T-R187","1010","1.65","1",
"T-R188","1010","1.65","1",
"T-R189","1010","1.65","1",
"T-R190","1010","1.65","1",
"T-R191","1010","1.65","1",
"T-R192","1010","1.65","1",
"T-R193","1010","1.65","1",
"T-R194","1010","1.65","1",
"T-R195","1010","1.65","1",
"T-R196","1010","1.65","1",
"T-R197","1010","1.65","1",
"T-R198","1010","1.65","1",
"T-R199","1010","1.65","1",
"T-R200","1010","7.25","1",
"T-R201","1010","7.25","1",
"T-R202","1010","7.25","1",
"T-R203","1010","7.25","1",
"T-R204","1010","7.25","1",
"T-R205","1010","7.25","1",
"T-R206","1010","7.25","1",
"T-R207","1010","7.25","1",
"T-R208","1010","7.25","1",
"T-R209","1010","7.25","1",
"T-R210","1010","7.25","1",
"T-R211","1010","7.25","1",
"T-R212","1010","7.25","1",
"T-R213","1010","7.25","1",
"T-R214","1010","7.25","1",
"T-R215","1010","7.25","1",
"T-R216","1010","7.25","1",
"T-R217","1010","7.25","1",
"T-R218","1010","7.25","1",
"T-R219","1010","7.25","1",
"T-R220","1010","7.25","1",
"T-R221","1010","7.25","1",
"T-R222","1010","7.25","1",
"T-R223","1010","7.25","1",
"T-R224","1010","7.25","1",
"T-R225","1010","7.25","1",
"T-R226","1010","7.25","1",
"T-R227","1010","7.25","1",
"T-R228","1010","7.25","1",
"T-R229","1010","7.25","1",
"T-R230","1010","7.25","1",
"T-R231","1010","7.25","1",
"T-R232","1010","7.25","1",
"T-R233","1010","7.25","1",
"T-R234","1010","7.25","1",
"T-R235","1010","7.25","1",
"T-R236","1010","7.25","1",
"T-R237","1010","7.25","1",
"T-R238","1010","7.25","1",
"T-R239","1010","7.25","1",
"T-R240","1010","7.25","1",
"T-R241","1010","7.25","1",
"T-R242","1010","7.25","1",
"T-R243","1010","7.25","1",
"T-R244","1010","7.25","1",
"T-R245","1010","7.25","1",
"T-R246","1010","7.25","1",
"T-R247","1010","7.25","1",
"T-R248","1010","7.25","1",
"T-R249","1010","7.25","1",
"T-R250","1010","7.25","1",
"T-R251","1010","7.25","1",
"T-R252","1010","7.25","1",
"T-R253","1010","7.25","1",
"T-R254","1010","7.25","1",
"T-R255","1010","7.25","1",
"T-R256","1010","7.25","1",
"T-R257","1010","7.25","1",
"T-R258","1010","7.25","1",
"T-R259","1010","7.25","1",
"T-R260","1010","7.25","1",
"T-R261","1010","7.25","1",
"T-R262","1010","7.25","1",
"T-R263","1010","7.25","1",
"T-R264","1010","7.25","1",
"T-R265","1010","7.25","1",
"T-R266","1010","7.25","1",
"T-R267","1010","7.25","1",
"T-R268","1010","7.25","1",
"T-R269","1010","7.25","1",
"T-R270","1010","7.25","1",
"T-R271","1010","7.25","1",
"T-R272","1010","7.25","1",
"T-R273","1010","7.25","1",
"T-R274","1010","7.25","1",
"T-R275","1010","7.25","1",
"T-R276","1010","7.25","1",
"T-R277","1010","7.25","1",
"T-R278","1010","7.25","1",
"T-R279","1010","7.25","1",
"T-R280","1010","7.25","1",
"T-R281","1010","7.25","1",
"T-R282","1010","7.25","1",
"T-R283","1010","7.25","1",
"T-R284","1010","7.25","1",
"T-R285","1010","7.25","1",
"T-R286","1010","7.25","1",
"T-R287","1010","7.25","1",
"T-R288","1010","7.25","1",
"T-R289","1010","7.25","1",
"T-R290","1010","7.25","1",
"T-R2900","1010","10.00","1",
"T-R2901","1010","10.00","1",
"T-R2902","1010","10.00","1",
"T-R2903","1010","10.00","1",
"T-R2904","1010","10.00","1",
"T-R2905","1010","10.00","1",
"T-R2906","1010","10.00","1",
"T-R2907","1010","10.00","1",
"T-R2908","1010","10.00","1",
"T-R2909","1010","10.00","1",
"T-R291","1010","7.25","1",
"T-R2910","1010","10.00","1",
"T-R2911","1010","10.00","1",
"T-R2912","1010","10.00","1",
"T-R2913","1010","10.00","1",
"T-R2914","1010","10.00","1",
"T-R2915","1010","10.00","1",
"T-R2916","1010","10.00","1",
"T-R2917","1010","10.00","1",
"T-R2918","1010","10.00","1",
"T-R2919","1010","10.00","1",
"T-R292","1010","7.25","1",
"T-R2920","1010","10.00","1",
"T-R2921","1010","10.00","1",
"T-R2922","1010","10.00","1",
"T-R2923","1010","10.00","1",
"T-R2924","1010","10.00","1",
"T-R2925","1010","10.00","1",
"T-R2926","1010","10.00","1",
"T-R2927","1010","10.00","1",
"T-R2928","1010","10.00","1",
"T-R2929","1010","10.00","1",
"T-R293","1010","7.25","1",
"T-R2930","1010","10.00","1",
"T-R2931","1010","10.00","1",
"T-R2932","1010","10.00","1",
"T-R2933","1010","10.00","1",
"T-R2934","1010","10.00","1",
"T-R2935","1010","10.00","1",
"T-R2936","1010","10.00","1",
"T-R2937","1010","10.00","1",
"T-R2938","1010","10.00","1",
"T-R2939","1010","10.00","1",
"T-R294","1010","7.25","1",
"T-R2940","1010","10.00","1",
"T-R2941","1010","10.00","1",
"T-R2942","1010","10.00","1",
"T-R2943","1010","10.00","1",
"T-R2944","1010","10.00","1",
"T-R2945","1010","10.00","1",
"T-R2946","1010","10.00","1",
"T-R2947","1010","10.00","1",
"T-R2948","1010","10.00","1",
"T-R2949","1010","10.00","1",
"T-R295","1010","7.25","1",
"T-R2950","1010","10.00","1",
"T-R2951","1010","10.00","1",
"T-R2952","1010","10.00","1",
"T-R2953","1010","10.00","1",
"T-R2954","1010","10.00","1",
"T-R2955","1010","10.00","1",
"T-R2956","1010","10.00","1",
"T-R2957","1010","10.00","1",
"T-R2958","1010","10.00","1",
"T-R2959","1010","10.00","1",
"T-R296","1010","7.25","1",
"T-R2960","1010","10.00","1",
"T-R2961","1010","10.00","1",
"T-R2962","1010","10.00","1",
"T-R2963","1010","10.00","1",
"T-R2964","1010","10.00","1",
"T-R2965","1010","10.00","1",
"T-R2966","1010","10.00","1",
"T-R2967","1010","10.00","1",
"T-R2968","1010","10.00","1",
"T-R2969","1010","10.00","1",
"T-R297","1010","7.25","1",
"T-R2970","1010","10.00","1",
"T-R2971","1010","10.00","1",
"T-R2972","1010","10.00","1",
"T-R2973","1010","10.00","1",
"T-R2974","1010","10.00","1",
"T-R2975","1010","10.00","1",
"T-R2976","1010","10.00","1",
"T-R2977","1010","10.00","1",
"T-R2978","1010","10.00","1",
"T-R2979","1010","10.00","1",
"T-R298","1010","7.25","1",
"T-R2980","1010","10.00","1",
"T-R2981","1010","10.00","1",
"T-R2982","1010","10.00","1",
"T-R2983","1010","10.00","1",
"T-R2984","1010","10.00","1",
"T-R2985","1010","10.00","1",
"T-R2986","1010","10.00","1",
"T-R2987","1010","10.00","1",
"T-R2988","1010","10.00","1",
"T-R2989","1010","10.00","1",
"T-R299","1010","7.25","1",
"T-R2990","1010","10.00","1",
"T-R2991","1010","10.00","1",
"T-R2992","1010","10.00","1",
"T-R2993","1010","10.00","1",
"T-R2994","1010","10.00","1",
"T-R2995","1010","10.00","1",
"T-R2996","1010","10.00","1",
"T-R2997","1010","10.00","1",
"T-R2998","1010","10.00","1",
"T-R2999","1010","10.00","1",
"T-R300","1010","7.67","1",
"T-R301","1010","7.67","1",
"T-R302","1010","7.67","1",
"T-R303","1010","7.67","1",
"T-R304","1010","7.67","1",
"T-R305","1010","7.67","1",
"T-R306","1010","7.67","1",
"T-R307","1010","7.67","1",
"T-R308","1010","7.67","1",
"T-R309","1010","7.67","1",
"T-R310","1010","7.67","1",
"T-R311","1010","7.67","1",
"T-R312","1010","7.67","1",
"T-R313","1010","7.67","1",
"T-R314","1010","7.67","1",
"T-R315","1010","7.67","1",
"T-R316","1010","7.67","1",
"T-R317","1010","7.67","1",
"T-R318","1010","7.67","1",
"T-R319","1010","7.67","1",
"T-R320","1010","7.67","1",
"T-R321","1010","7.67","1",
"T-R322","1010","7.67","1",
"T-R323","1010","7.67","1",
"T-R324","1010","7.67","1",
"T-R325","1010","7.67","1",
"T-R326","1010","7.67","1",
"T-R327","1010","7.67","1",
"T-R328","1010","7.67","1",
"T-R329","1010","7.67","1",
"T-R330","1010","7.67","1",
"T-R331","1010","7.67","1",
"T-R332","1010","7.67","1",
"T-R333","1010","7.67","1",
"T-R334","1010","7.67","1",
"T-R335","1010","7.67","1",
"T-R336","1010","7.67","1",
"T-R337","1010","7.67","1",
"T-R338","1010","7.67","1",
"T-R339","1010","7.67","1",
"T-R340","1010","7.67","1",
"T-R341","1010","7.67","1",
"T-R342","1010","7.67","1",
"T-R343","1010","7.67","1",
"T-R344","1010","7.67","1",
"T-R345","1010","7.67","1",
"T-R346","1010","7.67","1",
"T-R347","1010","7.67","1",
"T-R348","1010","7.67","1",
"T-R349","1010","7.67","1",
"T-R350","1010","7.67","1",
"T-R351","1010","7.67","1",
"T-R352","1010","7.67","1",
"T-R353","1010","7.67","1",
"T-R354","1010","7.67","1",
"T-R355","1010","7.67","1",
"T-R356","1010","7.67","1",
"T-R357","1010","7.67","1",
"T-R358","1010","7.67","1",
"T-R359","1010","7.67","1",
"T-R360","1010","7.67","1",
"T-R361","1010","7.67","1",
"T-R362","1010","7.67","1",
"T-R363","1010","7.67","1",
"T-R364","1010","7.67","1",
"T-R365","1010","7.67","1",
"T-R366","1010","7.67","1",
"T-R367","1010","7.67","1",
"T-R368","1010","7.67","1",
"T-R369","1010","7.67","1",
"T-R370","1010","7.67","1",
"T-R371","1010","7.67","1",
"T-R372","1010","7.67","1",
"T-R373","1010","7.67","1",
"T-R374","1010","7.67","1",
"T-R375","1010","7.67","1",
"T-R376","1010","7.67","1",
"T-R377","1010","7.67","1",
"T-R378","1010","7.67","1",
"T-R379","1010","7.67","1",
"T-R380","1010","7.67","1",
"T-R381","1010","7.67","1",
"T-R382","1010","7.67","1",
"T-R383","1010","7.67","1",
"T-R384","1010","7.67","1",
"T-R385","1010","7.67","1",
"T-R386","1010","7.67","1",
"T-R387","1010","7.67","1",
"T-R388","1010","7.67","1",
"T-R389","1010","7.67","1",
"T-R390","1010","7.67","1",
"T-R391","1010","7.67","1",
"T-R392","1010","7.67","1",
"T-R393","1010","7.67","1",
"T-R394","1010","7.67","1",
"T-R395","1010","7.67","1",
"T-R396","1010","7.67","1",
"T-R397","1010","7.67","1",
"T-R398","1010","7.67","1",
"T-R399","1010","7.67","1",
"T-R400","1010","7.75","1",
"T-R401","1010","7.75","1",
"T-R402","1010","7.75","1",
"T-R403","1010","7.75","1",
"T-R404","1010","7.75","1",
"T-R405","1010","7.75","1",
"T-R406","1010","7.75","1",
"T-R407","1010","7.75","1",
"T-R408","1010","7.75","1",
"T-R409","1010","7.75","1",
"T-R410","1010","7.75","1",
"T-R411","1010","7.75","1",
"T-R412","1010","7.75","1",
"T-R413","1010","7.75","1",
"T-R414","1010","7.75","1",
"T-R415","1010","7.75","1",
"T-R416","1010","7.75","1",
"T-R417","1010","7.75","1",
"T-R418","1010","7.75","1",
"T-R419","1010","7.75","1",
"T-R420","1010","7.75","1",
"T-R421","1010","7.75","1",
"T-R422","1010","7.75","1",
"T-R423","1010","7.75","1",
"T-R424","1010","7.75","1",
"T-R425","1010","7.75","1",
"T-R426","1010","7.75","1",
"T-R427","1010","7.75","1",
"T-R428","1010","7.75","1",
"T-R429","1010","7.75","1",
"T-R430","1010","7.75","1",
"T-R431","1010","7.75","1",
"T-R432","1010","7.75","1",
"T-R433","1010","7.75","1",
"T-R434","1010","7.75","1",
"T-R435","1010","7.75","1",
"T-R436","1010","7.75","1",
"T-R437","1010","7.75","1",
"T-R438","1010","7.75","1",
"T-R439","1010","7.75","1",
"T-R440","1010","7.75","1",
"T-R441","1010","7.75","1",
"T-R442","1010","7.75","1",
"T-R443","1010","7.75","1",
"T-R444","1010","7.75","1",
"T-R445","1010","7.75","1",
"T-R446","1010","7.75","1",
"T-R447","1010","7.75","1",
"T-R448","1010","7.75","1",
"T-R449","1010","7.75","1",
"T-R450","1010","7.75","1",
"T-R451","1010","7.75","1",
"T-R452","1010","7.75","1",
"T-R453","1010","7.75","1",
"T-R454","1010","7.75","1",
"T-R455","1010","7.75","1",
"T-R456","1010","7.75","1",
"T-R457","1010","7.75","1",
"T-R458","1010","7.75","1",
"T-R459","1010","7.75","1",
"T-R460","1010","7.75","1",
"T-R461","1010","7.75","1",
"T-R462","1010","7.75","1",
"T-R463","1010","7.75","1",
"T-R464","1010","7.75","1",
"T-R465","1010","7.75","1",
"T-R466","1010","7.75","1",
"T-R467","1010","7.75","1",
"T-R468","1010","7.75","1",
"T-R469","1010","7.75","1",
"T-R470","1010","7.75","1",
"T-R471","1010","7.75","1",
"T-R472","1010","7.75","1",
"T-R473","1010","7.75","1",
"T-R474","1010","7.75","1",
"T-R475","1010","7.75","1",
"T-R476","1010","7.75","1",
"T-R477","1010","7.75","1",
"T-R478","1010","7.75","1",
"T-R479","1010","7.75","1",
"T-R480","1010","7.75","1",
"T-R481","1010","7.75","1",
"T-R482","1010","7.75","1",
"T-R483","1010","7.75","1",
"T-R484","1010","7.75","1",
"T-R485","1010","7.75","1",
"T-R486","1010","7.75","1",
"T-R487","1010","7.75","1",
"T-R488","1010","7.75","1",
"T-R489","1010","7.75","1",
"T-R490","1010","7.75","1",
"T-R491","1010","7.75","1",
"T-R492","1010","7.75","1",
"T-R493","1010","7.75","1",
"T-R494","1010","7.75","1",
"T-R495","1010","7.75","1",
"T-R496","1010","7.75","1",
"T-R497","1010","7.75","1",
"T-R498","1010","7.75","1",
"T-R499","1010","7.75","1",
"T-R500","1010","6.50","1",
"T-R501","1010","6.50","1",
"T-R502","1010","6.50","1",
"T-R503","1010","6.50","1",
"T-R504","1010","6.50","1",
"T-R505","1010","6.50","1",
"T-R506","1010","6.50","1",
"T-R507","1010","6.50","1",
"T-R508","1010","6.50","1",
"T-R509","1010","6.50","1",
"T-R510","1010","6.50","1",
"T-R511","1010","6.50","1",
"T-R512","1010","6.50","1",
"T-R513","1010","6.50","1",
"T-R514","1010","6.50","1",
"T-R515","1010","6.50","1",
"T-R516","1010","6.50","1",
"T-R517","1010","6.50","1",
"T-R518","1010","6.50","1",
"T-R519","1010","6.50","1",
"T-R520","1010","6.50","1",
"T-R521","1010","6.50","1",
"T-R522","1010","6.50","1",
"T-R523","1010","6.50","1",
"T-R524","1010","6.50","1",
"T-R525","1010","6.50","1",
"T-R526","1010","6.50","1",
"T-R527","1010","6.50","1",
"T-R528","1010","6.50","1",
"T-R529","1010","6.50","1",
"T-R530","1010","6.50","1",
"T-R531","1010","6.50","1",
"T-R532","1010","6.50","1",
"T-R533","1010","6.50","1",
"T-R534","1010","6.50","1",
"T-R535","1010","6.50","1",
"T-R536","1010","6.50","1",
"T-R537","1010","6.50","1",
"T-R538","1010","6.50","1",
"T-R539","1010","6.50","1",
"T-R540","1010","6.50","1",
"T-R541","1010","6.50","1",
"T-R542","1010","6.50","1",
"T-R543","1010","6.50","1",
"T-R544","1010","6.50","1",
"T-R545","1010","6.50","1",
"T-R546","1010","6.50","1",
"T-R547","1010","6.50","1",
"T-R548","1010","6.50","1",
"T-R549","1010","6.50","1",
"T-R550","1010","6.50","1",
"T-R551","1010","6.50","1",
"T-R552","1010","6.50","1",
"T-R553","1010","6.50","1",
"T-R554","1010","6.50","1",
"T-R555","1010","6.50","1",
"T-R556","1010","6.50","1",
"T-R557","1010","6.50","1",
"T-R558","1010","6.50","1",
"T-R559","1010","6.50","1",
"T-R560","1010","6.50","1",
"T-R561","1010","6.50","1",
"T-R562","1010","6.50","1",
"T-R563","1010","6.50","1",
"T-R564","1010","6.50","1",
"T-R565","1010","6.50","1",
"T-R566","1010","6.50","1",
"T-R567","1010","6.50","1",
"T-R568","1010","6.50","1",
"T-R569","1010","6.50","1",
"T-R570","1010","6.50","1",
"T-R571","1010","6.50","1",
"T-R572","1010","6.50","1",
"T-R573","1010","6.50","1",
"T-R574","1010","6.50","1",
"T-R575","1010","6.50","1",
"T-R576","1010","6.50","1",
"T-R577","1010","6.50","1",
"T-R578","1010","6.50","1",
"T-R579","1010","6.50","1",
"T-R580","1010","6.50","1",
"T-R581","1010","6.50","1",
"T-R582","1010","6.50","1",
"T-R583","1010","6.50","1",
"T-R584","1010","6.50","1",
"T-R585","1010","6.50","1",
"T-R586","1010","6.50","1",
"T-R587","1010","6.50","1",
"T-R588","1010","6.50","1",
"T-R589","1010","6.50","1",
"T-R590","1010","6.50","1",
"T-R591","1010","6.50","1",
"T-R592","1010","6.50","1",
"T-R593","1010","6.50","1",
"T-R594","1010","6.50","1",
"T-R595","1010","6.50","1",
"T-R596","1010","6.50","1",
"T-R597","1010","6.50","1",
"T-R598","1010","6.50","1",
"T-R599","1010","6.50","1",
"T-RBC100","1010","1.65","1",
"T-RCL","1010","1.20","1",
"T-RLU","1010","1.20","1",
"T-RPT100","1010","0.20","1",
"T-RPT101","1010","0.20","1",
"T-RPT102","1010","0.20","1",
"T-RPT103","1010","0.20","1",
"T-RPT104","1010","0.20","1",
"T-RPT105","1010","0.20","1",
"T-RPT106","1010","0.20","1",
"T-RPT107","1010","0.20","1",
"T-RPT108","1010","0.20","1",
"T-RPT109","1010","0.20","1",
"T-RPT110","1010","0.20","1",
"T-RPT111","1010","0.20","1",
"T-RPT112","1010","0.20","1",
"T-RPT113","1010","0.20","1",
"T-RPT114","1010","0.20","1",
"T-RPT115","1010","0.20","1",
"T-RPT116","1010","0.20","1",
"T-RPT117","1010","0.20","1",
"T-RPT118","1010","0.20","1",
"T-RPT119","1010","0.20","1",
"T-RPT120","1010","0.20","1",
"T-RPT121","1010","0.20","1",
"T-RPT122","1010","0.20","1",
"T-RPT123","1010","0.20","1",
"T-RPT124","1010","0.20","1",
"T-RPT125","1010","0.20","1",
"T-RPT126","1010","0.20","1",
"T-RPT127","1010","0.20","1",
"T-RPT128","1010","0.20","1",
"T-RPT129","1010","0.20","1",
"T-RPT130","1010","0.20","1",
"T-RPT131","1010","0.20","1",
"T-RPT132","1010","0.20","1",
"T-RPT133","1010","0.20","1",
"T-RPT134","1010","0.20","1",
"T-RPT135","1010","0.20","1",
"T-RPT136","1010","0.20","1",
"T-RPT137","1010","0.20","1",
"T-RPT138","1010","0.20","1",
"T-RPT139","1010","0.20","1",
"T-RPT140","1010","0.20","1",
"T-RPT141","1010","0.20","1",
"T-RPT142","1010","0.20","1",
"T-RPT143","1010","0.20","1",
"T-RPT144","1010","0.20","1",
"T-RPT145","1010","0.20","1",
"T-RPT146","1010","0.20","1",
"T-RPT147","1010","0.20","1",
"T-RPT148","1010","0.20","1",
"T-RPT149","1010","0.20","1",
"T-RPT150","1010","0.20","1",
"T-RPT151","1010","0.20","1",
"T-RPT152","1010","0.20","1",
"T-RPT153","1010","0.20","1",
"T-RPT154","1010","0.20","1",
"T-RPT155","1010","0.20","1",
"T-RPT156","1010","0.20","1",
"T-RPT157","1010","0.20","1",
"T-RPT158","1010","0.20","1",
"T-RPT159","1010","0.20","1",
"T-RPT160","1010","0.20","1",
"T-RPT161","1010","0.20","1",
"T-RPT162","1010","0.20","1",
"T-RPT163","1010","0.20","1",
"T-RPT164","1010","0.20","1",
"T-RPT165","1010","0.20","1",
"T-RPT166","1010","0.20","1",
"T-RPT167","1010","0.20","1",
"T-RPT168","1010","0.20","1",
"T-RPT169","1010","0.20","1",
"T-RPT170","1010","0.20","1",
"T-RPT171","1010","0.20","1",
"T-RPT172","1010","0.20","1",
"T-RPT173","1010","0.20","1",
"T-RPT174","1010","0.20","1",
"T-RPT175","1010","0.20","1",
"T-RPT176","1010","0.20","1",
"T-RPT177","1010","0.20","1",
"T-RPT178","1010","0.20","1",
"T-RPT179","1010","0.20","1",
"T-RPT180","1010","0.20","1",
"T-RPT181","1010","0.20","1",
"T-RPT182","1010","0.20","1",
"T-RPT183","1010","0.20","1",
"T-RPT184","1010","0.20","1",
"T-RPT185","1010","0.20","1",
"T-RPT186","1010","0.20","1",
"T-RPT187","1010","0.20","1",
"T-RPT188","1010","0.20","1",
"T-RPT189","1010","0.20","1",
"T-RPT190","1010","0.20","1",
"T-RPT191","1010","0.20","1",
"T-RPT192","1010","0.20","1",
"T-RPT193","1010","0.20","1",
"T-RPT194","1010","0.20","1",
"T-RPT195","1010","0.20","1",
"T-RPT196","1010","0.20","1",
"T-RPT197","1010","0.20","1",
"T-RPT198","1010","0.20","1",
"T-RPT199","1010","0.20","1",
"T-RPT200","1010","0.08","1",
"T-RPT201","1010","0.08","1",
"T-RPT202","1010","0.08","1",
"T-RPT203","1010","0.08","1",
"T-RPT204","1010","0.08","1",
"T-RPT205","1010","0.08","1",
"T-RPT206","1010","0.08","1",
"T-RPT207","1010","0.08","1",
"T-RPT208","1010","0.08","1",
"T-RPT209","1010","0.08","1",
"T-RPT210","1010","0.08","1",
"T-RPT211","1010","0.08","1",
"T-RPT212","1010","0.08","1",
"T-RPT213","1010","0.08","1",
"T-RPT214","1010","0.08","1",
"T-RPT215","1010","0.08","1",
"T-RPT216","1010","0.08","1",
"T-RPT217","1010","0.08","1",
"T-RPT218","1010","0.08","1",
"T-RPT219","1010","0.08","1",
"T-RPT220","1010","0.08","1",
"T-RPT221","1010","0.08","1",
"T-RPT222","1010","0.08","1",
"T-RPT223","1010","0.08","1",
"T-RPT224","1010","0.08","1",
"T-RPT225","1010","0.08","1",
"T-RPT226","1010","0.08","1",
"T-RPT227","1010","0.08","1",
"T-RPT228","1010","0.08","1",
"T-RPT229","1010","0.08","1",
"T-RPT230","1010","0.08","1",
"T-RPT231","1010","0.08","1",
"T-RPT232","1010","0.08","1",
"T-RPT233","1010","0.08","1",
"T-RPT234","1010","0.08","1",
"T-RPT235","1010","0.08","1",
"T-RPT236","1010","0.08","1",
"T-RPT237","1010","0.08","1",
"T-RPT238","1010","0.08","1",
"T-RPT239","1010","0.08","1",
"T-RPT240","1010","0.08","1",
"T-RPT241","1010","0.08","1",
"T-RPT242","1010","0.08","1",
"T-RPT243","1010","0.08","1",
"T-RPT244","1010","0.08","1",
"T-RPT245","1010","0.08","1",
"T-RPT246","1010","0.08","1",
"T-RPT247","1010","0.08","1",
"T-RPT248","1010","0.08","1",
"T-RPT249","1010","0.08","1",
"T-RPT250","1010","0.08","1",
"T-RPT251","1010","0.08","1",
"T-RPT252","1010","0.08","1",
"T-RPT253","1010","0.08","1",
"T-RPT254","1010","0.08","1",
"T-RPT255","1010","0.08","1",
"T-RPT256","1010","0.08","1",
"T-RPT257","1010","0.08","1",
"T-RPT258","1010","0.08","1",
"T-RPT259","1010","0.08","1",
"T-RPT260","1010","0.08","1",
"T-RPT261","1010","0.08","1",
"T-RPT262","1010","0.08","1",
"T-RPT263","1010","0.08","1",
"T-RPT264","1010","0.08","1",
"T-RPT265","1010","0.08","1",
"T-RPT266","1010","0.08","1",
"T-RPT267","1010","0.08","1",
"T-RPT268","1010","0.08","1",
"T-RPT269","1010","0.08","1",
"T-RPT270","1010","0.08","1",
"T-RPT271","1010","0.08","1",
"T-RPT272","1010","0.08","1",
"T-RPT273","1010","0.08","1",
"T-RPT274","1010","0.08","1",
"T-RPT275","1010","0.08","1",
"T-RPT276","1010","0.08","1",
"T-RPT277","1010","0.08","1",
"T-RPT278","1010","0.08","1",
"T-RPT279","1010","0.08","1",
"T-RPT280","1010","0.08","1",
"T-RPT281","1010","0.08","1",
"T-RPT282","1010","0.08","1",
"T-RPT283","1010","0.08","1",
"T-RPT284","1010","0.08","1",
"T-RPT285","1010","0.08","1",
"T-RPT286","1010","0.08","1",
"T-RPT287","1010","0.08","1",
"T-RPT288","1010","0.08","1",
"T-RPT289","1010","0.08","1",
"T-RPT290","1010","0.08","1",
"T-RPT291","1010","0.08","1",
"T-RPT292","1010","0.08","1",
"T-RPT293","1010","0.08","1",
"T-RPT294","1010","0.08","1",
"T-RPT295","1010","0.08","1",
"T-RPT296","1010","0.08","1",
"T-RPT297","1010","0.08","1",
"T-RPT298","1010","0.08","1",
"T-RPT299","1010","0.08","1",
"T-RPT300","1010","1.20","1",
"T-RPT301","1010","1.20","1",
"T-RPT302","1010","1.20","1",
"T-RPT303","1010","1.20","1",
"T-RPT304","1010","1.20","1",
"T-RPT305","1010","1.20","1",
"T-RPT306","1010","1.20","1",
"T-RPT307","1010","1.20","1",
"T-RPT308","1010","1.20","1",
"T-RPT309","1010","1.20","1",
"T-RPT310","1010","1.20","1",
"T-RPT311","1010","1.20","1",
"T-RPT312","1010","1.20","1",
"T-RPT313","1010","1.20","1",
"T-RPT314","1010","1.20","1",
"T-RPT315","1010","1.20","1",
"T-RPT316","1010","1.20","1",
"T-RPT317","1010","1.20","1",
"T-RPT318","1010","1.20","1",
"T-RPT319","1010","1.20","1",
"T-RPT320","1010","1.20","1",
"T-RPT321","1010","1.20","1",
"T-RPT322","1010","1.20","1",
"T-RPT323","1010","1.20","1",
"T-RPT324","1010","1.20","1",
"T-RPT325","1010","1.20","1",
"T-RPT326","1010","1.20","1",
"T-RPT327","1010","1.20","1",
"T-RPT328","1010","1.20","1",
"T-RPT329","1010","1.20","1",
"T-RPT330","1010","1.20","1",
"T-RPT331","1010","1.20","1",
"T-RPT332","1010","1.20","1",
"T-RPT333","1010","1.20","1",
"T-RPT334","1010","1.20","1",
"T-RPT335","1010","1.20","1",
"T-RPT336","1010","1.20","1",
"T-RPT337","1010","1.20","1",
"T-RPT338","1010","1.20","1",
"T-RPT339","1010","1.20","1",
"T-RPT340","1010","1.20","1",
"T-RPT341","1010","1.20","1",
"T-RPT342","1010","1.20","1",
"T-RPT343","1010","1.20","1",
"T-RPT344","1010","1.20","1",
"T-RPT345","1010","1.20","1",
"T-RPT346","1010","1.20","1",
"T-RPT347","1010","1.20","1",
"T-RPT348","1010","1.20","1",
"T-RPT349","1010","1.20","1",
"T-RPT350","1010","1.20","1",
"T-RPT351","1010","1.20","1",
"T-RPT352","1010","1.20","1",
"T-RPT353","1010","1.20","1",
"T-RPT354","1010","1.20","1",
"T-RPT355","1010","1.20","1",
"T-RPT356","1010","1.20","1",
"T-RPT357","1010","1.20","1",
"T-RPT358","1010","1.20","1",
"T-RPT359","1010","1.20","1",
"T-RPT360","1010","1.20","1",
"T-RPT361","1010","1.20","1",
"T-RPT362","1010","1.20","1",
"T-RPT363","1010","1.20","1",
"T-RPT364","1010","1.20","1",
"T-RPT365","1010","1.20","1",
"T-RPT366","1010","1.20","1",
"T-RPT367","1010","1.20","1",
"T-RPT368","1010","1.20","1",
"T-RPT369","1010","1.20","1",
"T-RPT370","1010","1.20","1",
"T-RPT371","1010","1.20","1",
"T-RPT372","1010","1.20","1",
"T-RPT373","1010","1.20","1",
"T-RPT374","1010","1.20","1",
"T-RPT375","1010","1.20","1",
"T-RPT376","1010","1.20","1",
"T-RPT377","1010","1.20","1",
"T-RPT378","1010","1.20","1",
"T-RPT379","1010","1.20","1",
"T-RPT380","1010","1.20","1",
"T-RPT381","1010","1.20","1",
"T-RPT382","1010","1.20","1",
"T-RPT383","1010","1.20","1",
"T-RPT384","1010","1.20","1",
"T-RPT385","1010","1.20","1",
"T-RPT386","1010","1.20","1",
"T-RPT387","1010","1.20","1",
"T-RPT388","1010","1.20","1",
"T-RPT389","1010","1.20","1",
"T-RPT390","1010","1.20","1",
"T-RPT391","1010","1.20","1",
"T-RPT392","1010","1.20","1",
"T-RPT393","1010","1.20","1",
"T-RPT394","1010","1.20","1",
"T-RPT395","1010","1.20","1",
"T-RPT396","1010","1.20","1",
"T-RPT397","1010","1.20","1",
"T-RPT398","1010","1.20","1",
"T-RPT399","1010","1.20","1",
"T-RPT400","1010","0.80","1",
"T-RPT401","1010","0.80","1",
"T-RPT402","1010","0.80","1",
"T-RPT403","1010","0.80","1",
"T-RPT404","1010","0.80","1",
"T-RPT405","1010","0.80","1",
"T-RPT406","1010","0.80","1",
"T-RPT407","1010","0.80","1",
"T-RPT408","1010","0.80","1",
"T-RPT409","1010","0.80","1",
"T-RPT410","1010","0.80","1",
"T-RPT411","1010","0.80","1",
"T-RPT412","1010","0.80","1",
"T-RPT413","1010","0.80","1",
"T-RPT414","1010","0.80","1",
"T-RPT415","1010","0.80","1",
"T-RPT416","1010","0.80","1",
"T-RPT417","1010","0.80","1",
"T-RPT418","1010","0.80","1",
"T-RPT419","1010","0.80","1",
"T-RPT420","1010","0.80","1",
"T-RPT421","1010","0.80","1",
"T-RPT422","1010","0.80","1",
"T-RPT423","1010","0.80","1",
"T-RPT424","1010","0.80","1",
"T-RPT425","1010","0.80","1",
"T-RPT426","1010","0.80","1",
"T-RPT427","1010","0.80","1",
"T-RPT428","1010","0.80","1",
"T-RPT429","1010","0.80","1",
"T-RPT430","1010","0.80","1",
"T-RPT431","1010","0.80","1",
"T-RPT432","1010","0.80","1",
"T-RPT433","1010","0.80","1",
"T-RPT434","1010","0.80","1",
"T-RPT435","1010","0.80","1",
"T-RPT436","1010","0.80","1",
"T-RPT437","1010","0.80","1",
"T-RPT438","1010","0.80","1",
"T-RPT439","1010","0.80","1",
"T-RPT440","1010","0.80","1",
"T-RPT441","1010","0.80","1",
"T-RPT442","1010","0.80","1",
"T-RPT443","1010","0.80","1",
"T-RPT444","1010","0.80","1",
"T-RPT445","1010","0.80","1",
"T-RPT446","1010","0.80","1",
"T-RPT447","1010","0.80","1",
"T-RPT448","1010","0.80","1",
"T-RPT449","1010","0.80","1",
"T-RPT450","1010","0.80","1",
"T-RPT451","1010","0.80","1",
"T-RPT452","1010","0.80","1",
"T-RPT453","1010","0.80","1",
"T-RPT454","1010","0.80","1",
"T-RPT455","1010","0.80","1",
"T-RPT456","1010","0.80","1",
"T-RPT457","1010","0.80","1",
"T-RPT458","1010","0.80","1",
"T-RPT459","1010","0.80","1",
"T-RPT460","1010","0.80","1",
"T-RPT461","1010","0.80","1",
"T-RPT462","1010","0.80","1",
"T-RPT463","1010","0.80","1",
"T-RPT464","1010","0.80","1",
"T-RPT465","1010","0.80","1",
"T-RPT466","1010","0.80","1",
"T-RPT467","1010","0.80","1",
"T-RPT468","1010","0.80","1",
"T-RPT469","1010","0.80","1",
"T-RPT470","1010","0.80","1",
"T-RPT471","1010","0.80","1",
"T-RPT472","1010","0.80","1",
"T-RPT473","1010","0.80","1",
"T-RPT474","1010","0.80","1",
"T-RPT475","1010","0.80","1",
"T-RPT476","1010","0.80","1",
"T-RPT477","1010","0.80","1",
"T-RPT478","1010","0.80","1",
"T-RPT479","1010","0.80","1",
"T-RPT480","1010","0.80","1",
"T-RPT481","1010","0.80","1",
"T-RPT482","1010","0.80","1",
"T-RPT483","1010","0.80","1",
"T-RPT484","1010","0.80","1",
"T-RPT485","1010","0.80","1",
"T-RPT486","1010","0.80","1",
"T-RPT487","1010","0.80","1",
"T-RPT488","1010","0.80","1",
"T-RPT489","1010","0.80","1",
"T-RPT490","1010","0.80","1",
"T-RPT491","1010","0.80","1",
"T-RPT492","1010","0.80","1",
"T-RPT493","1010","0.80","1",
"T-RPT494","1010","0.80","1",
"T-RPT495","1010","0.80","1",
"T-RPT496","1010","0.80","1",
"T-RPT497","1010","0.80","1",
"T-RPT498","1010","0.80","1",
"T-RPT499","1010","0.80","1",
"T-RSP100","1010","1.65","1",
"T-RSP101","1010","1.65","1",
"T-RSP102","1010","1.65","1",
"T-RSP103","1010","1.65","1",
"T-RSP104","1010","1.65","1",
"T-RSP105","1010","1.65","1",
"T-RSP106","1010","1.65","1",
"T-RSP107","1010","1.65","1",
"T-RSP108","1010","1.65","1",
"T-RSP109","1010","1.65","1",
"T-RSP110","1010","1.65","1",
"T-RSP111","1010","1.65","1",
"T-RSP112","1010","1.65","1",
"T-RSP113","1010","1.65","1",
"T-RSP114","1010","1.65","1",
"T-RSP115","1010","1.65","1",
"T-RSP116","1010","1.65","1",
"T-RSP117","1010","1.65","1",
"T-RSP118","1010","1.65","1",
"T-RSP119","1010","1.65","1",
"T-RSP120","1010","1.65","1",
"T-RSP121","1010","1.65","1",
"T-RSP122","1010","1.65","1",
"T-RSP123","1010","1.65","1",
"T-RSP124","1010","1.65","1",
"T-RSP125","1010","1.65","1",
"T-RSP126","1010","1.65","1",
"T-RSP127","1010","1.65","1",
"T-RSP128","1010","1.65","1",
"T-RSP129","1010","1.65","1",
"T-RSP130","1010","1.65","1",
"T-RSP131","1010","1.65","1",
"T-RSP132","1010","1.65","1",
"T-RSP133","1010","1.65","1",
"T-RSP134","1010","1.65","1",
"T-RSP135","1010","1.65","1",
"T-RSP136","1010","1.65","1",
"T-RSP137","1010","1.65","1",
"T-RSP138","1010","1.65","1",
"T-RSP139","1010","1.65","1",
"T-RSP140","1010","1.65","1",
"T-RSP141","1010","1.65","1",
"T-RSP142","1010","1.65","1",
"T-RSP143","1010","1.65","1",
"T-RSP144","1010","1.65","1",
"T-RSP145","1010","1.65","1",
"T-RSP146","1010","1.65","1",
"T-RSP147","1010","1.65","1",
"T-RSP148","1010","1.65","1",
"T-RSP149","1010","1.65","1",
"T-RSP150","1010","1.65","1",
"T-RSP151","1010","1.65","1",
"T-RSP152","1010","1.65","1",
"T-RSP153","1010","1.65","1",
"T-RSP154","1010","1.65","1",
"T-RSP155","1010","1.65","1",
"T-RSP156","1010","1.65","1",
"T-RSP157","1010","1.65","1",
"T-RSP158","1010","1.65","1",
"T-RSP159","1010","1.65","1",
"T-RSP160","1010","1.65","1",
"T-RSP161","1010","1.65","1",
"T-RSP162","1010","1.65","1",
"T-RSP163","1010","1.65","1",
"T-RSP164","1010","1.65","1",
"T-RSP165","1010","1.65","1",
"T-RSP166","1010","1.65","1",
"T-RSP167","1010","1.65","1",
"T-RSP168","1010","1.65","1",
"T-RSP169","1010","1.65","1",
"T-RSP170","1010","1.65","1",
"T-RSP171","1010","1.65","1",
"T-RSP172","1010","1.65","1",
"T-RSP173","1010","1.65","1",
"T-RSP174","1010","1.65","1",
"T-RSP175","1010","1.65","1",
"T-RSP176","1010","1.65","1",
"T-RSP177","1010","1.65","1",
"T-RSP178","1010","1.65","1",
"T-RSP179","1010","1.65","1",
"T-RSP180","1010","1.65","1",
"T-RSP181","1010","1.65","1",
"T-RSP182","1010","1.65","1",
"T-RSP183","1010","1.65","1",
"T-RSP184","1010","1.65","1",
"T-RSP185","1010","1.65","1",
"T-RSP186","1010","1.65","1",
"T-RSP187","1010","1.65","1",
"T-RSP188","1010","1.65","1",
"T-RSP189","1010","1.65","1",
"T-RSP190","1010","1.65","1",
"T-RSP191","1010","1.65","1",
"T-RSP192","1010","1.65","1",
"T-RSP193","1010","1.65","1",
"T-RSP194","1010","1.65","1",
"T-RSP195","1010","1.65","1",
"T-RSP196","1010","1.65","1",
"T-RSP197","1010","1.65","1",
"T-RSP198","1010","1.65","1",
"T-RSP199","1010","1.65","1",
"T-RSP500","1010","0.25","1",
"T-RSP501","1010","0.25","1",
"T-RSP502","1010","0.25","1",
"T-RSP503","1010","0.25","1",
"T-RSP504","1010","0.25","1",
"T-RSP505","1010","0.25","1",
"T-RSP506","1010","0.25","1",
"T-RSP507","1010","0.25","1",
"T-RSP508","1010","0.25","1",
"T-RSP509","1010","0.25","1",
"T-RSP510","1010","0.25","1",
"T-RSP511","1010","0.25","1",
"T-RSP512","1010","0.25","1",
"T-RSP513","1010","0.25","1",
"T-RSP514","1010","0.25","1",
"T-RSP515","1010","0.25","1",
"T-RSP516","1010","0.25","1",
"T-RSP517","1010","0.25","1",
"T-RSP518","1010","0.25","1",
"T-RSP519","1010","0.25","1",
"T-RSP520","1010","0.25","1",
"T-RSP521","1010","0.25","1",
"T-RSP522","1010","0.25","1",
"T-RSP523","1010","0.25","1",
"T-RSP524","1010","0.25","1",
"T-RSP525","1010","0.25","1",
"T-RSP526","1010","0.25","1",
"T-RSP527","1010","0.25","1",
"T-RSP528","1010","0.25","1",
"T-RSP529","1010","0.25","1",
"T-RSP530","1010","0.25","1",
"T-RSP531","1010","0.25","1",
"T-RSP532","1010","0.25","1",
"T-RSP533","1010","0.25","1",
"T-RSP534","1010","0.25","1",
"T-RSP535","1010","0.25","1",
"T-RSP536","1010","0.25","1",
"T-RSP537","1010","0.25","1",
"T-RSP538","1010","0.25","1",
"T-RSP539","1010","0.25","1",
"T-RSP540","1010","0.25","1",
"T-RSP541","1010","0.25","1",
"T-RSP542","1010","0.25","1",
"T-RSP543","1010","0.25","1",
"T-RSP544","1010","0.25","1",
"T-RSP545","1010","0.25","1",
"T-RSP546","1010","0.25","1",
"T-RSP547","1010","0.25","1",
"T-RSP548","1010","0.25","1",
"T-RSP549","1010","0.25","1",
"T-RSP550","1010","0.25","1",
"T-RSP551","1010","0.25","1",
"T-RSP552","1010","0.25","1",
"T-RSP553","1010","0.25","1",
"T-RSP554","1010","0.25","1",
"T-RSP555","1010","0.25","1",
"T-RSP556","1010","0.25","1",
"T-RSP557","1010","0.25","1",
"T-RSP558","1010","0.25","1",
"T-RSP559","1010","0.25","1",
"T-RSP560","1010","0.25","1",
"T-RSP561","1010","0.25","1",
"T-RSP562","1010","0.25","1",
"T-RSP563","1010","0.25","1",
"T-RSP564","1010","0.25","1",
"T-RSP565","1010","0.25","1",
"T-RSP566","1010","0.25","1",
"T-RSP567","1010","0.25","1",
"T-RSP568","1010","0.25","1",
"T-RSP569","1010","0.25","1",
"T-RSP570","1010","0.25","1",
"T-RSP571","1010","0.25","1",
"T-RSP572","1010","0.25","1",
"T-RSP573","1010","0.25","1",
"T-RSP574","1010","0.25","1",
"T-RSP575","1010","0.25","1",
"T-RSP576","1010","0.25","1",
"T-RSP577","1010","0.25","1",
"T-RSP578","1010","0.25","1",
"T-RSP579","1010","0.25","1",
"T-RSP580","1010","0.25","1",
"T-RSP581","1010","0.25","1",
"T-RSP582","1010","0.25","1",
"T-RSP583","1010","0.25","1",
"T-RSP584","1010","0.25","1",
"T-RSP585","1010","0.25","1",
"T-RSP586","1010","0.25","1",
"T-RSP587","1010","0.25","1",
"T-RSP588","1010","0.25","1",
"T-RSP589","1010","0.25","1",
"T-RSP590","1010","0.25","1",
"T-RSP591","1010","0.25","1",
"T-RSP592","1010","0.25","1",
"T-RSP593","1010","0.25","1",
"T-RSP594","1010","0.25","1",
"T-RSP595","1010","0.25","1",
"T-RSP596","1010","0.25","1",
"T-RSP597","1010","0.25","1",
"T-RSP598","1010","0.25","1",
"T-RSP599","1010","0.25","1",
"T-RSP600","1010","0.67","1",
"T-RSP601","1010","0.67","1",
"T-RSP602","1010","0.67","1",
"T-RSP603","1010","0.67","1",
"T-RSP604","1010","0.67","1",
"T-RSP605","1010","0.67","1",
"T-RSP606","1010","0.67","1",
"T-RSP607","1010","0.67","1",
"T-RSP608","1010","0.67","1",
"T-RSP609","1010","0.67","1",
"T-RSP610","1010","0.67","1",
"T-RSP611","1010","0.67","1",
"T-RSP612","1010","0.67","1",
"T-RSP613","1010","0.67","1",
"T-RSP614","1010","0.67","1",
"T-RSP615","1010","0.67","1",
"T-RSP616","1010","0.67","1",
"T-RSP617","1010","0.67","1",
"T-RSP618","1010","0.67","1",
"T-RSP619","1010","0.67","1",
"T-RSP620","1010","0.67","1",
"T-RSP621","1010","0.67","1",
"T-RSP622","1010","0.67","1",
"T-RSP623","1010","0.67","1",
"T-RSP624","1010","0.67","1",
"T-RSP625","1010","0.67","1",
"T-RSP626","1010","0.67","1",
"T-RSP627","1010","0.67","1",
"T-RSP628","1010","0.67","1",
"T-RSP629","1010","0.67","1",
"T-RSP630","1010","0.67","1",
"T-RSP631","1010","0.67","1",
"T-RSP632","1010","0.67","1",
"T-RSP633","1010","0.67","1",
"T-RSP634","1010","0.67","1",
"T-RSP635","1010","0.67","1",
"T-RSP636","1010","0.67","1",
"T-RSP637","1010","0.67","1",
"T-RSP638","1010","0.67","1",
"T-RSP639","1010","0.67","1",
"T-RSP640","1010","0.67","1",
"T-RSP641","1010","0.67","1",
"T-RSP642","1010","0.67","1",
"T-RSP643","1010","0.67","1",
"T-RSP644","1010","0.67","1",
"T-RSP645","1010","0.67","1",
"T-RSP646","1010","0.67","1",
"T-RSP647","1010","0.67","1",
"T-RSP648","1010","0.67","1",
"T-RSP649","1010","0.67","1",
"T-RSP650","1010","0.67","1",
"T-RSP651","1010","0.67","1",
"T-RSP652","1010","0.67","1",
"T-RSP653","1010","0.67","1",
"T-RSP654","1010","0.67","1",
"T-RSP655","1010","0.67","1",
"T-RSP656","1010","0.67","1",
"T-RSP657","1010","0.67","1",
"T-RSP658","1010","0.67","1",
"T-RSP659","1010","0.67","1",
"T-RSP660","1010","0.67","1",
"T-RSP661","1010","0.67","1",
"T-RSP662","1010","0.67","1",
"T-RSP663","1010","0.67","1",
"T-RSP664","1010","0.67","1",
"T-RSP665","1010","0.67","1",
"T-RSP666","1010","0.67","1",
"T-RSP667","1010","0.67","1",
"T-RSP668","1010","0.67","1",
"T-RSP669","1010","0.67","1",
"T-RSP670","1010","0.67","1",
"T-RSP671","1010","0.67","1",
"T-RSP672","1010","0.67","1",
"T-RSP673","1010","0.67","1",
"T-RSP674","1010","0.67","1",
"T-RSP675","1010","0.67","1",
"T-RSP676","1010","0.67","1",
"T-RSP677","1010","0.67","1",
"T-RSP678","1010","0.67","1",
"T-RSP679","1010","0.67","1",
"T-RSP680","1010","0.67","1",
"T-RSP681","1010","0.67","1",
"T-RSP682","1010","0.67","1",
"T-RSP683","1010","0.67","1",
"T-RSP684","1010","0.67","1",
"T-RSP685","1010","0.67","1",
"T-RSP686","1010","0.67","1",
"T-RSP687","1010","0.67","1",
"T-RSP688","1010","0.67","1",
"T-RSP689","1010","0.67","1",
"T-RSP690","1010","0.67","1",
"T-RSP691","1010","0.67","1",
"T-RSP692","1010","0.67","1",
"T-RSP693","1010","0.67","1",
"T-RSP694","1010","0.67","1",
"T-RSP695","1010","0.67","1",
"T-RSP696","1010","0.67","1",
"T-RSP697","1010","0.67","1",
"T-RSP698","1010","0.67","1",
"T-RSP699","1010","0.67","1",
"T-RSP700","1010","0.75","1",
"T-RSP701","1010","0.75","1",
"T-RSP702","1010","0.75","1",
"T-RSP703","1010","0.75","1",
"T-RSP704","1010","0.75","1",
"T-RSP705","1010","0.75","1",
"T-RSP706","1010","0.75","1",
"T-RSP707","1010","0.75","1",
"T-RSP708","1010","0.75","1",
"T-RSP709","1010","0.75","1",
"T-RSP710","1010","0.75","1",
"T-RSP711","1010","0.75","1",
"T-RSP712","1010","0.75","1",
"T-RSP713","1010","0.75","1",
"T-RSP714","1010","0.75","1",
"T-RSP715","1010","0.75","1",
"T-RSP716","1010","0.75","1",
"T-RSP717","1010","0.75","1",
"T-RSP718","1010","0.75","1",
"T-RSP719","1010","0.75","1",
"T-RSP720","1010","0.75","1",
"T-RSP721","1010","0.75","1",
"T-RSP722","1010","0.75","1",
"T-RSP723","1010","0.75","1",
"T-RSP724","1010","0.75","1",
"T-RSP725","1010","0.75","1",
"T-RSP726","1010","0.75","1",
"T-RSP727","1010","0.75","1",
"T-RSP728","1010","0.75","1",
"T-RSP729","1010","0.75","1",
"T-RSP730","1010","0.75","1",
"T-RSP731","1010","0.75","1",
"T-RSP732","1010","0.75","1",
"T-RSP733","1010","0.75","1",
"T-RSP734","1010","0.75","1",
"T-RSP735","1010","0.75","1",
"T-RSP736","1010","0.75","1",
"T-RSP737","1010","0.75","1",
"T-RSP738","1010","0.75","1",
"T-RSP739","1010","0.75","1",
"T-RSP740","1010","0.75","1",
"T-RSP741","1010","0.75","1",
"T-RSP742","1010","0.75","1",
"T-RSP743","1010","0.75","1",
"T-RSP744","1010","0.75","1",
"T-RSP745","1010","0.75","1",
"T-RSP746","1010","0.75","1",
"T-RSP747","1010","0.75","1",
"T-RSP748","1010","0.75","1",
"T-RSP749","1010","0.75","1",
"T-RSP750","1010","0.75","1",
"T-RSP751","1010","0.75","1",
"T-RSP752","1010","0.75","1",
"T-RSP753","1010","0.75","1",
"T-RSP754","1010","0.75","1",
"T-RSP755","1010","0.75","1",
"T-RSP756","1010","0.75","1",
"T-RSP757","1010","0.75","1",
"T-RSP758","1010","0.75","1",
"T-RSP759","1010","0.75","1",
"T-RSP760","1010","0.75","1",
"T-RSP761","1010","0.75","1",
"T-RSP762","1010","0.75","1",
"T-RSP763","1010","0.75","1",
"T-RSP764","1010","0.75","1",
"T-RSP765","1010","0.75","1",
"T-RSP766","1010","0.75","1",
"T-RSP767","1010","0.75","1",
"T-RSP768","1010","0.75","1",
"T-RSP769","1010","0.75","1",
"T-RSP770","1010","0.75","1",
"T-RSP771","1010","0.75","1",
"T-RSP772","1010","0.75","1",
"T-RSP773","1010","0.75","1",
"T-RSP774","1010","0.75","1",
"T-RSP775","1010","0.75","1",
"T-RSP776","1010","0.75","1",
"T-RSP777","1010","0.75","1",
"T-RSP778","1010","0.75","1",
"T-RSP779","1010","0.75","1",
"T-RSP780","1010","0.75","1",
"T-RSP781","1010","0.75","1",
"T-RSP782","1010","0.75","1",
"T-RSP783","1010","0.75","1",
"T-RSP784","1010","0.75","1",
"T-RSP785","1010","0.75","1",
"T-RSP786","1010","0.75","1",
"T-RSP787","1010","0.75","1",
"T-RSP788","1010","0.75","1",
"T-RSP789","1010","0.75","1",
"T-RSP790","1010","0.75","1",
"T-RSP791","1010","0.75","1",
"T-RSP792","1010","0.75","1",
"T-RSP793","1010","0.75","1",
"T-RSP794","1010","0.75","1",
"T-RSP795","1010","0.75","1",
"T-RSP796","1010","0.75","1",
"T-RSP797","1010","0.75","1",
"T-RSP798","1010","0.75","1",
"T-RSP799","1010","0.75","1",
"T-RSP800","1010","0.50","1",
"T-RSP801","1010","0.50","1",
"T-RSP802","1010","0.50","1",
"T-RSP803","1010","0.50","1",
"T-RSP804","1010","0.50","1",
"T-RSP805","1010","0.50","1",
"T-RSP806","1010","0.50","1",
"T-RSP807","1010","0.50","1",
"T-RSP808","1010","0.50","1",
"T-RSP809","1010","0.50","1",
"T-RSP810","1010","0.50","1",
"T-RSP811","1010","0.50","1",
"T-RSP812","1010","0.50","1",
"T-RSP813","1010","0.50","1",
"T-RSP814","1010","0.50","1",
"T-RSP815","1010","0.50","1",
"T-RSP816","1010","0.50","1",
"T-RSP817","1010","0.50","1",
"T-RSP818","1010","0.50","1",
"T-RSP819","1010","0.50","1",
"T-RSP820","1010","0.50","1",
"T-RSP821","1010","0.50","1",
"T-RSP822","1010","0.50","1",
"T-RSP823","1010","0.50","1",
"T-RSP824","1010","0.50","1",
"T-RSP825","1010","0.50","1",
"T-RSP826","1010","0.50","1",
"T-RSP827","1010","0.50","1",
"T-RSP828","1010","0.50","1",
"T-RSP829","1010","0.50","1",
"T-RSP830","1010","0.50","1",
"T-RSP831","1010","0.50","1",
"T-RSP832","1010","0.50","1",
"T-RSP833","1010","0.50","1",
"T-RSP834","1010","0.50","1",
"T-RSP835","1010","0.50","1",
"T-RSP836","1010","0.50","1",
"T-RSP837","1010","0.50","1",
"T-RSP838","1010","0.50","1",
"T-RSP839","1010","0.50","1",
"T-RSP840","1010","0.50","1",
"T-RSP841","1010","0.50","1",
"T-RSP842","1010","0.50","1",
"T-RSP843","1010","0.50","1",
"T-RSP844","1010","0.50","1",
"T-RSP845","1010","0.50","1",
"T-RSP846","1010","0.50","1",
"T-RSP847","1010","0.50","1",
"T-RSP848","1010","0.50","1",
"T-RSP849","1010","0.50","1",
"T-RSP850","1010","0.50","1",
"T-RSP851","1010","0.50","1",
"T-RSP852","1010","0.50","1",
"T-RSP853","1010","0.50","1",
"T-RSP854","1010","0.50","1",
"T-RSP855","1010","0.50","1",
"T-RSP856","1010","0.50","1",
"T-RSP857","1010","0.50","1",
"T-RSP858","1010","0.50","1",
"T-RSP859","1010","0.50","1",
"T-RSP860","1010","0.50","1",
"T-RSP861","1010","0.50","1",
"T-RSP862","1010","0.50","1",
"T-RSP863","1010","0.50","1",
"T-RSP864","1010","0.50","1",
"T-RSP865","1010","0.50","1",
"T-RSP866","1010","0.50","1",
"T-RSP867","1010","0.50","1",
"T-RSP868","1010","0.50","1",
"T-RSP869","1010","0.50","1",
"T-RSP870","1010","0.50","1",
"T-RSP871","1010","0.50","1",
"T-RSP872","1010","0.50","1",
"T-RSP873","1010","0.50","1",
"T-RSP874","1010","0.50","1",
"T-RSP875","1010","0.50","1",
"T-RSP876","1010","0.50","1",
"T-RSP877","1010","0.50","1",
"T-RSP878","1010","0.50","1",
"T-RSP879","1010","0.50","1",
"T-RSP880","1010","0.50","1",
"T-RSP881","1010","0.50","1",
"T-RSP882","1010","0.50","1",
"T-RSP883","1010","0.50","1",
"T-RSP884","1010","0.50","1",
"T-RSP885","1010","0.50","1",
"T-RSP886","1010","0.50","1",
"T-RSP887","1010","0.50","1",
"T-RSP888","1010","0.50","1",
"T-RSP889","1010","0.50","1",
"T-RSP890","1010","0.50","1",
"T-RSP891","1010","0.50","1",
"T-RSP892","1010","0.50","1",
"T-RSP893","1010","0.50","1",
"T-RSP894","1010","0.50","1",
"T-RSP895","1010","0.50","1",
"T-RSP896","1010","0.50","1",
"T-RSP897","1010","0.50","1",
"T-RSP898","1010","0.50","1",
"T-RSP899","1010","0.50","1",
"T-S100","1010","29.78","1",
"T-S1000","1010","4728.09","1",
"T-S101","1010","29.78","1",
"T-S102","1010","29.78","1",
"T-S103","1010","29.78","1",
"T-S104","1010","29.78","1",
"T-S105","1010","29.78","1",
"T-S106","1010","29.78","1",
"T-S107","1010","29.78","1",
"T-S108","1010","29.78","1",
"T-S109","1010","29.78","1",
"T-S110","1010","29.78","1",
"T-S111","1010","29.78","1",
"T-S112","1010","29.78","1",
"T-S113","1010","29.78","1",
"T-S114","1010","29.78","1",
"T-S115","1010","29.78","1",
"T-S116","1010","29.78","1",
"T-S117","1010","29.78","1",
"T-S118","1010","29.78","1",
"T-S119","1010","29.78","1",
"T-S120","1010","29.78","1",
"T-S121","1010","29.78","1",
"T-S122","1010","29.78","1",
"T-S123","1010","29.78","1",
"T-S124","1010","29.78","1",
"T-S125","1010","29.78","1",
"T-S126","1010","29.78","1",
"T-S127","1010","29.78","1",
"T-S128","1010","29.78","1",
"T-S129","1010","29.78","1",
"T-S130","1010","29.78","1",
"T-S131","1010","20.39","1",
"T-S132","1010","20.39","1",
"T-S133","1010","20.39","1",
"T-S134","1010","20.39","1",
"T-S135","1010","20.39","1",
"T-S136","1010","20.39","1",
"T-S137","1010","20.39","1",
"T-S138","1010","20.39","1",
"T-S139","1010","20.39","1",
"T-S140","1010","20.39","1",
"T-S141","1010","29.78","1",
"T-S142","1010","29.78","1",
"T-S143","1010","29.78","1",
"T-S144","1010","29.78","1",
"T-S145","1010","29.78","1",
"T-S146","1010","29.78","1",
"T-S147","1010","29.78","1",
"T-S148","1010","29.78","1",
"T-S149","1010","29.78","1",
"T-S150","1010","29.78","1",
"T-S151","1010","29.78","1",
"T-S152","1010","29.78","1",
"T-S153","1010","29.78","1",
"T-S154","1010","29.78","1",
"T-S155","1010","29.78","1",
"T-S156","1010","29.78","1",
"T-S157","1010","29.78","1",
"T-S158","1010","29.78","1",
"T-S159","1010","29.78","1",
"T-S160","1010","29.78","1",
"T-S161","1010","29.78","1",
"T-S162","1010","29.78","1",
"T-S163","1010","29.78","1",
"T-S164","1010","29.78","1",
"T-S165","1010","29.78","1",
"T-S166","1010","29.78","1",
"T-S167","1010","29.78","1",
"T-S168","1010","29.78","1",
"T-S169","1010","29.78","1",
"T-S170","1010","29.78","1",
"T-S171","1010","29.78","1",
"T-S172","1010","29.78","1",
"T-S173","1010","29.78","1",
"T-S174","1010","29.78","1",
"T-S175","1010","29.78","1",
"T-S176","1010","29.78","1",
"T-S177","1010","29.78","1",
"T-S178","1010","29.78","1",
"T-S179","1010","29.78","1",
"T-S180","1010","29.78","1",
"T-S181","1010","29.78","1",
"T-S182","1010","29.78","1",
"T-S183","1010","29.78","1",
"T-S184","1010","29.78","1",
"T-S185","1010","29.78","1",
"T-S186","1010","29.78","1",
"T-S187","1010","29.78","1",
"T-S188","1010","29.78","1",
"T-S189","1010","29.78","1",
"T-S190","1010","29.78","1",
"T-S191","1010","29.78","1",
"T-S192","1010","29.78","1",
"T-S193","1010","29.78","1",
"T-S194","1010","29.78","1",
"T-S195","1010","29.78","1",
"T-S196","1010","29.78","1",
"T-S197","1010","29.78","1",
"T-S198","1010","29.78","1",
"T-S199","1010","29.78","1",
"T-S200","1010","29.09","1",
"T-S201","1010","29.09","1",
"T-S202","1010","29.09","1",
"T-S203","1010","29.09","1",
"T-S204","1010","29.09","1",
"T-S205","1010","29.09","1",
"T-S206","1010","29.09","1",
"T-S207","1010","29.09","1",
"T-S208","1010","29.09","1",
"T-S209","1010","29.09","1",
"T-S210","1010","29.09","1",
"T-S211","1010","29.09","1",
"T-S212","1010","29.09","1",
"T-S213","1010","29.09","1",
"T-S214","1010","29.09","1",
"T-S215","1010","29.09","1",
"T-S216","1010","29.09","1",
"T-S217","1010","29.09","1",
"T-S218","1010","29.09","1",
"T-S219","1010","29.09","1",
"T-S220","1010","29.09","1",
"T-S221","1010","29.09","1",
"T-S222","1010","29.09","1",
"T-S223","1010","29.09","1",
"T-S224","1010","29.09","1",
"T-S225","1010","29.09","1",
"T-S226","1010","29.09","1",
"T-S227","1010","29.09","1",
"T-S228","1010","29.09","1",
"T-S229","1010","29.09","1",
"T-S230","1010","29.09","1",
"T-S231","1010","19.72","1",
"T-S232","1010","19.72","1",
"T-S233","1010","19.72","1",
"T-S234","1010","19.72","1",
"T-S235","1010","19.72","1",
"T-S236","1010","19.72","1",
"T-S237","1010","19.72","1",
"T-S238","1010","19.72","1",
"T-S239","1010","19.72","1",
"T-S240","1010","19.72","1",
"T-S241","1010","29.09","1",
"T-S242","1010","29.09","1",
"T-S243","1010","29.09","1",
"T-S244","1010","29.09","1",
"T-S245","1010","29.09","1",
"T-S246","1010","29.09","1",
"T-S247","1010","29.09","1",
"T-S248","1010","29.09","1",
"T-S249","1010","29.09","1",
"T-S250","1010","29.09","1",
"T-S251","1010","29.09","1",
"T-S252","1010","29.09","1",
"T-S253","1010","29.09","1",
"T-S254","1010","29.09","1",
"T-S255","1010","29.09","1",
"T-S256","1010","29.09","1",
"T-S257","1010","29.09","1",
"T-S258","1010","29.09","1",
"T-S259","1010","29.09","1",
"T-S260","1010","29.09","1",
"T-S261","1010","29.09","1",
"T-S262","1010","29.09","1",
"T-S263","1010","29.09","1",
"T-S264","1010","29.09","1",
"T-S265","1010","29.09","1",
"T-S266","1010","29.09","1",
"T-S267","1010","29.09","1",
"T-S268","1010","29.09","1",
"T-S269","1010","29.09","1",
"T-S270","1010","29.09","1",
"T-S271","1010","29.09","1",
"T-S272","1010","29.09","1",
"T-S273","1010","29.09","1",
"T-S274","1010","29.09","1",
"T-S275","1010","29.09","1",
"T-S276","1010","29.09","1",
"T-S277","1010","29.09","1",
"T-S278","1010","29.09","1",
"T-S279","1010","29.09","1",
"T-S280","1010","29.09","1",
"T-S281","1010","29.09","1",
"T-S282","1010","29.09","1",
"T-S283","1010","29.09","1",
"T-S284","1010","29.09","1",
"T-S285","1010","29.09","1",
"T-S286","1010","29.09","1",
"T-S287","1010","29.09","1",
"T-S288","1010","29.09","1",
"T-S289","1010","29.09","1",
"T-S290","1010","29.09","1",
"T-S291","1010","29.09","1",
"T-S292","1010","29.09","1",
"T-S293","1010","29.09","1",
"T-S294","1010","29.09","1",
"T-S295","1010","29.09","1",
"T-S296","1010","29.09","1",
"T-S297","1010","29.09","1",
"T-S298","1010","29.09","1",
"T-S299","1010","29.09","1",
"T-S401","1010","13.50","1",
"T-S402","1010","13.50","1",
"T-SPC100","1010","2882.40","1000",
"T-SPC101","1010","2882.40","1000",
"T-SPC102","1010","2882.40","1000",
"T-SPC103","1010","2882.40","1000",
"T-SPC104","1010","2882.40","1000",
"T-SPC105","1010","2882.40","1000",
"T-SPC106","1010","2882.40","1000",
"T-SPC107","1010","2882.40","1000",
"T-SPC108","1010","2882.40","1000",
"T-SPC109","1010","2882.40","1000",
"T-SPC110","1010","2882.40","1000",
"T-SPC111","1010","2882.40","1000",
"T-SPC112","1010","2882.40","1000",
"T-SPC113","1010","2882.40","1000",
"T-SPC114","1010","2882.40","1000",
"T-SPC115","1010","2882.40","1000",
"T-SPC116","1010","2882.40","1000",
"T-SPC117","1010","2882.40","1000",
"T-SPC118","1010","2882.40","1000",
"T-SPC119","1010","2882.40","1000",
"T-SPC120","1010","2882.40","1000",
"T-SPC121","1010","2882.40","1000",
"T-SPC122","1010","2882.40","1000",
"T-SPC123","1010","2882.40","1000",
"T-SPC124","1010","2882.40","1000",
"T-SPC125","1010","2882.40","1000",
"T-SPC126","1010","2882.40","1000",
"T-SPC127","1010","2882.40","1000",
"T-SPC128","1010","2882.40","1000",
"T-SPC129","1010","2882.40","1000",
"T-SPC130","1010","2882.40","1000",
"T-SPC131","1010","3135.89","1000",
"T-SPC132","1010","2943.38","1000",
"T-SPC133","1010","2943.38","1000",
"T-SPC134","1010","2943.38","1000",
"T-SPC135","1010","2943.38","1000",
"T-SPC136","1010","2943.38","1000",
"T-SPC137","1010","2943.38","1000",
"T-SPC138","1010","2943.38","1000",
"T-SPC139","1010","2943.38","1000",
"T-SPC140","1010","2943.38","1000",
"T-SPC141","1010","2943.38","1000",
"T-SPC142","1010","2943.38","1000",
"T-SPC143","1010","2943.38","1000",
"T-SPC144","1010","2943.38","1000",
"T-SPC145","1010","2943.38","1000",
"T-SPC146","1010","2943.38","1000",
"T-SPC147","1010","2943.38","1000",
"T-SPC148","1010","2943.38","1000",
"T-SPC149","1010","2943.38","1000",
"T-SPC150","1010","2943.38","1000",
"T-SPC151","1010","2943.38","1000",
"T-SPC152","1010","2943.38","1000",
"T-SPC153","1010","2943.38","1000",
"T-SPC154","1010","2943.38","1000",
"T-SPC155","1010","2943.38","1000",
"T-SPC156","1010","2943.38","1000",
"T-SPC157","1010","2943.38","1000",
"T-SPC158","1010","2943.38","1000",
"T-SPC159","1010","2943.38","1000",
"T-SPC160","1010","2943.38","1000",
"T-SPC161","1010","2943.38","1000",
"T-SPC162","1010","2943.38","1000",
"T-SPC163","1010","2943.38","1000",
"T-SPC164","1010","2943.38","1000",
"T-SPC165","1010","2943.38","1000",
"T-SPC166","1010","2943.38","1000",
"T-SPC167","1010","2943.38","1000",
"T-SPC168","1010","2943.38","1000",
"T-SPC169","1010","2943.38","1000",
"T-SPC170","1010","2943.38","1000",
"T-SPC171","1010","2943.38","1000",
"T-SPC172","1010","2943.38","1000",
"T-SPC173","1010","2943.38","1000",
"T-SPC174","1010","2943.38","1000",
"T-SPC175","1010","2943.38","1000",
"T-SPC176","1010","2943.38","1000",
"T-SPC177","1010","2943.38","1000",
"T-SPC178","1010","2943.38","1000",
"T-SPC179","1010","2943.38","1000",
"T-SPC180","1010","2943.38","1000",
"T-SPC181","1010","2943.38","1000",
"T-SPC182","1010","2943.38","1000",
"T-SPC183","1010","2943.38","1000",
"T-SPC184","1010","2943.38","1000",
"T-SPC185","1010","2943.38","1000",
"T-SPC186","1010","2943.38","1000",
"T-SPC187","1010","2943.38","1000",
"T-SPC188","1010","2943.38","1000",
"T-SPC189","1010","2943.38","1000",
"T-SPC190","1010","2943.38","1000",
"T-SPC191","1010","2943.38","1000",
"T-SPC192","1010","2943.38","1000",
"T-SPC193","1010","2943.38","1000",
"T-SPC194","1010","2943.38","1000",
"T-SPC195","1010","2943.38","1000",
"T-SPC196","1010","2943.38","1000",
"T-SPC197","1010","2943.38","1000",
"T-SPC198","1010","2943.38","1000",
"T-SPC199","1010","2943.38","1000",
"T-SPC200","1010","8.50","1",
"T-SPC201","1010","8.50","1",
"T-SPC202","1010","8.50","1",
"T-SPC203","1010","8.50","1",
"T-SPC204","1010","8.50","1",
"T-SPC205","1010","8.50","1",
"T-SPC206","1010","8.50","1",
"T-SPC207","1010","8.50","1",
"T-SPC208","1010","8.50","1",
"T-SPC209","1010","8.50","1",
"T-SPC210","1010","8.50","1",
"T-SPC211","1010","8.50","1",
"T-SPC212","1010","8.50","1",
"T-SPC213","1010","8.50","1",
"T-SPC214","1010","8.50","1",
"T-SPC215","1010","8.50","1",
"T-SPC216","1010","8.50","1",
"T-SPC217","1010","8.50","1",
"T-SPC218","1010","8.50","1",
"T-SPC219","1010","8.50","1",
"T-SPC220","1010","8.50","1",
"T-SPC221","1010","8.50","1",
"T-SPC222","1010","8.50","1",
"T-SPC223","1010","8.50","1",
"T-SPC224","1010","8.50","1",
"T-SPC225","1010","8.50","1",
"T-SPC226","1010","8.50","1",
"T-SPC227","1010","8.50","1",
"T-SPC228","1010","8.50","1",
"T-SPC229","1010","8.50","1",
"T-SPC230","1010","8.50","1",
"T-SPC231","1010","9.34","1",
"T-SPC232","1010","8.50","1",
"T-SPC233","1010","8.50","1",
"T-SPC234","1010","8.50","1",
"T-SPC235","1010","8.50","1",
"T-SPC236","1010","8.50","1",
"T-SPC237","1010","8.50","1",
"T-SPC238","1010","8.50","1",
"T-SPC239","1010","8.50","1",
"T-SPC240","1010","8.50","1",
"T-SPC241","1010","8.50","1",
"T-SPC242","1010","8.50","1",
"T-SPC243","1010","8.50","1",
"T-SPC244","1010","8.50","1",
"T-SPC245","1010","8.50","1",
"T-SPC246","1010","8.50","1",
"T-SPC247","1010","8.50","1",
"T-SPC248","1010","8.50","1",
"T-SPC249","1010","8.50","1",
"T-SPC250","1010","8.50","1",
"T-SPC251","1010","8.50","1",
"T-SPC252","1010","8.50","1",
"T-SPC253","1010","8.50","1",
"T-SPC254","1010","8.50","1",
"T-SPC255","1010","8.50","1",
"T-SPC256","1010","8.50","1",
"T-SPC257","1010","8.50","1",
"T-SPC258","1010","8.50","1",
"T-SPC259","1010","8.50","1",
"T-SPC260","1010","8.50","1",
"T-SPC261","1010","8.50","1",
"T-SPC262","1010","8.50","1",
"T-SPC263","1010","8.50","1",
"T-SPC264","1010","8.50","1",
"T-SPC265","1010","8.50","1",
"T-SPC266","1010","8.50","1",
"T-SPC267","1010","8.50","1",
"T-SPC268","1010","8.50","1",
"T-SPC269","1010","8.50","1",
"T-SPC270","1010","8.50","1",
"T-SPC271","1010","8.50","1",
"T-SPC272","1010","8.50","1",
"T-SPC273","1010","8.50","1",
"T-SPC274","1010","8.50","1",
"T-SPC275","1010","8.50","1",
"T-SPC276","1010","8.50","1",
"T-SPC277","1010","8.50","1",
"T-SPC278","1010","8.50","1",
"T-SPC279","1010","8.50","1",
"T-SPC280","1010","8.50","1",
"T-SPC281","1010","8.50","1",
"T-SPC282","1010","8.50","1",
"T-SPC283","1010","8.50","1",
"T-SPC284","1010","8.50","1",
"T-SPC285","1010","8.50","1",
"T-SPC286","1010","8.50","1",
"T-SPC287","1010","8.50","1",
"T-SPC288","1010","8.50","1",
"T-SPC289","1010","8.50","1",
"T-SPC290","1010","8.50","1",
"T-SPC291","1010","8.50","1",
"T-SPC292","1010","8.50","1",
"T-SPC293","1010","8.50","1",
"T-SPC294","1010","8.50","1",
"T-SPC295","1010","8.50","1",
"T-SPC296","1010","8.50","1",
"T-SPC297","1010","8.50","1",
"T-SPC298","1010","8.50","1",
"T-SPC299","1010","8.50","1",
"T-SPP33","1010","1000.00","1",
"T-SPP34","1010","1000.00","1",
"T-SPP35","1010","1000.00","1",
"T-SPP37","1010","1000.00","1",
"T-SPP40","1010","1000.00","1",
"T-SPROT00","1010","43.78","1",
"T-SPROT01","1010","43.78","1",
"T-SPROT02","1010","43.57","1",
"T-SPROT03","1010","43.57","1",
"T-SPROT04","1010","43.78","1",
"T-SPROT05","1010","43.57","1",
"T-SPROT06","1010","43.57","1",
"T-SPROT07","1010","43.57","1",
"T-SPROT08","1010","43.57","1",
"T-SPROT09","1010","43.57","1",
"T-SPROT10","1010","43.57","1",
"T-SPROT11","1010","43.57","1",
"T-SPROT12","1010","43.57","1",
"T-SPROT13","1010","43.57","1",
"T-SPROT14","1010","43.57","1",
"T-SPROT15","1010","43.57","1",
"T-SPROT16","1010","43.57","1",
"T-SPROT17","1010","43.57","1",
"T-SPROT18","1010","43.57","1",
"T-SPROT19","1010","43.57","1",
"T-SPROT20","1010","43.57","1",
"T-SPROT21","1010","43.57","1",
"T-SPROT22","1010","43.78","1",
"T-SPROT23","1010","43.57","1",
"T-SPROT24","1010","43.78","1",
"T-SPROT25","1010","43.57","1",
"T-SPROT26","1010","43.57","1",
"T-SPROT27","1010","43.78","1",
"T-SPROT28","1010","43.57","1",
"T-SPROT29","1010","43.57","1",
"T-SPROT30","1010","43.57","1",
"T-SPT100","1010","2.35","1",
"T-SPT101","1010","2.35","1",
"T-SPT102","1010","2.35","1",
"T-SPT103","1010","2.35","1",
"T-SPT104","1010","2.35","1",
"T-SPT105","1010","2.35","1",
"T-SPT106","1010","2.35","1",
"T-SPT107","1010","2.35","1",
"T-SPT108","1010","2.35","1",
"T-SPT109","1010","2.35","1",
"T-SPT110","1010","2.35","1",
"T-SPT111","1010","2.35","1",
"T-SPT112","1010","2.35","1",
"T-SPT113","1010","2.35","1",
"T-SPT114","1010","2.35","1",
"T-SPT115","1010","2.35","1",
"T-SPT116","1010","2.35","1",
"T-SPT117","1010","2.35","1",
"T-SPT118","1010","2.35","1",
"T-SPT119","1010","2.35","1",
"T-SPT120","1010","2.35","1",
"T-SPT121","1010","2.35","1",
"T-SPT122","1010","2.35","1",
"T-SPT123","1010","2.35","1",
"T-SPT124","1010","2.35","1",
"T-SPT125","1010","2.35","1",
"T-SPT126","1010","2.35","1",
"T-SPT127","1010","2.35","1",
"T-SPT128","1010","2.35","1",
"T-SPT129","1010","2.35","1",
"T-SPT130","1010","2.35","1",
"T-SPT131","1010","2.35","1",
"T-SPT132","1010","2.35","1",
"T-SPT133","1010","2.35","1",
"T-SPT134","1010","2.35","1",
"T-SPT135","1010","2.35","1",
"T-SPT136","1010","2.35","1",
"T-SPT137","1010","2.35","1",
"T-SPT138","1010","2.35","1",
"T-SPT139","1010","2.35","1",
"T-SPT140","1010","2.35","1",
"T-SPT141","1010","2.35","1",
"T-SPT142","1010","2.35","1",
"T-SPT143","1010","2.35","1",
"T-SPT144","1010","2.35","1",
"T-SPT145","1010","2.35","1",
"T-SPT146","1010","2.35","1",
"T-SPT147","1010","2.35","1",
"T-SPT148","1010","2.35","1",
"T-SPT149","1010","2.35","1",
"T-SPT150","1010","2.35","1",
"T-SPT151","1010","2.35","1",
"T-SPT152","1010","2.35","1",
"T-SPT153","1010","2.35","1",
"T-SPT154","1010","2.35","1",
"T-SPT155","1010","2.35","1",
"T-SPT156","1010","2.35","1",
"T-SPT157","1010","2.35","1",
"T-SPT158","1010","2.35","1",
"T-SPT159","1010","2.35","1",
"T-SPT160","1010","2.35","1",
"T-SPT161","1010","2.35","1",
"T-SPT162","1010","2.35","1",
"T-SPT163","1010","2.35","1",
"T-SPT164","1010","2.35","1",
"T-SPT165","1010","2.35","1",
"T-SPT166","1010","2.35","1",
"T-SPT167","1010","2.35","1",
"T-SPT168","1010","2.35","1",
"T-SPT169","1010","2.35","1",
"T-SPT170","1010","2.35","1",
"T-SPT171","1010","2.35","1",
"T-SPT172","1010","2.35","1",
"T-SPT173","1010","2.35","1",
"T-SPT174","1010","2.35","1",
"T-SPT175","1010","2.35","1",
"T-SPT176","1010","2.35","1",
"T-SPT177","1010","2.35","1",
"T-SPT178","1010","2.35","1",
"T-SPT179","1010","2.35","1",
"T-SPT180","1010","2.35","1",
"T-SPT181","1010","2.35","1",
"T-SPT182","1010","2.35","1",
"T-SPT183","1010","2.35","1",
"T-SPT184","1010","2.35","1",
"T-SPT185","1010","2.35","1",
"T-SPT186","1010","2.35","1",
"T-SPT187","1010","2.35","1",
"T-SPT188","1010","2.35","1",
"T-SPT189","1010","2.35","1",
"T-SPT190","1010","2.35","1",
"T-SPT191","1010","2.35","1",
"T-SPT192","1010","2.35","1",
"T-SPT193","1010","2.35","1",
"T-SPT194","1010","2.35","1",
"T-SPT195","1010","2.35","1",
"T-SPT196","1010","2.35","1",
"T-SPT197","1010","2.35","1",
"T-SPT198","1010","2.35","1",
"T-SPT199","1010","2.35","1",
"T-SSP100","1010","44.69","1",
"T-SSP101","1010","44.69","1",
"T-SSP102","1010","44.69","1",
"T-SSP103","1010","44.69","1",
"T-SSP104","1010","44.69","1",
"T-SSP105","1010","44.69","1",
"T-SSP106","1010","44.69","1",
"T-SSP107","1010","44.69","1",
"T-SSP108","1010","44.69","1",
"T-SSP109","1010","44.69","1",
"T-SSP110","1010","44.69","1",
"T-SSP111","1010","44.69","1",
"T-SSP112","1010","44.69","1",
"T-SSP113","1010","44.69","1",
"T-SSP114","1010","44.69","1",
"T-SSP115","1010","44.69","1",
"T-SSP116","1010","44.69","1",
"T-SSP117","1010","44.69","1",
"T-SSP118","1010","44.69","1",
"T-SSP119","1010","44.69","1",
"T-SSP120","1010","44.69","1",
"T-SSP121","1010","44.69","1",
"T-SSP122","1010","44.69","1",
"T-SSP123","1010","44.69","1",
"T-SSP124","1010","44.69","1",
"T-SSP125","1010","44.69","1",
"T-SSP126","1010","44.69","1",
"T-SSP127","1010","44.69","1",
"T-SSP128","1010","44.69","1",
"T-SSP129","1010","44.69","1",
"T-SSP130","1010","44.69","1",
"T-SSP131","1010","44.69","1",
"T-SSP132","1010","44.69","1",
"T-SSP133","1010","44.69","1",
"T-SSP134","1010","44.69","1",
"T-SSP135","1010","44.69","1",
"T-SSP136","1010","44.69","1",
"T-SSP137","1010","44.69","1",
"T-SSP138","1010","44.69","1",
"T-SSP139","1010","44.69","1",
"T-SSP140","1010","44.69","1",
"T-SSP141","1010","44.69","1",
"T-SSP142","1010","44.69","1",
"T-SSP143","1010","44.69","1",
"T-SSP144","1010","44.69","1",
"T-SSP145","1010","44.69","1",
"T-SSP146","1010","44.69","1",
"T-SSP147","1010","44.69","1",
"T-SSP148","1010","44.69","1",
"T-SSP149","1010","44.69","1",
"T-SSP150","1010","44.69","1",
"T-SSP151","1010","44.69","1",
"T-SSP152","1010","44.69","1",
"T-SSP153","1010","44.69","1",
"T-SSP154","1010","44.69","1",
"T-SSP155","1010","44.69","1",
"T-SSP156","1010","44.69","1",
"T-SSP157","1010","44.69","1",
"T-SSP158","1010","44.69","1",
"T-SSP159","1010","44.69","1",
"T-SSP160","1010","44.69","1",
"T-SSP161","1010","44.69","1",
"T-SSP162","1010","44.69","1",
"T-SSP163","1010","44.69","1",
"T-SSP164","1010","44.69","1",
"T-SSP165","1010","44.69","1",
"T-SSP166","1010","44.69","1",
"T-SSP167","1010","44.69","1",
"T-SSP168","1010","44.69","1",
"T-SSP169","1010","44.69","1",
"T-SSP170","1010","44.69","1",
"T-SSP171","1010","44.69","1",
"T-SSP172","1010","44.69","1",
"T-SSP173","1010","44.69","1",
"T-SSP174","1010","44.69","1",
"T-SSP175","1010","44.69","1",
"T-SSP176","1010","44.69","1",
"T-SSP177","1010","44.69","1",
"T-SSP178","1010","44.69","1",
"T-SSP179","1010","44.69","1",
"T-SSP180","1010","44.69","1",
"T-SSP181","1010","44.69","1",
"T-SSP182","1010","44.69","1",
"T-SSP183","1010","44.69","1",
"T-SSP184","1010","44.69","1",
"T-SSP185","1010","44.69","1",
"T-SSP186","1010","44.69","1",
"T-SSP187","1010","44.69","1",
"T-SSP188","1010","44.69","1",
"T-SSP189","1010","44.69","1",
"T-SSP190","1010","44.69","1",
"T-SSP191","1010","44.69","1",
"T-SSP192","1010","44.69","1",
"T-SSP193","1010","44.69","1",
"T-SSP194","1010","44.69","1",
"T-SSP195","1010","44.69","1",
"T-SSP196","1010","44.69","1",
"T-SSP197","1010","44.69","1",
"T-SSP198","1010","44.69","1",
"T-SSP199","1010","44.69","1",
"T-SSP200","1010","6.25","1",
"T-SSP201","1010","6.25","1",
"T-SSP202","1010","6.25","1",
"T-SSP203","1010","6.25","1",
"T-SSP204","1010","6.25","1",
"T-SSP205","1010","6.25","1",
"T-SSP206","1010","6.25","1",
"T-SSP207","1010","6.25","1",
"T-SSP208","1010","6.25","1",
"T-SSP209","1010","6.25","1",
"T-SSP210","1010","6.25","1",
"T-SSP211","1010","6.25","1",
"T-SSP212","1010","6.25","1",
"T-SSP213","1010","6.25","1",
"T-SSP214","1010","6.25","1",
"T-SSP215","1010","6.25","1",
"T-SSP216","1010","6.25","1",
"T-SSP217","1010","6.25","1",
"T-SSP218","1010","6.25","1",
"T-SSP219","1010","6.25","1",
"T-SSP220","1010","6.25","1",
"T-SSP221","1010","6.25","1",
"T-SSP222","1010","6.25","1",
"T-SSP223","1010","6.25","1",
"T-SSP224","1010","6.25","1",
"T-SSP225","1010","6.25","1",
"T-SSP226","1010","6.25","1",
"T-SSP227","1010","6.25","1",
"T-SSP228","1010","6.25","1",
"T-SSP229","1010","6.25","1",
"T-SSP230","1010","6.25","1",
"T-SSP231","1010","6.25","1",
"T-SSP232","1010","6.25","1",
"T-SSP233","1010","6.25","1",
"T-SSP234","1010","6.25","1",
"T-SSP235","1010","6.25","1",
"T-SSP236","1010","6.25","1",
"T-SSP237","1010","6.25","1",
"T-SSP238","1010","6.25","1",
"T-SSP239","1010","6.25","1",
"T-SSP240","1010","6.25","1",
"T-SSP241","1010","6.25","1",
"T-SSP242","1010","6.25","1",
"T-SSP243","1010","6.25","1",
"T-SSP244","1010","6.25","1",
"T-SSP245","1010","6.25","1",
"T-SSP246","1010","6.25","1",
"T-SSP247","1010","6.25","1",
"T-SSP248","1010","6.25","1",
"T-SSP249","1010","6.25","1",
"T-SSP250","1010","6.25","1",
"T-SSP251","1010","6.25","1",
"T-SSP252","1010","6.25","1",
"T-SSP253","1010","6.25","1",
"T-SSP254","1010","6.25","1",
"T-SSP255","1010","6.25","1",
"T-SSP256","1010","6.25","1",
"T-SSP257","1010","6.25","1",
"T-SSP258","1010","6.25","1",
"T-SSP259","1010","6.25","1",
"T-SSP260","1010","6.25","1",
"T-SSP261","1010","6.25","1",
"T-SSP262","1010","6.25","1",
"T-SSP263","1010","6.25","1",
"T-SSP264","1010","6.25","1",
"T-SSP265","1010","6.25","1",
"T-SSP266","1010","6.25","1",
"T-SSP267","1010","6.25","1",
"T-SSP268","1010","6.25","1",
"T-SSP269","1010","6.25","1",
"T-SSP270","1010","6.25","1",
"T-SSP271","1010","6.25","1",
"T-SSP272","1010","6.25","1",
"T-SSP273","1010","6.25","1",
"T-SSP274","1010","6.25","1",
"T-SSP275","1010","6.25","1",
"T-SSP276","1010","6.25","1",
"T-SSP277","1010","6.25","1",
"T-SSP278","1010","6.25","1",
"T-SSP279","1010","6.25","1",
"T-SSP280","1010","6.25","1",
"T-SSP281","1010","6.25","1",
"T-SSP282","1010","6.25","1",
"T-SSP283","1010","6.25","1",
"T-SSP284","1010","6.25","1",
"T-SSP285","1010","6.25","1",
"T-SSP286","1010","6.25","1",
"T-SSP287","1010","6.25","1",
"T-SSP288","1010","6.25","1",
"T-SSP289","1010","6.25","1",
"T-SSP290","1010","6.25","1",
"T-SSP291","1010","6.25","1",
"T-SSP292","1010","6.25","1",
"T-SSP293","1010","6.25","1",
"T-SSP294","1010","6.25","1",
"T-SSP295","1010","6.25","1",
"T-SSP296","1010","6.25","1",
"T-SSP297","1010","6.25","1",
"T-SSP298","1010","6.25","1",
"T-SSP299","1010","6.25","1",
"T-SSP300","1010","2.36","1",
"T-SSP301","1010","2.36","1",
"T-SSP302","1010","2.36","1",
"T-SSP303","1010","2.36","1",
"T-SSP304","1010","2.36","1",
"T-SSP305","1010","2.36","1",
"T-SSP306","1010","2.36","1",
"T-SSP307","1010","2.36","1",
"T-SSP308","1010","2.36","1",
"T-SSP309","1010","2.36","1",
"T-SSP310","1010","2.36","1",
"T-SSP311","1010","2.36","1",
"T-SSP312","1010","2.36","1",
"T-SSP313","1010","2.36","1",
"T-SSP314","1010","2.36","1",
"T-SSP315","1010","2.36","1",
"T-SSP316","1010","2.36","1",
"T-SSP317","1010","2.36","1",
"T-SSP318","1010","2.36","1",
"T-SSP319","1010","2.36","1",
"T-SSP320","1010","2.36","1",
"T-SSP321","1010","2.36","1",
"T-SSP322","1010","2.36","1",
"T-SSP323","1010","2.36","1",
"T-SSP324","1010","2.36","1",
"T-SSP325","1010","2.36","1",
"T-SSP326","1010","2.36","1",
"T-SSP327","1010","2.36","1",
"T-SSP328","1010","2.36","1",
"T-SSP329","1010","2.36","1",
"T-SSP330","1010","2.36","1",
"T-SSP331","1010","2.36","1",
"T-SSP332","1010","2.36","1",
"T-SSP333","1010","2.36","1",
"T-SSP334","1010","2.36","1",
"T-SSP335","1010","2.36","1",
"T-SSP336","1010","2.36","1",
"T-SSP337","1010","2.36","1",
"T-SSP338","1010","2.36","1",
"T-SSP339","1010","2.36","1",
"T-SSP340","1010","2.36","1",
"T-SSP341","1010","2.36","1",
"T-SSP342","1010","2.36","1",
"T-SSP343","1010","2.36","1",
"T-SSP344","1010","2.36","1",
"T-SSP345","1010","2.36","1",
"T-SSP346","1010","2.36","1",
"T-SSP347","1010","2.36","1",
"T-SSP348","1010","2.36","1",
"T-SSP349","1010","2.36","1",
"T-SSP350","1010","2.36","1",
"T-SSP351","1010","2.36","1",
"T-SSP352","1010","2.36","1",
"T-SSP353","1010","2.36","1",
"T-SSP354","1010","2.36","1",
"T-SSP355","1010","2.36","1",
"T-SSP356","1010","2.36","1",
"T-SSP357","1010","2.36","1",
"T-SSP358","1010","2.36","1",
"T-SSP359","1010","2.36","1",
"T-SSP360","1010","2.36","1",
"T-SSP361","1010","2.36","1",
"T-SSP362","1010","2.36","1",
"T-SSP363","1010","2.36","1",
"T-SSP364","1010","2.36","1",
"T-SSP365","1010","2.36","1",
"T-SSP366","1010","2.36","1",
"T-SSP367","1010","2.36","1",
"T-SSP368","1010","2.36","1",
"T-SSP369","1010","2.36","1",
"T-SSP370","1010","2.36","1",
"T-SSP371","1010","2.36","1",
"T-SSP372","1010","2.36","1",
"T-SSP373","1010","2.36","1",
"T-SSP374","1010","2.36","1",
"T-SSP375","1010","2.36","1",
"T-SSP376","1010","2.36","1",
"T-SSP377","1010","2.36","1",
"T-SSP378","1010","2.36","1",
"T-SSP379","1010","2.36","1",
"T-SSP380","1010","2.36","1",
"T-SSP381","1010","2.36","1",
"T-SSP382","1010","2.36","1",
"T-SSP383","1010","2.36","1",
"T-SSP384","1010","2.36","1",
"T-SSP385","1010","2.36","1",
"T-SSP386","1010","2.36","1",
"T-SSP387","1010","2.36","1",
"T-SSP388","1010","2.36","1",
"T-SSP389","1010","2.36","1",
"T-SSP390","1010","2.36","1",
"T-SSP391","1010","2.36","1",
"T-SSP392","1010","2.36","1",
"T-SSP393","1010","2.36","1",
"T-SSP394","1010","2.36","1",
"T-SSP395","1010","2.36","1",
"T-SSP396","1010","2.36","1",
"T-SSP397","1010","2.36","1",
"T-SSP398","1010","2.36","1",
"T-SSP399","1010","2.36","1",
"T-SSPEWM100","1010","6.50","1",
"T-SSPEWM101","1010","6.50","1",
"T-SSPEWM102","1010","6.50","1",
"T-SSPEWM103","1010","6.50","1",
"T-SSPEWM104","1010","6.50","1",
"T-SSPEWM105","1010","6.50","1",
"T-SSPEWM106","1010","6.50","1",
"T-SSPEWM107","1010","6.50","1",
"T-SSPEWM108","1010","6.50","1",
"T-SSPEWM109","1010","6.50","1",
"T-SSPEWM110","1010","6.50","1",
"T-SSPEWM111","1010","6.50","1",
"T-SSPEWM112","1010","6.50","1",
"T-SSPEWM113","1010","6.50","1",
"T-SSPEWM114","1010","6.50","1",
"T-SSPEWM115","1010","6.50","1",
"T-SSPEWM116","1010","6.50","1",
"T-SSPEWM117","1010","6.50","1",
"T-SSPEWM118","1010","6.50","1",
"T-SSPEWM119","1010","6.50","1",
"T-SSPEWM120","1010","6.50","1",
"T-SSPEWM121","1010","6.50","1",
"T-SSPEWM122","1010","6.50","1",
"T-SSPEWM123","1010","6.50","1",
"T-SSPEWM124","1010","6.50","1",
"T-SSPEWM125","1010","6.50","1",
"T-SSPEWM126","1010","6.50","1",
"T-SSPEWM127","1010","6.50","1",
"T-SSPEWM128","1010","6.50","1",
"T-SSPEWM129","1010","6.50","1",
"T-SSPEWM130","1010","6.50","1",
"T-STABI-00","1010","0.50","1000",
"T-STABI-01","1010","0.50","1000",
"T-STABI-02","1010","0.50","1000",
"T-STABI-03","1010","0.50","1000",
"T-STABI-04","1010","0.50","1000",
"T-STABI-05","1010","0.50","1000",
"T-STABI-06","1010","0.50","1000",
"T-STABI-07","1010","0.50","1000",
"T-STABI-08","1010","0.50","1000",
"T-STABI-09","1010","0.50","1000",
"T-STABI-10","1010","0.50","1000",
"T-STABI-11","1010","0.50","1000",
"T-STABI-12","1010","0.50","1000",
"T-STABI-13","1010","0.50","1000",
"T-STABI-14","1010","0.50","1000",
"T-STABI-15","1010","0.50","1000",
"T-STABI-16","1010","0.50","1000",
"T-STABI-17","1010","0.50","1000",
"T-STABI-18","1010","0.50","1000",
"T-STABI-19","1010","0.50","1000",
"T-STABI-20","1010","0.50","1000",
"T-STABI-21","1010","0.50","1000",
"T-STABI-22","1010","0.50","1000",
"T-STABI-23","1010","0.50","1000",
"T-STABI-24","1010","0.50","1000",
"T-STABI-25","1010","0.50","1000",
"T-STABI-26","1010","0.50","1000",
"T-STABI-27","1010","0.50","1000",
"T-STABI-28","1010","0.50","1000",
"T-STABI-29","1010","0.50","1000",
"T-STABI-30","1010","0.50","1000",
"T-STABI-99","1010","0.50","1000",
"T-STS410","1010","500.00","1",
"T-TM100","1010","0","1",
"T-TRANS-00","1010","6.50","1",
"T-TRANS-01","1010","6.50","1",
"T-TRANS-02","1010","6.50","1",
"T-TRANS-03","1010","6.50","1",
"T-TRANS-04","1010","6.50","1",
"T-TRANS-05","1010","6.50","1",
"T-TRANS-06","1010","6.50","1",
"T-TRANS-07","1010","6.50","1",
"T-TRANS-08","1010","6.50","1",
"T-TRANS-09","1010","6.50","1",
"T-TRANS-10","1010","6.50","1",
"T-TRANS-11","1010","6.50","1",
"T-TRANS-12","1010","6.50","1",
"T-TRANS-13","1010","6.50","1",
"T-TRANS-14","1010","6.50","1",
"T-TRANS-15","1010","6.50","1",
"T-TRANS-16","1010","6.50","1",
"T-TRANS-17","1010","6.50","1",
"T-TRANS-18","1010","6.50","1",
"T-TRANS-19","1010","6.50","1",
"T-TRANS-20","1010","6.50","1",
"T-TRANS-21","1010","6.50","1",
"T-TRANS-22","1010","6.50","1",
"T-TRANS-23","1010","6.50","1",
"T-TRANS-24","1010","6.50","1",
"T-TRANS-25","1010","6.50","1",
"T-TRANS-26","1010","6.50","1",
"T-TRANS-27","1010","6.50","1",
"T-TRANS-28","1010","6.50","1",
"T-TRANS-29","1010","6.50","1",
"T-TRANS-30","1010","6.50","1",
"T-TRANS-31","1010","6.50","1",
"T-TRANS-32","1010","6.50","1",
"T-TRANS-33","1010","6.50","1",
"T-TRANS-34","1010","6.50","1",
"T-TRANS-35","1010","6.50","1",
"T-TRANS-36","1010","6.50","1",
"T-TRANS-37","1010","6.50","1",
"T-TRANS-38","1010","6.50","1",
"T-TRANS-39","1010","6.50","1",
"T-TRANS-40","1010","6.50","1",
"T-TRANS-41","1010","6.50","1",
"T-TRANS-42","1010","6.50","1",
"T-TRANS-43","1010","6.50","1",
"T-TRANS-44","1010","6.50","1",
"T-TRANS-45","1010","6.50","1",
"T-TRANS-46","1010","6.50","1",
"T-TRANS-47","1010","6.50","1",
"T-TRANS-48","1010","6.50","1",
"T-TRANS-49","1010","6.50","1",
"T-TRANS-50","1010","6.50","1",
"T-TRANS-51","1010","6.50","1",
"T-TRANS-52","1010","6.50","1",
"T-TRANS-53","1010","6.50","1",
"T-TRANS-54","1010","6.50","1",
"T-TRANS-55","1010","6.50","1",
"T-TRANS-56","1010","6.50","1",
"T-TRANS-57","1010","6.50","1",
"T-TRANS-58","1010","6.50","1",
"T-TRANS-59","1010","6.50","1",
"T-TRANS-60","1010","6.50","1",
"T-TRANS-61","1010","6.50","1",
"T-TRANS-62","1010","6.50","1",
"T-TRANS-63","1010","6.50","1",
"T-TRANS-64","1010","6.50","1",
"T-TRANS-65","1010","6.50","1",
"T-TRANS-66","1010","6.50","1",
"T-TRANS-67","1010","6.50","1",
"T-TRANS-68","1010","6.50","1",
"T-TRANS-69","1010","6.50","1",
"T-TRANS-70","1010","6.50","1",
"T-TRANS-71","1010","6.50","1",
"T-TRANS-72","1010","6.50","1",
"T-TRANS-73","1010","6.50","1",
"T-TRANS-74","1010","6.50","1",
"T-TRANS-75","1010","6.50","1",
"T-TRANS-76","1010","6.50","1",
"T-TRANS-77","1010","6.50","1",
"T-TRANS-78","1010","6.50","1",
"T-TRANS-79","1010","6.50","1",
"T-TRANS-80","1010","6.50","1",
"T-TRANS-81","1010","6.50","1",
"T-TRANS-82","1010","6.50","1",
"T-TRANS-83","1010","6.50","1",
"T-TRANS-84","1010","6.50","1",
"T-TRANS-85","1010","6.50","1",
"T-TRANS-86","1010","6.50","1",
"T-TRANS-87","1010","6.50","1",
"T-TRANS-88","1010","6.50","1",
"T-TRANS-89","1010","6.50","1",
"T-TRANS-90","1010","6.50","1",
"T-TRANS-91","1010","6.50","1",
"T-TRANS-92","1010","6.50","1",
"T-TRANS-93","1010","6.50","1",
"T-TRANS-94","1010","6.50","1",
"T-TRANS-95","1010","6.50","1",
"T-TRANS-96","1010","6.50","1",
"T-TRANS-97","1010","6.50","1",
"T-TRANS-98","1010","6.50","1",
"T-TRANS-99","1010","6.50","1",
"T-UB100","1010","250.00","1",
"T-UB200","1010","16.89","1",
"T-UB300","1010","16.89","1",
"T-UB400","1010","16.89","1",
"T-UX100","1010","540.00","1",
"T-ZB199","1010","52.91","1",
"T-ZB299","1010","52.91","1",
"T-ZB399","1010","52.91","1",
"T-ZF199","1010","52.91","1",
"T-ZF299","1010","52.91","1",
"T-ZF399","1010","52.91","1",
"T-ZL100","1010","10187.58","1",
"T-ZL200","1010","507.94","1",
"T-ZL300","1010","4427.26","1",
"T-ZL400","1010","7677.56","1",
"T-ZL500","1010","8761.82","1",
"T-ZL600","1010","3548.10","1",
"T-ZL700","1010","2753.12","1",
"T-ZL800","1010","635.82","1",
"TG0001","1010","1.00","1",
"TG0011","1010","20.00","1",
"TG0012","1010","30.00","1",
"TG10","1010","13.00","1",
"TG11","1010","13.50","1",
"TG12","1010","13.50","1",
"TG13","1010","13.00","1",
"TG14","1010","13.50","1",
"TG20","1010","13.50","1",
"TG21","1010","13.50","1",
"TG22","1010","13.50","1",
"TM-MAT-01","1010","145.20","1",
"TM-MAT-02","1010","145.20","1",
"TM-MAT-03","1010","145.20","1",
"TM-MAT-P1","1010","14.20","1",
"TM-MAT-P2","1010","14.20","1",
"TM-MAT-V1","1010","0","1",
"TR-SP100","1010","1500.00","1",
"TR-SP200","1010","1500.00","1",
"TR-SP300","1010","1500.00","1",
"TR-SP400","1010","1500.00","1",
"TRPPO_F_00_01","1010","100.00","1",
"TRPPO_F_00_02","1010","100.00","1",
"TRPPO_F_99_01","1010","100.00","1",
"TRPPO_F_99_02","1010","100.00","1",
"TRPPO_R_00_01","1010","0","1",
"TRPPO_R_00_02","1010","0","1",
"TRPPO_R_99_01","1010","0","1",
"TRPPO_R_99_02","1010","0","1",
"TRPPO_S_00_01","1010","20.00","1",
"TRPPO_S_00_02","1010","20.00","1",
"TRPPO_S_99_01","1010","20.00","1",
"TRPPO_S_99_02","1010","20.00","1",
"X-500-02","1010","0","1",
"Y-FL00","1010","37591.58","1",
"Y-FL01","1010","37591.58","1",
"Y-FL02","1010","37591.58","1",
"Y-FL03","1010","37591.58","1",
"Y-FL04","1010","37591.58","1",
"Y-FL05","1010","37591.58","1",
"Y-FL06","1010","37591.58","1",
"Y-FL07","1010","37591.58","1",
"Y-FL08","1010","37591.58","1",
"Y-FL09","1010","37591.58","1",
"Y-FL10","1010","37591.58","1",
"Y-FL11","1010","0","1",
"Y-FL12","1010","37591.58","1",
"Y-FL13","1010","37591.58","1",
"Y-FL14","1010","37591.58","1",
"Y-FL15","1010","37591.58","1",
"Y-FL16","1010","37591.58","1",
"Y-FL17","1010","37591.58","1",
"Y-FL18","1010","37591.58","1",
"Y-FL19","1010","37591.58","1",
"Y-FL20","1010","37591.58","1",
"Y-FL21","1010","37591.58","1",
"Y-FL22","1010","37591.58","1",
"Y-FL23","1010","37591.58","1",
"Y-FL24","1010","37591.58","1",
"Y-FL25","1010","37591.58","1",
"Y-FL26","1010","37591.58","1",
"Y-FL27","1010","37591.58","1",
"Y-FL28","1010","37591.58","1",
"Y-FL30","1010","37591.58","1",
"Y-FL31","1010","37591.58","1",
"Y-FL32","1010","37591.58","1",
"Y-FL33","1010","37591.58","1",
"Y-FL34","1010","37591.58","1",
"Y-FL35","1010","37591.58","1",
"Y-FL36","1010","37591.58","1",
"Y-FL37","1010","37591.58","1",
"Y-FL38","1010","37591.58","1",
"Y-FL39","1010","37591.58","1",
"Y-FL40","1010","37591.58","1",
"Y-FL41","1010","37591.58","1",
"Y-FL42","1010","37591.58","1",
"Y-FL43","1010","37591.58","1",
"Y-FL44","1010","37591.58","1",
"Y-FL45","1010","37591.58","1",
"Y-FL46","1010","37591.58","1",
"Y-FL47","1010","37591.58","1",
"Y-FL48","1010","37591.58","1",
"Y-FL49","1010","37591.58","1",
"Y-FL50","1010","37591.58","1",
"Y-FL51","1010","37591.58","1",
"Y-FL52","1010","37591.58","1",
"Y-FL53","1010","37591.58","1",
"Y-FL54","1010","37591.58","1",
"Y-FL55","1010","37591.58","1",
"Y-FL56","1010","37591.58","1",
"Y-FL57","1010","37591.58","1",
"Y-FL58","1010","37591.58","1",
"Y-FL59","1010","37591.58","1",
"Y-FL60","1010","37591.58","1",
"Y-FL61","1010","37591.58","1",
"Y-FL62","1010","37591.58","1",
"Y-FL63","1010","37591.58","1",
"Y-FL64","1010","37591.58","1",
"Y-FL65","1010","37591.58","1",
"Y-FL66","1010","37591.58","1",
"Y-FL67","1010","37591.58","1",
"Y-FL68","1010","37591.58","1",
"Y-FL69","1010","37591.58","1",
"Y-FL70","1010","37591.58","1",
"Y-FL71","1010","37591.58","1",
"Y-FL72","1010","37591.58","1",
"Y-FL73","1010","37591.58","1",
"Y-FL74","1010","37591.58","1",
"Y-FL75","1010","37591.58","1",
"Y-FL76","1010","37591.58","1",
"Y-FL77","1010","37591.58","1",
"Y-FL78","1010","37591.58","1",
"Y-FL79","1010","37591.58","1",
"Y-FL80","1010","37591.58","1",
"Y-FL81","1010","37591.58","1",
"Y-FL82","1010","37591.58","1",
"Y-FL83","1010","37591.58","1",
"Y-FL84","1010","37591.58","1",
"Y-FL85","1010","37591.58","1",
"Y-FL86","1010","37591.58","1",
"Y-FL87","1010","37591.58","1",
"Y-FL88","1010","37591.58","1",
"Y-FL89","1010","37591.58","1",
"Y-FL90","1010","37591.58","1",
"Y-FL91","1010","37591.58","1",
"Y-FL92","1010","37591.58","1",
"Y-FL93","1010","37591.58","1",
"Y-FL94","1010","37591.58","1",
"Y-FL95","1010","37591.58","1",
"Y-FL96","1010","37591.58","1",
"Y-FL97","1010","37591.58","1",
"Y-FL98","1010","37591.58","1",
"Y-FL99","1010","37591.58","1",
"Z510-01","1010","2.00","1",
"Z510-02","1010","0","1",
"Z510-03","1010","0","1",
"Z510-04","1010","10.00","1",
"Z510-06","1010","0","1",
"Z510-07","1010","5.00","1",
"Z510-08","1010","0","1",
"Z510-09","1010","0","1",
"Z510-10","1010","0","1",
"Z510-11","1010","0","1",
"Z510-14","1010","0","1",
"Z515-01","1010","0","1",
"Z515-02","1010","0","1",
"Z515-03","1010","510.00","1",
"Z515-04","1010","0","1",
"Z515-05","1010","1.20","1",
